PDV;Classe;Classe Segmentada;SKU;Descrição;Categoria;Subcategoria;Lançamento;Desativação;Histórico de Vendas do Ciclo 202514;Histórico de Vendas do Ciclo 202515;Histórico de Vendas do Ciclo 202516;Histórico de Vendas do Ciclo 202517;Histórico de Vendas do Ciclo 202601;Histórico de Vendas do Ciclo 202602;Histórico de Vendas do Ciclo 202603;Histórico de Vendas do Ciclo 202604;Histórico de Vendas do Ciclo 202605;Histórico de Vendas do Ciclo 202606;Histórico de Vendas do Ciclo 202607;Histórico de Vendas do Ciclo 202608;Histórico de Vendas do Ciclo 202609;Histórico de Vendas do Ciclo 202610;Histórico de Vendas do Ciclo 202611;Histórico de Vendas do Ciclo 202612;Histórico de Vendas do Ciclo 202613;Histórico de Vendas do Ciclo 202614 (atual);Dias sem venda;Projeção Próximo Ciclo;Projeção Próximo Ciclo + 1;Projeção Próximo Ciclo + 2;Desconto Promoção Ciclo Atual;Promoção Ciclo Atual;Desconto Promoção Próximo Ciclo;Promoção Próximo Ciclo;Desconto Promoção Próximo Ciclo + 1;Promoção Próximo Ciclo + 1;Desconto Promoção Próximo Ciclo + 2;Promoção Próximo Ciclo + 2;Foco Ciclo Atual;Foco Próximo Ciclo;Foco Próximo Ciclo + 1;Foco Próximo Ciclo + 2;IAF Ciclo Atual;IAF Próximo Ciclo;IAF Próximo Ciclo + 1;IAF Próximo Ciclo + 2;Estoque Atual;Estoque em Transito;Estoque de Segurança;Pedido Pendente;Compra inteligente semanal;Compra inteligente ciclo atual;Compra inteligente ciclo + 1;Compra inteligente ciclo + 2;Item Crítico;Item Desativado;Data Prevista Regularização;Carteira Bloqueada Para Novos Pedidos;Planograma;Quantidade por caixa;Preço Sell In;Quantidade;Item analisado
13629;C;;52882;ACCORDES CREM HID MAO 50G;CUIDADOS COM A PELE;CUIDADOS COM AS MÃOS;;;0;0;0;0;0;0;0;0;0;0;0;0;0;0;0;1;0;0;40;1;1;1;"11.0
10.0";"Progressiva de itens selecionados, a partir de 2 itens 15% (desconto adicional 5,56%), 3 itens 20% (desconto adicional 11,11%).
Itens selecionados com 10% de desconto direto.";"11.0
10.0";"Progressiva de itens selecionados, a partir de 2 itens 15% (desconto adicional 5,56%), 3 itens 20% (desconto adicional 11,11%).
Itens selecionados com 10% de desconto direto.";"11.0
10.0";"Progressiva de itens selecionados, a partir de 2 itens 15% (desconto adicional 5,56%), 3 itens 20% (desconto adicional 11,11%).
Itens selecionados com 10% de desconto direto.";;;Não;Não;Não;Não;Não;Não;Não;Não;0;0;2;1;1;1;2;3;Sim;Não;Crítico;Não;0;140;13.29;1;Não
13629;C;;87982;ACCORDES DES BDY SPR V7 100ml;DESODORANTES;DESODORANTE FEMININO;;;5;3;12;9;3;0;1;8;8;5;5;3;6;7;7;16;1;1;2;3;3;13;;;;;;;28.0;Franqueado: ressarcimento via BSO. Consumidor/Revendedor: Itens selecionados com até 50% de desconto - Iscas Estratégicas.;Não;Não;Não;Não;Não;Não;Não;Não;8;0;10;0;4;4;7;20;Não;Não;;Não;0;85;13.75;4;Não
13629;B;BA;48141;ACCORDES DES COL 80ml V5;PERFUMARIA;PERFUMARIA FEMININA;;202617;77;4;12;10;21;5;7;30;3;13;5;9;3;29;9;48;40;0;6;6;6;9;;;;;;;;;Não;Não;Não;Não;Não;Não;Não;Não;5;0;14;27;0;0;0;0;Não;Não;;Não;0;41;54.79;0;Não
13629;B;BB;51213;ACCORDES DES COL HARMONIA 80ml V4;PERFUMARIA;PERFUMARIA FEMININA;;202617;31;3;8;22;2;5;0;5;3;4;33;1;6;3;9;17;2;0;9;4;4;8;;;;;;;;;Não;Não;Não;Não;Não;Não;Não;Não;3;0;9;13;0;0;0;8;Não;Não;;Não;0;41;65.09;0;Não
13629;C;;83960;ARBO DES ANTIT AER 75ml V9;DESODORANTES;DESODORANTE MASCULINO;;;3;7;1;17;7;1;1;32;3;5;6;9;8;10;20;0;0;0;51;6;2;14;20.0;Itens selecionados com até 55% de lucro extra.;20.0;Itens selecionados com até 55% de lucro extra.;;;40.0;Franqueado: ressarcimento via BSO. Consumidor/Revendedor: Itens selecionados com até 40% de desconto - Iscas Exaustão.;Não;Não;Não;Não;Não;Não;Não;Não;0;0;9;0;11;11;13;27;Sim;Não;Crítico;Não;0;72;12.68;11;Não
13629;C;;83961;ARBO DES BDY SPR 100ml V6;DESODORANTES;DESODORANTE MASCULINO;;;3;14;30;5;4;24;2;2;3;7;46;8;0;5;29;8;0;0;26;3;3;2;35.0;Revendedor: Ao realizar uma compra no Espaço do Revendedor, inclua um item selecionado de desodorante body spray e ganhe 35,10% de lucro extra na primeira unidade ao utilizar o cupom “TURBINADOVD”. De 49,90 por 24,90. Limitado a 1 unidade por CPF. Cupom não acumulativo com demais ofertas. Exclusivo para pedidos feitos no Espaço do Revendedor. A promoção deve ser informada ao Revendedor apenas no momento em o pedido for finalizado se o item participante ainda não foi adicionado a compra.;35.0;Revendedor: Ao realizar uma compra no Espaço do Revendedor, inclua um item selecionado de desodorante body spray e ganhe 35,10% de lucro extra na primeira unidade ao utilizar o cupom “TURBINADOVD”. De 49,90 por 24,90. Limitado a 1 unidade por CPF. Cupom não acumulativo com demais ofertas. Exclusivo para pedidos feitos no Espaço do Revendedor. A promoção deve ser informada ao Revendedor apenas no momento em o pedido for finalizado se o item participante ainda não foi adicionado a compra.;;;;;Não;Não;Não;Não;Não;Não;Não;Não;0;0;5;15;0;0;0;0;Não;Não;;Não;0;85;16.41;0;Não
13629;B;BA;74438;ARBO DES COL 100ml V4;PERFUMARIA;PERFUMARIA MASCULINA;;;12;6;86;12;11;13;37;18;13;75;11;26;10;13;19;27;41;0;12;10;11;116;35.0;Na compra de itens selecionados de perfumaria arbo no primeiro pedido, ganhe 35% de lucro extra. Limitado a 1 unidade por CPF. Válido para revendedores selecionados.;35.0;Na compra de itens selecionados de perfumaria arbo no primeiro pedido, ganhe 35% de lucro extra. Limitado a 1 unidade por CPF. Válido para revendedores selecionados.;35.0;Na compra de itens selecionados de perfumaria arbo no primeiro pedido, ganhe 35% de lucro extra. Limitado a 1 unidade por CPF. Válido para revendedores selecionados.;30.0;Franqueado: ressarcimento via BSO. Consumidor/Revendedor: Itens selecionados com até 50% de desconto - Iscas Estratégicas.;Não;Não;Não;Sim;Não;Não;Não;Não;0;0;70;40;33;33;44;160;Não;Não;;Não;0;40;53.77;33;Não
13629;B;BC;55366;ARBO DES COL ATLANTICA 100ml;PERFUMARIA;PERFUMARIA MASCULINA;;;3;0;2;19;0;2;13;3;1;10;2;1;9;3;1;0;6;0;4;2;4;13;;;;;25.0;Franqueado: Ressarcimento via BSO. Consumidor/Revendedor: Itens selecionados com até 50% de desconto.;24.0;Franqueado: ressarcimento via BSO. Consumidor/Revendedor: Itens selecionados com até 60% de desconto - Iscas Estratégicas.;Não;Não;Não;Não;Não;Não;Não;Não;37;0;8;0;0;0;0;0;Não;Não;;Não;0;40;52.25;0;Não
13629;C;;74444;ARBO DES COL BOTANIC 100ml V2 RPCK;PERFUMARIA;PERFUMARIA MASCULINA;;;1;4;1;2;0;0;1;18;0;1;1;0;0;6;1;1;4;0;10;5;1;3;35.0;Na compra de Perfumaria Arbo Botanic ganhe 35% de lucro extra na primeira unidade. Válido entre os dias 28/09/26 e 30/09/26.;35.0;Na compra de Perfumaria Arbo Botanic ganhe 35% de lucro extra na primeira unidade. Válido entre os dias 28/09/26 e 30/09/26.;;;;;Não;Não;Não;Não;Não;Não;Não;Não;3;0;4;0;5;5;6;9;Sim;Não;Crítico;Não;0;40;53.77;5;Não
13629;C;;47851;ARBO DES COL FOREST 100ml;PERFUMARIA;PERFUMARIA MASCULINA;;;1;0;0;7;0;0;12;5;0;2;1;0;2;0;0;3;0;0;;4;1;2;35.0;Na compra de Perfumaria Arbo Forest ganhe 35% de lucro extra na primeira unidade. Válido entre os dias 28/09/26 e 30/09/26.;35.0;Na compra de Perfumaria Arbo Forest ganhe 35% de lucro extra na primeira unidade. Válido entre os dias 28/09/26 e 30/09/26.;;;;;Não;Não;Não;Não;Não;Não;Não;Não;3;0;;0;0;0;0;0;Não;Sim;;Não;0;40;48.71;0;Não
13629;B;BC;50651;ARBO DES COL INT 100ml;PERFUMARIA;PERFUMARIA MASCULINA;;;14;5;27;3;21;4;3;2;2;15;0;0;0;0;20;0;1;0;12;2;16;2;;;;;23.0;Franqueado: ressarcimento via BSO. Revendedor: Itens selecionados de Arbo (Intenso) com até 23% de desconto para as regiões COSE/SSP;;;Não;Não;Não;Não;Não;Não;Não;Não;12;0;9;0;0;0;14;16;Não;Não;;Não;0;40;55.0;0;Não
13629;B;BB;52898;ARBO DES COL PURO 100ml;PERFUMARIA;PERFUMARIA MASCULINA;;;3;2;6;1;1;7;1;1;3;13;3;1;1;9;1;16;1;3;2;17;1;3;"23.0
12.0";"Franqueado: ressarcimento via BSO. Consumidor/Revendedor: Itens selecionados de Arbo (Puro) com até 25% de desconto para as regiões COSE/SSP
12% de Lucro Extra em Itens Selecionados de Arbo Perfumarias na compra de 2 ou mais unidades.";"23.0
12.0";"Franqueado: ressarcimento via BSO. Consumidor/Revendedor: Itens selecionados de Arbo (Puro) com até 25% de desconto para as regiões COSE/SSP
12% de Lucro Extra em Itens Selecionados de Arbo Perfumarias na compra de 2 ou mais unidades.";;;;;Não;Não;Não;Não;Não;Não;Não;Não;16;0;6;0;3;4;5;8;Não;Não;;Não;0;40;52.25;3;Não
13629;E;;52896;ARBO DES COL VERDE PRM 10ml;SUPORTE À VENDA;PRM;;202617;0;0;3;0;0;0;0;0;0;0;0;0;0;0;0;0;0;0;;0;0;0;59.0;Lucro Extra de 59,5% em itens selecionados de PRM. Limitado a 10 unidades.;59.0;Lucro Extra de 59,5% em itens selecionados de PRM. Limitado a 10 unidades.;59.0;Lucro Extra de 59,5% em itens selecionados de PRM. Limitado a 10 unidades.;"0.0
0.0
0.0
0.0";"Revendedor Cobre/Bronze/Prata: Passe um pedido de R$600 e ganhe 2 PRMs selecionados. Limitado a 1 conquista por CPF.
Revendedor Ouro/Platina: Passe um pedido de R$800 e ganhe 4 PRMs selecionados. Limitado a 1 conquista por CPF.
Revendedor Rubi/Esmeralda: Passe um pedido de R$1.200 e ganhe 6 PRMs selecionados. Limitado a 1 conquista por CPF.
Revendedor Diamante: Passe um pedido de R$1.500 e ganhe 10 PRMs selecionados. Limitado a 1 conquista por CPF.";Não;Não;Não;Não;Não;Não;Não;Não;0;0;;0;0;0;0;0;Não;Não;;Não;0;450;5.2;0;Não
13629;C;;47411;ARBO NECESS LONA;ACESSÓRIOS;ORGANIZADOR COSTURÁVEL;;202617;0;0;1;0;0;2;0;0;0;1;2;0;0;1;1;0;0;0;67;1;2;1;40.0;Franqueado: Ressarcimento via BSO. Consumidor/Revendedor: Itens selecionados com até 60% de desconto.;40.0;Franqueado: Ressarcimento via BSO. Consumidor/Revendedor: Itens selecionados com até 60% de desconto.;"20.0
20.0";"Franqueado: ressarcimento via BSO. Revendedor: Itens selecionados acessórios com até 20% de desconto.
Compre itens selecionados e ganhe até 35% de lucro extra.";35.0;Itens selecionados com até 60% de lucro extra.;Não;Não;Não;Não;Não;Não;Não;Não;0;0;2;1;1;1;3;4;Não;Não;;Não;0;90;24.32;1;Não
13629;C;;57640;ARBO NECESSAIRE PES;ACESSÓRIOS;ORGANIZADOR COSTURÁVEL;;;0;1;0;0;1;0;0;1;0;1;0;1;0;2;4;0;0;1;3;1;1;2;30.0;Franqueado: Ressarcimento via BSO. Consumidor/Revendedor: Itens selecionados com até 60% de desconto.;30.0;Franqueado: Ressarcimento via BSO. Consumidor/Revendedor: Itens selecionados com até 60% de desconto.;20.0;Compre itens selecionados e ganhe até 35% de lucro extra.;18.0;Franqueado: ressarcimento via BSO. Consumidor/Revendedor: Itens selecionados com até 60% de desconto - Iscas Estratégicas.;Não;Não;Não;Não;Não;Não;Não;Não;0;0;2;0;2;2;3;5;Não;Não;;Não;0;120;24.32;2;Não
13629;C;;57210;AU MIGOS PETS BANHO SECO ADULTOS 240ml;CUIDADOS PETS;PETS;;;0;1;14;0;0;0;0;1;1;0;2;0;0;2;1;4;2;0;4;3;1;2;"20.0
19.0";"Itens selecionados de AU MIGOS com 20% de lucro extra.
Franqueado: ressarcimento via BSO. Consumidor/Revendedor: Itens selecionados de Au.Migos com até 20% de desconto.";"20.0
19.0";"Itens selecionados de AU MIGOS com 20% de lucro extra.
Franqueado: ressarcimento via BSO. Consumidor/Revendedor: Itens selecionados de Au.Migos com até 20% de desconto.";;;;;Não;Não;Não;Não;Não;Não;Não;Não;0;0;3;2;2;2;3;5;Não;Não;;Não;0;60;16.79;2;Não
13629;C;;88301;AU MIGOS PETS COL ADULT CHAMEGO 60ml;CUIDADOS PETS;PETS;;;0;0;11;1;2;1;2;7;1;3;1;1;5;1;0;2;3;0;9;2;1;5;20.0;Itens selecionados de AU MIGOS com 20% de lucro extra.;20.0;Itens selecionados de AU MIGOS com 20% de lucro extra.;;;49.0;Franqueado: ressarcimento via BSO. Consumidor/Revendedor: Itens selecionados com até 60% de desconto - Iscas Estratégicas.;Não;Não;Não;Sim;Não;Não;Não;Não;45;0;4;0;0;0;0;0;Não;Não;;Não;0;98;19.89;0;Não
13629;C;;57211;AU MIGOS PETS COL ADULTOS 60ml;CUIDADOS PETS;PETS;;;0;0;5;2;0;2;0;2;2;1;2;2;0;1;1;3;3;0;6;3;1;1;"20.0
19.0";"Itens selecionados de AU MIGOS com 20% de lucro extra.
Franqueado: ressarcimento via BSO. Consumidor/Revendedor: Itens selecionados de Au.Migos com até 20% de desconto.";"20.0
19.0";"Itens selecionados de AU MIGOS com 20% de lucro extra.
Franqueado: ressarcimento via BSO. Consumidor/Revendedor: Itens selecionados de Au.Migos com até 20% de desconto.";;;;;Não;Não;Não;Não;Não;Não;Não;Não;0;1;3;1;2;2;3;4;Não;Não;;Não;0;98;19.89;2;Não
13629;E;;57209;AU MIGOS PETS COL FILHOTES 60ml;CUIDADOS PETS;PETS;;;0;1;7;0;0;1;1;3;0;0;0;0;0;0;0;0;0;0;206;2;1;1;20.0;Itens selecionados de AU MIGOS com 20% de lucro extra.;20.0;Itens selecionados de AU MIGOS com 20% de lucro extra.;;;;;Não;Não;Não;Não;Não;Não;Não;Não;0;0;2;0;2;2;3;4;Não;Não;;Não;0;98;19.89;2;Não
13629;C;;57208;AU MIGOS PETS COND ADULTOS 400ml;CUIDADOS PETS;PETS;;202614;0;0;22;0;0;2;0;1;0;1;0;0;1;0;2;1;0;0;48;2;0;0;20.0;Itens selecionados de AU MIGOS com 20% de lucro extra.;20.0;Itens selecionados de AU MIGOS com 20% de lucro extra.;;;39.0;Franqueado: ressarcimento via BSO. Consumidor/Revendedor: Itens selecionados com até 60% de desconto - Iscas Estratégicas.;Não;Não;Não;Não;Não;Não;Não;Não;1;0;4;1;3;3;3;3;Não;Não;;Não;0;30;19.38;3;Não
13629;C;;58299;AU MIGOS PETS LENCO UMED ADULT 50UN;CUIDADOS PETS;PETS;;;1;0;1;2;0;1;0;5;1;1;2;0;0;3;0;0;0;0;80;7;1;2;"20.0
19.0";"Itens selecionados de AU MIGOS com 20% de lucro extra.
Franqueado: ressarcimento via BSO. Consumidor/Revendedor: Itens selecionados de Au.Migos com até 20% de desconto.";"20.0
19.0";"Itens selecionados de AU MIGOS com 20% de lucro extra.
Franqueado: ressarcimento via BSO. Consumidor/Revendedor: Itens selecionados de Au.Migos com até 20% de desconto.";;;;;Não;Não;Não;Não;Não;Não;Não;Não;47;0;5;0;0;0;0;0;Sim;Não;Crítico;Não;0;24;8.15;0;Não
13629;E;;57206;AU MIGOS PETS LIMP/HID PAT ADULTOS 120ml;CUIDADOS PETS;PETS;;;2;1;3;2;0;2;0;5;0;0;0;0;0;0;0;0;0;0;200;2;1;4;20.0;Itens selecionados de AU MIGOS com 20% de lucro extra.;20.0;Itens selecionados de AU MIGOS com 20% de lucro extra.;;;38.0;Franqueado: ressarcimento via BSO. Consumidor/Revendedor: Itens selecionados com até 60% de desconto - Iscas Estratégicas.;Não;Não;Não;Não;Não;Não;Não;Não;4;0;2;0;0;0;0;4;Não;Não;;Não;0;88;11.95;0;Não
13629;C;;57207;AU MIGOS PETS SHAMP 5/1 ADULTOS 400ml;CUIDADOS PETS;PETS;;;0;3;7;6;1;5;2;1;0;1;2;0;0;0;2;6;3;1;3;4;2;5;20.0;Itens selecionados de AU MIGOS com 20% de lucro extra.;20.0;Itens selecionados de AU MIGOS com 20% de lucro extra.;;;29.0;Franqueado: ressarcimento via BSO. Consumidor/Revendedor: Itens selecionados com até 60% de desconto - Iscas Estratégicas.;Não;Não;Não;Não;Não;Não;Não;Não;0;0;5;3;3;3;5;10;Sim;Não;Crítico;Não;0;30;18.91;3;Não
13629;C;;57750;BOT SUN PR FAC C/C FPS70 A/F C 1.0 40ml;SOLAR;PROTETOR FACIAL COM COR;;;1;0;4;0;2;0;0;1;0;2;1;1;4;0;0;0;2;0;12;1;1;4;;;;;;;29.0;Franqueado: ressarcimento via BSO. Consumidor/Revendedor: Itens selecionados com até 60% de desconto - Iscas Exaustão.;Não;Não;Não;Não;Não;Não;Não;Não;4;0;3;0;0;0;0;4;Não;Não;;Não;0;80;24.43;0;Não
13629;C;;57749;BOT SUN PR FAC C/C FPS70 A/F COR 02 40ml;SOLAR;PROTETOR FACIAL COM COR;;;3;1;18;1;6;3;5;3;0;5;5;3;2;3;2;3;4;0;12;4;4;7;;;;;;;29.0;Franqueado: ressarcimento via BSO. Consumidor/Revendedor: Itens selecionados com até 60% de desconto - Iscas Exaustão.;Não;Não;Não;Não;Não;Não;Não;Não;2;0;7;3;5;5;9;16;Não;Não;;Não;0;80;24.43;5;Não
13629;C;;57758;BOT SUN PR FAC C/C FPS70 A/F COR 03 40ml;SOLAR;PROTETOR FACIAL COM COR;;;4;0;17;0;9;3;2;2;2;3;8;4;10;8;1;4;2;0;12;4;3;10;;;;;;;29.0;Franqueado: ressarcimento via BSO. Consumidor/Revendedor: Itens selecionados com até 60% de desconto - Iscas Estratégicas.;Não;Não;Não;Sim;Não;Não;Não;Não;2;0;8;4;4;5;8;18;Não;Não;;Não;0;80;24.43;4;Não
13629;C;;57759;BOT SUN PR FAC C/C FPS70 A/F COR 04 40ml;SOLAR;PROTETOR FACIAL COM COR;;;2;1;11;4;5;3;5;0;6;1;3;6;2;4;3;1;7;0;12;4;3;7;;;;;;;29.0;Franqueado: ressarcimento via BSO. Consumidor/Revendedor: Itens selecionados com até 60% de desconto - Iscas Exaustão.;Não;Não;Não;Não;Não;Não;Não;Não;0;0;7;4;4;4;7;14;Não;Não;;Não;0;80;24.43;4;Não
13629;C;;57761;BOT SUN PR FAC C/C FPS70 A/F COR 05 40ml;SOLAR;PROTETOR FACIAL COM COR;;;2;2;0;2;5;1;0;0;1;0;1;1;4;0;0;0;2;0;16;1;1;6;;;;;;;29.0;Franqueado: ressarcimento via BSO. Consumidor/Revendedor: Itens selecionados com até 60% de desconto - Iscas Estratégicas.;Não;Não;Não;Não;Não;Não;Não;Não;5;0;4;0;0;0;0;6;Não;Não;;Não;0;80;24.43;0;Não
13629;C;;57764;BOT SUN PR FAC C/C FPS70 A/F COR 06 40ml;SOLAR;PROTETOR FACIAL COM COR;;;3;1;3;1;3;1;0;1;0;0;2;3;1;0;0;0;1;0;19;1;1;5;;;;;;;29.0;Franqueado: ressarcimento via BSO. Consumidor/Revendedor: Itens selecionados com até 60% de desconto - Iscas Estratégicas.;Não;Não;Não;Não;Não;Não;Não;Não;1;0;4;1;2;2;3;8;Não;Não;;Não;0;80;24.43;2;Não
13629;C;;57763;BOT SUN PR FAC C/C FPS70 A/F COR 07 40ml;SOLAR;PROTETOR FACIAL COM COR;;;0;1;1;1;1;1;0;0;1;0;1;1;0;1;0;1;0;0;26;1;1;3;;;;;;;29.0;Franqueado: ressarcimento via BSO. Consumidor/Revendedor: Itens selecionados com até 60% de desconto - Iscas Exaustão.;Não;Não;Não;Não;Não;Não;Não;Não;1;0;3;0;2;2;3;6;Não;Não;;Não;0;80;24.43;2;Não
13629;C;;88910;BOT SUN PR FAC C/C FPS70 ACQ/F C4.5 40ml;SOLAR;PROTETOR FACIAL COM COR;;;0;3;18;1;4;0;0;1;0;1;0;1;4;1;2;4;0;0;27;1;1;9;;;;;;;29.0;Franqueado: ressarcimento via BSO. Consumidor/Revendedor: Itens selecionados com até 60% de desconto - Iscas Estratégicas.;Não;Não;Não;Não;Não;Não;Não;Não;2;0;6;1;3;3;4;13;Não;Não;;Não;0;80;24.43;3;Não
13629;C;;94609;BOT SUN PR SOL FAC FPS70 ULT/FLD V2 40ml;SOLAR;PROTETOR FACIAL;;;10;3;3;1;2;0;2;3;2;2;1;3;3;2;2;6;37;2;3;5;6;4;;;;;"20.0
15.0";"Franqueado: ressarcimento via BSO. Revendedor: Itens selecionados de boti.sun com até 20% de desconto.
Franqueado: ressarcimento via BSO. Revendedor: Compre itens de SOLAR selecionados da linha BOTI.SUN , no mesmo pedido, e ganhe lucro progressivo de acordo com a quantidade: 2 itens: 10% LE, 3 ou mais itens: 15% LE.";;;Não;Não;Não;Não;Não;Não;Não;Não;27;0;9;0;0;0;0;0;Não;Não;;Não;0;80;20.45;0;Não
13629;C;;45557;BOTI APONTADOR CHUMBO;ACESSÓRIOS;FUNCIONAIS MAQUIAGEM;;;7;0;7;3;1;0;1;0;2;1;1;2;0;2;2;4;5;0;5;3;3;4;;;;;;;20.0;Itens selecionados com até 60% de lucro extra.;Não;Não;Não;Não;Não;Não;Não;Não;0;0;5;3;3;3;6;10;Não;Não;;Não;0;320;12.33;3;Não
13629;C;;59132;BOTI BABY COL LUA RPCK 100ml;INFANTIL;PERFUMARIA;;;0;2;14;6;2;4;13;8;35;0;0;7;2;5;0;0;0;0;80;2;2;12;;;;;;;24.0;Franqueado: ressarcimento via BSO. Consumidor/Revendedor: Itens selecionados com até 60% de desconto - Iscas Estratégicas.;Não;Não;Não;Não;Não;Não;Não;Não;0;3;8;1;5;5;7;19;Não;Não;;Não;0;48;27.03;5;Não
13629;B;BB;51802;BOTI BABY COL SOL V2 100ml;INFANTIL;PERFUMARIA;;;14;12;17;12;14;4;11;21;42;77;9;7;8;8;13;18;19;20;2;30;9;12;"16.0
10.0
10.0";"Franqueado: ressarcimento via BSO. Consumidor/Revendedor: Progressiva de itens selecionados de infantil (incluindo os lançamentos: Dr. Botica Porção da Diversão, Next Toy Story e Sophie Pixar). Na compra de 2 itens: 15% (desconto adicional 5,56%) 3 ou mais: 25% (desconto adicional 16,67%).
Revendedor: Compre itens selecionados da linha BOTIBABY, no mesmo pedido, e conquiste LUCRO EXTRA de 10% na compra de 2 ou mais itens.
Franqueado: ressarcimento via BSO. Consumidor/Revendedor: Compre itens selecionados de infantil (incluindo os lançamentos: Dr. Botica Porção da Diversão, Next Toy Story e Sophie Pixar) e ganhe 10% de desconto direto a partir da primeira unidade.";"16.0
10.0
10.0";"Franqueado: ressarcimento via BSO. Consumidor/Revendedor: Progressiva de itens selecionados de infantil (incluindo os lançamentos: Dr. Botica Porção da Diversão, Next Toy Story e Sophie Pixar). Na compra de 2 itens: 15% (desconto adicional 5,56%) 3 ou mais: 25% (desconto adicional 16,67%).
Revendedor: Compre itens selecionados da linha BOTIBABY, no mesmo pedido, e conquiste LUCRO EXTRA de 10% na compra de 2 ou mais itens.
Franqueado: ressarcimento via BSO. Consumidor/Revendedor: Compre itens selecionados de infantil (incluindo os lançamentos: Dr. Botica Porção da Diversão, Next Toy Story e Sophie Pixar) e ganhe 10% de desconto direto a partir da primeira unidade.";;;;;Sim;Sim;Não;Não;Não;Não;Não;Não;1;11;24;26;8;9;18;30;Sim;Não;Crítico;Não;0;48;27.03;8;Não
13629;C;;51808;BOTI BABY COND V2 200ml;INFANTIL;CABELOS;;;0;3;30;9;9;1;8;10;34;20;0;7;5;19;2;8;7;0;12;5;5;25;;;;;;;28.0;Franqueado: ressarcimento via BSO. Consumidor/Revendedor: Itens selecionados com até 50% de desconto - Iscas Estratégicas.;Não;Não;Não;Não;Não;Não;Não;Não;2;6;17;2;10;10;15;40;Não;Não;;Não;0;20;13.15;10;Não
13629;C;;51803;BOTI BABY COND V2 400ml;INFANTIL;CABELOS;;;16;19;7;3;2;5;6;11;16;8;3;7;9;11;6;12;2;4;4;18;6;8;"16.0
10.0
10.0";"Franqueado: ressarcimento via BSO. Consumidor/Revendedor: Progressiva de itens selecionados de infantil (incluindo os lançamentos: Dr. Botica Porção da Diversão, Next Toy Story e Sophie Pixar). Na compra de 2 itens: 15% (desconto adicional 5,56%) 3 ou mais: 25% (desconto adicional 16,67%).
Revendedor: Compre itens selecionados da linha BOTIBABY, no mesmo pedido, e conquiste LUCRO EXTRA de 10% na compra de 2 ou mais itens.
Franqueado: ressarcimento via BSO. Consumidor/Revendedor: Compre itens selecionados de infantil (incluindo os lançamentos: Dr. Botica Porção da Diversão, Next Toy Story e Sophie Pixar) e ganhe 10% de desconto direto a partir da primeira unidade.";"16.0
10.0
10.0";"Franqueado: ressarcimento via BSO. Consumidor/Revendedor: Progressiva de itens selecionados de infantil (incluindo os lançamentos: Dr. Botica Porção da Diversão, Next Toy Story e Sophie Pixar). Na compra de 2 itens: 15% (desconto adicional 5,56%) 3 ou mais: 25% (desconto adicional 16,67%).
Revendedor: Compre itens selecionados da linha BOTIBABY, no mesmo pedido, e conquiste LUCRO EXTRA de 10% na compra de 2 ou mais itens.
Franqueado: ressarcimento via BSO. Consumidor/Revendedor: Compre itens selecionados de infantil (incluindo os lançamentos: Dr. Botica Porção da Diversão, Next Toy Story e Sophie Pixar) e ganhe 10% de desconto direto a partir da primeira unidade.";;;;;Não;Não;Não;Não;Não;Não;Não;Não;9;0;15;0;19;20;26;34;Sim;Não;Crítico;Não;0;30;19.6;19;Não
13629;C;;51805;BOTI BABY CR REPAR 30ml;INFANTIL;CUIDADOS COM O CORPO;;;0;0;2;0;2;0;0;1;1;1;0;2;1;0;0;1;0;0;38;1;1;1;;;;;;;;;Não;Não;Não;Não;Não;Não;Não;Não;1;0;2;0;1;1;2;3;Não;Não;;Não;0;140;20.42;1;Não
13629;C;;59957;BOTI BABY ESPUM BANHO LUA 150ml;INFANTIL;SABONETES;;;0;0;0;0;0;0;0;0;30;7;0;0;0;1;3;1;1;0;13;2;2;10;;;;;;;23.0;Franqueado: ressarcimento via BSO. Consumidor/Revendedor: Itens selecionados com até 60% de desconto - Iscas Estratégicas.;Não;Não;Não;Não;Não;Não;Não;Não;2;8;7;0;0;0;0;10;Não;Não;;Não;0;60;14.7;0;Não
13629;E;;45025;BOTI BABY FRASQ TROCADOR CINZA PES C/A;ACESSÓRIOS;ORGANIZADOR COSTURÁVEL;;;1;0;2;0;0;0;0;0;0;0;0;0;0;0;0;0;0;0;320;2;1;1;30.0;Franqueado: ressarcimento via BSO. Consumidor/Revendedor: Itens selecionados acessórios com até 30% de desconto.;30.0;Franqueado: ressarcimento via BSO. Consumidor/Revendedor: Itens selecionados acessórios com até 30% de desconto.;30.0;Compre itens selecionados e ganhe até 35% de lucro extra.;;;Não;Não;Não;Não;Não;Não;Não;Não;0;0;1;0;2;2;3;4;Não;Não;;Não;0;12;56.02;2;Não
13629;C;;53725;BOTI BABY FRASQUEIRA PURO CUIDADO PES;ACESSÓRIOS;ORGANIZADOR COSTURÁVEL;;;0;0;11;1;0;0;0;0;2;0;0;2;0;0;0;0;0;2;5;2;1;1;25.0;Franqueado: ressarcimento via BSO. Consumidor/Revendedor: Itens selecionados acessórios com até 30% de desconto.;25.0;Franqueado: ressarcimento via BSO. Consumidor/Revendedor: Itens selecionados acessórios com até 30% de desconto.;25.0;Compre itens selecionados e ganhe até 35% de lucro extra.;;;Não;Não;Não;Não;Não;Não;Não;Não;2;0;2;0;1;1;2;3;Não;Não;;Não;0;32;61.82;1;Não
13629;C;;59845;BOTI BABY LOC CPO BNH/POS BNH LUA 200ml;INFANTIL;CUIDADOS COM O CORPO;;;1;4;11;2;15;2;1;6;14;4;0;2;0;1;2;4;19;1;4;3;2;17;;;;;;;24.0;Franqueado: ressarcimento via BSO. Consumidor/Revendedor: Itens selecionados com até 60% de desconto - Iscas Estratégicas.;Não;Não;Não;Não;Não;Não;Não;Não;0;0;10;4;7;7;9;26;Não;Não;;Não;0;20;18.96;7;Não
13629;B;BB;52022;BOTI BABY LOC HID CPO 200ml;INFANTIL;CUIDADOS COM O CORPO;;;7;4;27;7;27;14;7;12;40;39;5;6;8;13;9;10;47;3;4;8;7;46;;;;;;;24.0;Franqueado: ressarcimento via BSO. Consumidor/Revendedor: Itens selecionados com até 60% de desconto - Iscas Estratégicas.;Não;Não;Não;Não;Não;Não;Não;Não;4;3;28;18;9;9;16;62;Não;Não;;Não;0;20;18.97;9;Não
13629;B;BB;52023;BOTI BABY LOC HID CPO 400ml;INFANTIL;CUIDADOS COM O CORPO;;;11;52;34;21;11;20;9;4;35;20;6;13;20;17;11;36;13;20;2;25;8;13;"16.0
10.0
10.0";"Franqueado: ressarcimento via BSO. Consumidor/Revendedor: Progressiva de itens selecionados de infantil (incluindo os lançamentos: Dr. Botica Porção da Diversão, Next Toy Story e Sophie Pixar). Na compra de 2 itens: 15% (desconto adicional 5,56%) 3 ou mais: 25% (desconto adicional 16,67%).
Franqueado: ressarcimento via BSO. Consumidor/Revendedor: Compre itens selecionados de infantil (incluindo os lançamentos: Dr. Botica Porção da Diversão, Next Toy Story e Sophie Pixar) e ganhe 10% de desconto direto a partir da primeira unidade.
Revendedor: Compre itens selecionados da linha BOTIBABY, no mesmo pedido, e conquiste LUCRO EXTRA de 10% na compra de 2 ou mais itens.";"16.0
10.0
10.0";"Franqueado: ressarcimento via BSO. Consumidor/Revendedor: Progressiva de itens selecionados de infantil (incluindo os lançamentos: Dr. Botica Porção da Diversão, Next Toy Story e Sophie Pixar). Na compra de 2 itens: 15% (desconto adicional 5,56%) 3 ou mais: 25% (desconto adicional 16,67%).
Franqueado: ressarcimento via BSO. Consumidor/Revendedor: Compre itens selecionados de infantil (incluindo os lançamentos: Dr. Botica Porção da Diversão, Next Toy Story e Sophie Pixar) e ganhe 10% de desconto direto a partir da primeira unidade.
Revendedor: Compre itens selecionados da linha BOTIBABY, no mesmo pedido, e conquiste LUCRO EXTRA de 10% na compra de 2 ou mais itens.";;;;;Não;Não;Não;Não;Não;Não;Não;Não;36;0;22;0;4;5;13;26;Sim;Não;Crítico;Não;0;30;25.68;4;Não
13629;C;;53726;BOTI BABY MOCHILA MATERNIDADE PES;ACESSÓRIOS;ORGANIZADOR COSTURÁVEL;;;0;0;14;1;0;0;0;2;1;1;0;0;0;0;0;0;0;0;150;1;1;2;40.0;Franqueado: Ressarcimento via BSO. Consumidor/Revendedor: Itens selecionados com até 60% de desconto.;40.0;Franqueado: Ressarcimento via BSO. Consumidor/Revendedor: Itens selecionados com até 60% de desconto.;30.0;Compre itens selecionados e ganhe até 35% de lucro extra.;29.0;Franqueado: ressarcimento via BSO. Consumidor/Revendedor: Itens selecionados com até 60% de desconto - Iscas Estratégicas.;Não;Não;Não;Não;Não;Não;Não;Não;15;0;2;0;0;0;0;0;Não;Não;;Não;0;16;108.21;0;Não
13629;C;;87353;BOTI BABY NANINHA FIDO PES;ACESSÓRIOS;CORPO E BANHO;;;8;0;1;2;0;0;2;2;2;0;2;0;0;1;0;0;1;0;6;7;1;2;25.0;Franqueado: ressarcimento via BSO. Consumidor/Revendedor: Itens selecionados acessórios com até 30% de desconto.;25.0;Franqueado: ressarcimento via BSO. Consumidor/Revendedor: Itens selecionados acessórios com até 30% de desconto.;;;;;Não;Não;Não;Não;Não;Não;Não;Não;0;0;4;2;4;4;5;7;Sim;Não;Crítico;Não;0;100;27.03;4;Não
13629;C;;51801;BOTI BABY SAB LIQ GLIC V2 200ml;INFANTIL;SABONETES;;;8;1;31;9;5;4;2;10;29;49;2;2;3;9;1;10;24;4;3;3;2;20;;;;;;;29.0;Franqueado: ressarcimento via BSO. Consumidor/Revendedor: Itens selecionados com até 50% de desconto - Iscas Estratégicas.;Não;Não;Não;Não;Não;Não;Não;Não;5;0;12;13;0;0;0;18;Não;Não;;Não;0;20;13.65;0;Não
13629;B;BC;52025;BOTI BABY SAB LIQ GLIC V2 400ml;INFANTIL;SABONETES;;;7;74;4;0;3;15;8;6;44;11;7;11;17;7;7;16;2;0;13;15;5;6;"16.0
10.0
10.0";"Franqueado: ressarcimento via BSO. Consumidor/Revendedor: Progressiva de itens selecionados de infantil (incluindo os lançamentos: Dr. Botica Porção da Diversão, Next Toy Story e Sophie Pixar). Na compra de 2 itens: 15% (desconto adicional 5,56%) 3 ou mais: 25% (desconto adicional 16,67%).
Franqueado: ressarcimento via BSO. Consumidor/Revendedor: Compre itens selecionados de infantil (incluindo os lançamentos: Dr. Botica Porção da Diversão, Next Toy Story e Sophie Pixar) e ganhe 10% de desconto direto a partir da primeira unidade.
Revendedor: Compre itens selecionados da linha BOTIBABY, no mesmo pedido, e conquiste LUCRO EXTRA de 10% na compra de 2 ou mais itens.";"16.0
10.0
10.0";"Franqueado: ressarcimento via BSO. Consumidor/Revendedor: Progressiva de itens selecionados de infantil (incluindo os lançamentos: Dr. Botica Porção da Diversão, Next Toy Story e Sophie Pixar). Na compra de 2 itens: 15% (desconto adicional 5,56%) 3 ou mais: 25% (desconto adicional 16,67%).
Franqueado: ressarcimento via BSO. Consumidor/Revendedor: Compre itens selecionados de infantil (incluindo os lançamentos: Dr. Botica Porção da Diversão, Next Toy Story e Sophie Pixar) e ganhe 10% de desconto direto a partir da primeira unidade.
Revendedor: Compre itens selecionados da linha BOTIBABY, no mesmo pedido, e conquiste LUCRO EXTRA de 10% na compra de 2 ou mais itens.";;;;;Não;Não;Não;Não;Não;Não;Não;Não;4;0;12;19;0;0;3;9;Sim;Não;Crítico;Não;0;30;19.15;0;Não
13629;C;;52019;BOTI BABY SHAMP V2 200ml;INFANTIL;CABELOS;;;4;4;25;13;17;2;12;10;27;28;5;15;5;15;1;11;6;0;12;7;6;33;;;;;;;28.0;Franqueado: ressarcimento via BSO. Consumidor/Revendedor: Itens selecionados com até 50% de desconto - Iscas Estratégicas.;Não;Não;Não;Não;Não;Não;Não;Não;3;6;22;4;14;14;20;53;Não;Não;;Não;0;20;12.91;14;Não
13629;C;;52018;BOTI BABY SHAMP V2 400ml;INFANTIL;CABELOS;;;14;26;11;11;11;9;2;7;29;5;2;8;11;14;10;4;1;0;19;14;5;7;"16.0
10.0
10.0";"Franqueado: ressarcimento via BSO. Consumidor/Revendedor: Progressiva de itens selecionados de infantil (incluindo os lançamentos: Dr. Botica Porção da Diversão, Next Toy Story e Sophie Pixar). Na compra de 2 itens: 15% (desconto adicional 5,56%) 3 ou mais: 25% (desconto adicional 16,67%).
Franqueado: ressarcimento via BSO. Consumidor/Revendedor: Compre itens selecionados de infantil (incluindo os lançamentos: Dr. Botica Porção da Diversão, Next Toy Story e Sophie Pixar) e ganhe 10% de desconto direto a partir da primeira unidade.
Revendedor: Compre itens selecionados da linha BOTIBABY, no mesmo pedido, e conquiste LUCRO EXTRA de 10% na compra de 2 ou mais itens.";"16.0
10.0
10.0";"Franqueado: ressarcimento via BSO. Consumidor/Revendedor: Progressiva de itens selecionados de infantil (incluindo os lançamentos: Dr. Botica Porção da Diversão, Next Toy Story e Sophie Pixar). Na compra de 2 itens: 15% (desconto adicional 5,56%) 3 ou mais: 25% (desconto adicional 16,67%).
Franqueado: ressarcimento via BSO. Consumidor/Revendedor: Compre itens selecionados de infantil (incluindo os lançamentos: Dr. Botica Porção da Diversão, Next Toy Story e Sophie Pixar) e ganhe 10% de desconto direto a partir da primeira unidade.
Revendedor: Compre itens selecionados da linha BOTIBABY, no mesmo pedido, e conquiste LUCRO EXTRA de 10% na compra de 2 ou mais itens.";;;;;Não;Não;Não;Não;Não;Não;Não;Não;0;0;13;14;3;4;9;16;Sim;Não;Crítico;Não;0;30;19.79;3;Não
13629;C;;73388;BOTI BABY TOALHA/BANHO PES;ACESSÓRIOS;CORPO E BANHO;;;0;0;0;0;0;0;0;0;20;1;0;2;0;3;2;2;1;0;11;1;1;2;;;;;;;;;Não;Não;Não;Não;Não;Não;Não;Não;0;0;3;2;1;1;2;4;Não;Não;;Não;0;18;46.36;1;Não
13629;E;;86214;BOTI CARTEIRA MASC PU NAT/25;ACESSÓRIOS;ORGANIZADOR COSTURÁVEL;;;0;0;0;0;0;0;0;0;0;0;0;0;0;0;0;0;0;0;0;1;1;1;"50.0
25.0";"Franqueado: Ressarcimento via BSO. Consumidor/Revendedor: Itens selecionados com até 60% de desconto.
Revendedor Rubi/Esmeralda/Diamante: Compre 50 a 99 itens selecionados de Eudora ou Boti/QDB e tenha 15% LE Boti/QDB e 10,20% LE Eudora. Compre 100 a 199 itens selecionados de Eudora ou Boti/QDB e tenha 20% LE Boti/QDB e 13,6% LE Eudora. Compre 200 ou mais itens selecionados de Eudora ou Boti/QDB e tenha 25% LE Boti/QDB e 17% LE Eudora.";"50.0
25.0";"Franqueado: Ressarcimento via BSO. Consumidor/Revendedor: Itens selecionados com até 60% de desconto.
Revendedor Rubi/Esmeralda/Diamante: Compre 50 a 99 itens selecionados de Eudora ou Boti/QDB e tenha 15% LE Boti/QDB e 10,20% LE Eudora. Compre 100 a 199 itens selecionados de Eudora ou Boti/QDB e tenha 20% LE Boti/QDB e 13,6% LE Eudora. Compre 200 ou mais itens selecionados de Eudora ou Boti/QDB e tenha 25% LE Boti/QDB e 17% LE Eudora.";20.0;Compre itens selecionados e ganhe até 35% de lucro extra.;;;Não;Não;Não;Não;Não;Não;Não;Não;0;0;1;0;1;1;2;3;Não;Não;;Não;0;270;23.16;1;Não
13629;C;;56156;BOTI HOME BANDEJA DOLOMITE;ACESSÓRIOS;CASA E DECORAÇÃO;;;0;0;0;0;0;1;0;0;0;3;0;0;0;0;1;0;0;0;52;1;1;2;35.0;Franqueado: Ressarcimento via BSO. Consumidor/Revendedor: Itens selecionados com até 60% de desconto.;35.0;Franqueado: Ressarcimento via BSO. Consumidor/Revendedor: Itens selecionados com até 60% de desconto.;30.0;Compre itens selecionados e ganhe até 35% de lucro extra.;29.0;Franqueado: ressarcimento via BSO. Consumidor/Revendedor: Itens selecionados com até 60% de desconto - Iscas Estratégicas.;Não;Não;Não;Não;Não;Não;Não;Não;1;0;2;0;2;2;3;5;Não;Não;;Não;0;16;46.36;2;Não
13629;C;;54483;BOTI HOME COPO/PRATO VELA DOLOMITE;ACESSÓRIOS;CASA E DECORAÇÃO;;;0;0;4;0;0;1;0;0;1;1;1;0;0;0;2;0;0;0;66;1;1;2;;;;;30.0;Compre itens selecionados e ganhe até 35% de lucro extra.;"27.0
0.0";"Franqueado: ressarcimento via BSO. Consumidor/Revendedor: Itens selecionados com até 60% de desconto - Iscas Estratégicas.
Junte ao menos 5 embalagens de qualquer marca, leve ao Espaço do Revendedor durante o Ciclo 16/2026, utilizando o cupom ""Botirecicla5"" ao fazer um pedido mínimo e ganhe um produto selecionado para vender com 100% de lucro. Promoção não válida para cartuchos.";Não;Não;Não;Não;Não;Não;Não;Não;0;0;2;1;1;1;2;4;Não;Não;;Não;0;48;16.59;1;Não
13629;E;;95002;BOTI LATA VERDE NAT/26 PRM;SUPORTE À VENDA;PRM;202614;;0;0;0;0;0;0;0;0;0;0;0;0;0;0;0;0;0;0;;0;0;0;;;;;;;;;Não;Não;Não;Não;Não;Não;Não;Não;0;0;;0;0;0;0;0;Não;Não;;Não;0;8;7.31;0;Não
13629;E;;56711;BOTI NECESS DIVERTIDAMENTE 2 PES;ACESSÓRIOS;ORGANIZADOR COSTURÁVEL;;;0;0;0;0;0;0;0;0;0;0;0;0;0;0;0;0;0;0;;1;1;1;;;;;25.0;Compre itens selecionados e ganhe até 35% de lucro extra.;;;Não;Não;Não;Não;Não;Não;Não;Não;0;0;;0;0;0;0;0;Não;Sim;;Não;0;80;29.34;0;Não
13629;C;;56579;BOTI NECESS FEM 2/1 PU;ACESSÓRIOS;ORGANIZADOR COSTURÁVEL;;;0;1;6;2;0;0;0;0;0;1;0;0;0;0;0;0;4;0;6;1;1;1;35.0;Itens selecionados com até 55% de lucro extra.;35.0;Itens selecionados com até 55% de lucro extra.;;;20.0;Itens selecionados com até 60% de lucro extra.;Não;Não;Não;Não;Não;Não;Não;Não;0;0;2;1;1;1;2;3;Não;Não;;Não;0;50;30.89;1;Não
13629;C;;56592;BOTI NECESS FEM PREMIUM LONA;ACESSÓRIOS;ORGANIZADOR COSTURÁVEL;;;3;0;9;0;2;0;0;0;0;1;0;0;0;1;1;0;2;0;6;1;1;1;;;;;;;30.0;Itens selecionados com até 60% de lucro extra.;Não;Não;Não;Não;Não;Não;Não;Não;0;0;2;2;0;0;1;2;Não;Não;;Não;0;35;34.76;0;Não
13629;E;;86212;BOTI NECESS MASC PREMIUM PU NAT/25;ACESSÓRIOS;ORGANIZADOR COSTURÁVEL;;;0;0;0;0;0;0;0;0;0;0;0;0;0;0;0;0;0;0;0;1;1;1;"50.0
25.0";"Franqueado: Ressarcimento via BSO. Consumidor/Revendedor: Itens selecionados com até 60% de desconto.
Revendedor Rubi/Esmeralda/Diamante: Compre 50 a 99 itens selecionados de Eudora ou Boti/QDB e tenha 15% LE Boti/QDB e 10,20% LE Eudora. Compre 100 a 199 itens selecionados de Eudora ou Boti/QDB e tenha 20% LE Boti/QDB e 13,6% LE Eudora. Compre 200 ou mais itens selecionados de Eudora ou Boti/QDB e tenha 25% LE Boti/QDB e 17% LE Eudora.";"50.0
25.0";"Franqueado: Ressarcimento via BSO. Consumidor/Revendedor: Itens selecionados com até 60% de desconto.
Revendedor Rubi/Esmeralda/Diamante: Compre 50 a 99 itens selecionados de Eudora ou Boti/QDB e tenha 15% LE Boti/QDB e 10,20% LE Eudora. Compre 100 a 199 itens selecionados de Eudora ou Boti/QDB e tenha 20% LE Boti/QDB e 13,6% LE Eudora. Compre 200 ou mais itens selecionados de Eudora ou Boti/QDB e tenha 25% LE Boti/QDB e 17% LE Eudora.";;;29.0;Franqueado: ressarcimento via BSO. Consumidor/Revendedor: Itens selecionados com até 60% de desconto - Iscas Exaustão.;Não;Não;Não;Não;Não;Não;Não;Não;0;0;1;0;1;1;2;3;Não;Não;;Não;0;45;25.09;1;Não
13629;C;;58139;BOTI NECESS MINI ALG;ACESSÓRIOS;ORGANIZADOR COSTURÁVEL;;;1;0;1;3;0;4;0;3;0;2;0;3;0;2;3;1;2;0;9;1;1;1;;;;;;;;;Não;Não;Não;Não;Não;Não;Não;Não;0;0;2;2;0;0;1;2;Não;Não;;Não;0;110;16.59;0;Não
13629;C;;58138;BOTI NECESS PINK STARS PES;ACESSÓRIOS;ORGANIZADOR COSTURÁVEL;;;6;0;9;1;2;3;2;3;1;4;0;0;2;2;0;4;3;0;10;2;1;5;"28.0
25.0";"Franqueado: Ressarcimento via BSO. Consumidor/Revendedor: Itens selecionados com até 60% de desconto.
Revendedor Rubi/Esmeralda/Diamante: Compre 50 a 99 itens selecionados de Eudora ou Boti/QDB e tenha 15% LE Boti/QDB e 10,20% LE Eudora. Compre 100 a 199 itens selecionados de Eudora ou Boti/QDB e tenha 20% LE Boti/QDB e 13,6% LE Eudora. Compre 200 ou mais itens selecionados de Eudora ou Boti/QDB e tenha 25% LE Boti/QDB e 17% LE Eudora.";"28.0
25.0";"Franqueado: Ressarcimento via BSO. Consumidor/Revendedor: Itens selecionados com até 60% de desconto.
Revendedor Rubi/Esmeralda/Diamante: Compre 50 a 99 itens selecionados de Eudora ou Boti/QDB e tenha 15% LE Boti/QDB e 10,20% LE Eudora. Compre 100 a 199 itens selecionados de Eudora ou Boti/QDB e tenha 20% LE Boti/QDB e 13,6% LE Eudora. Compre 200 ou mais itens selecionados de Eudora ou Boti/QDB e tenha 25% LE Boti/QDB e 17% LE Eudora.";;;28.0;Franqueado: ressarcimento via BSO. Consumidor/Revendedor: Itens selecionados com até 60% de desconto - Iscas Estratégicas.;Não;Não;Não;Não;Não;Não;Não;Não;1;0;4;2;2;2;3;8;Não;Não;;Não;0;80;20.45;2;Não
13629;C;;57639;BOTI NECESS PREMIUM MASC NYLON;ACESSÓRIOS;ORGANIZADOR COSTURÁVEL;;;0;0;5;0;10;0;0;0;0;0;0;2;0;0;25;0;0;1;2;1;1;1;;;;;;;;;Não;Não;Não;Não;Não;Não;Não;Não;14;0;2;0;0;0;0;0;Não;Não;;Não;0;24;34.76;0;Não
13629;E;;56583;BOTI NECESS VERDE/DOURADA ALG;ACESSÓRIOS;ORGANIZADOR COSTURÁVEL;;;6;0;5;0;2;0;6;0;0;0;0;0;0;0;0;0;0;0;;2;2;2;40.0;Franqueado: Ressarcimento via BSO. Consumidor/Revendedor: Itens selecionados com até 60% de desconto.;40.0;Franqueado: Ressarcimento via BSO. Consumidor/Revendedor: Itens selecionados com até 60% de desconto.;30.0;Compre itens selecionados e ganhe até 35% de lucro extra.;29.0;Franqueado: ressarcimento via BSO. Consumidor/Revendedor: Itens selecionados com até 60% de desconto - Iscas Exaustão.;Não;Não;Não;Não;Não;Não;Não;Não;0;0;;0;0;0;0;0;Não;Sim;;Não;0;200;15.43;0;Não
13629;E;;86218;BOTI NECESSAIRE FEM PU NAT/25;ACESSÓRIOS;ORGANIZADOR COSTURÁVEL;;;0;0;0;0;0;0;0;0;0;0;0;0;0;0;0;0;0;0;0;1;1;1;"55.0
25.0";"Franqueado: Ressarcimento via BSO. Consumidor/Revendedor: Itens selecionados com até 60% de desconto.
Revendedor Rubi/Esmeralda/Diamante: Compre 50 a 99 itens selecionados de Eudora ou Boti/QDB e tenha 15% LE Boti/QDB e 10,20% LE Eudora. Compre 100 a 199 itens selecionados de Eudora ou Boti/QDB e tenha 20% LE Boti/QDB e 13,6% LE Eudora. Compre 200 ou mais itens selecionados de Eudora ou Boti/QDB e tenha 25% LE Boti/QDB e 17% LE Eudora.";"55.0
25.0";"Franqueado: Ressarcimento via BSO. Consumidor/Revendedor: Itens selecionados com até 60% de desconto.
Revendedor Rubi/Esmeralda/Diamante: Compre 50 a 99 itens selecionados de Eudora ou Boti/QDB e tenha 15% LE Boti/QDB e 10,20% LE Eudora. Compre 100 a 199 itens selecionados de Eudora ou Boti/QDB e tenha 20% LE Boti/QDB e 13,6% LE Eudora. Compre 200 ou mais itens selecionados de Eudora ou Boti/QDB e tenha 25% LE Boti/QDB e 17% LE Eudora.";20.0;Compre itens selecionados e ganhe até 35% de lucro extra.;;;Não;Não;Não;Não;Não;Não;Não;Não;0;0;1;0;1;1;2;3;Não;Não;;Não;0;50;25.09;1;Não
13629;E;;86220;BOTI NECESSAIRE PES NAT/25;ACESSÓRIOS;ORGANIZADOR COSTURÁVEL;;;0;0;0;0;0;0;0;0;0;0;0;0;0;0;0;0;0;0;0;1;1;1;"55.0
25.0";"Franqueado: Ressarcimento via BSO. Consumidor/Revendedor: Itens selecionados com até 60% de desconto.
Revendedor Rubi/Esmeralda/Diamante: Compre 50 a 99 itens selecionados de Eudora ou Boti/QDB e tenha 15% LE Boti/QDB e 10,20% LE Eudora. Compre 100 a 199 itens selecionados de Eudora ou Boti/QDB e tenha 20% LE Boti/QDB e 13,6% LE Eudora. Compre 200 ou mais itens selecionados de Eudora ou Boti/QDB e tenha 25% LE Boti/QDB e 17% LE Eudora.";"55.0
25.0";"Franqueado: Ressarcimento via BSO. Consumidor/Revendedor: Itens selecionados com até 60% de desconto.
Revendedor Rubi/Esmeralda/Diamante: Compre 50 a 99 itens selecionados de Eudora ou Boti/QDB e tenha 15% LE Boti/QDB e 10,20% LE Eudora. Compre 100 a 199 itens selecionados de Eudora ou Boti/QDB e tenha 20% LE Boti/QDB e 13,6% LE Eudora. Compre 200 ou mais itens selecionados de Eudora ou Boti/QDB e tenha 25% LE Boti/QDB e 17% LE Eudora.";;;29.0;Franqueado: ressarcimento via BSO. Consumidor/Revendedor: Itens selecionados com até 60% de desconto - Iscas Exaustão.;Não;Não;Não;Não;Não;Não;Não;Não;0;0;1;0;1;1;2;3;Não;Não;;Não;0;50;23.16;1;Não
13629;C;;57641;BOTI NECESSAIRE VIAGEM NYLON;ACESSÓRIOS;ORGANIZADOR COSTURÁVEL;;;1;1;5;3;0;0;0;1;1;1;2;1;0;1;2;0;2;0;10;2;4;2;;;;;20.0;Franqueado: ressarcimento via BSO. Revendedor: Itens selecionados acessórios com até 20% de desconto.;30.0;Itens selecionados com até 60% de lucro extra.;Não;Não;Não;Não;Não;Não;Não;Não;0;0;4;0;5;5;9;11;Não;Não;;Não;0;40;29.34;5;Não
13629;E;;86222;BOTI PORTA PERFUME PRETO;ACESSÓRIOS;CORPO E BANHO;202614;;0;0;0;0;0;0;0;0;0;0;0;0;0;0;0;0;0;0;0;9;8;0;;;;;;;;;Não;Não;Não;Não;Não;Não;Não;Não;0;0;;0;6;6;14;14;Não;Não;;Não;0;200;27.03;6;Não
13629;C;;47596;BOTI SUN GEL POS SOL ACQUA GEL 120g;SOLAR;PÓS-SOL;;;5;1;1;4;4;16;0;2;2;1;0;0;0;0;1;1;2;0;18;2;6;3;;;;;"20.0
15.0";"Franqueado: ressarcimento via BSO. Revendedor: Itens selecionados de boti.sun com até 20% de desconto.
Franqueado: ressarcimento via BSO. Revendedor: Compre itens de SOLAR selecionados da linha BOTI.SUN , no mesmo pedido, e ganhe lucro progressivo de acordo com a quantidade: 2 itens: 10% LE, 3 ou mais itens: 15% LE.";;;Não;Não;Não;Não;Não;Não;Não;Não;0;4;8;0;5;5;11;14;Não;Não;;Não;0;80;13.68;5;Não
13629;C;;57731;BOTI SUN PR CP SPR ACQ/FL FPS50 V2 180ml;SOLAR;PROTETOR CORPO;;;1;5;1;1;1;6;0;0;3;2;0;1;0;1;2;4;3;0;13;1;6;2;;;;;"20.0
15.0";"Franqueado: ressarcimento via BSO. Revendedor: Itens selecionados de boti.sun com até 20% de desconto.
Franqueado: ressarcimento via BSO. Revendedor: Compre itens de SOLAR selecionados da linha BOTI.SUN , no mesmo pedido, e ganhe lucro progressivo de acordo com a quantidade: 2 itens: 10% LE, 3 ou mais itens: 15% LE.";;;Não;Não;Não;Não;Não;Não;Não;Não;0;0;7;4;3;3;9;11;Não;Não;;Não;0;48;33.58;3;Não
13629;C;;47598;BOTI SUN PR FAC ANTIOL ACQ FL FPS30 40ml;SOLAR;PROTETOR FACIAL;;;1;2;1;9;3;3;0;0;9;1;2;1;1;0;2;0;1;0;12;2;1;7;;;;;;;29.0;Franqueado: ressarcimento via BSO. Consumidor/Revendedor: Itens selecionados com até 60% de desconto - Iscas Exaustão.;Não;Não;Não;Não;Não;Não;Não;Não;6;0;6;0;1;1;2;9;Não;Não;;Não;0;80;19.11;1;Não
13629;C;;47600;BOTI SUN PR FAC ANTIS ACQ FLD FPS30 40ml;SOLAR;PROTETOR FACIAL;;;2;2;9;3;0;0;0;1;5;0;0;1;0;3;0;0;0;0;83;1;1;2;;;;;;;20.0;Itens selecionados com até 60% de lucro extra.;Não;Não;Não;Não;Não;Não;Não;Não;3;0;3;0;0;0;1;3;Não;Não;;Não;0;84;19.11;0;Não
13629;B;BC;47602;BOTI SUN PR FAC ANTIS ACQ FLD FPS70 40ml;SOLAR;PROTETOR FACIAL;;;5;16;10;1;7;7;7;7;5;8;4;9;2;14;13;8;15;0;5;8;19;12;;;;;"20.0
15.0";"Franqueado: ressarcimento via BSO. Revendedor: Itens selecionados de boti.sun com até 20% de desconto.
Franqueado: ressarcimento via BSO. Revendedor: Compre itens de SOLAR selecionados da linha BOTI.SUN , no mesmo pedido, e ganhe lucro progressivo de acordo com a quantidade: 2 itens: 10% LE, 3 ou mais itens: 15% LE.";;;Não;Não;Não;Não;Não;Não;Não;Não;0;8;23;6;16;15;34;46;Não;Não;;Não;0;80;19.86;16;Não
13629;B;BC;47599;BOTI SUN PROT FAC ANTIOL A/FL FPS70 40ml;SOLAR;PROTETOR FACIAL;;;17;30;6;9;5;11;4;3;9;8;10;13;7;9;7;14;25;0;5;10;37;13;;;;;"20.0
15.0";"Franqueado: ressarcimento via BSO. Revendedor: Itens selecionados de boti.sun com até 20% de desconto.
Franqueado: ressarcimento via BSO. Revendedor: Compre itens de SOLAR selecionados da linha BOTI.SUN , no mesmo pedido, e ganhe lucro progressivo de acordo com a quantidade: 2 itens: 10% LE, 3 ou mais itens: 15% LE.";;;Não;Não;Não;Não;Não;Não;Não;Não;0;4;32;36;1;0;37;50;Sim;Não;Crítico;Não;0;80;24.43;1;Não
13629;C;;50395;BOTI SUN PROT SOL CPO FPS30 200g;SOLAR;PROTETOR CORPO;;;2;3;8;1;8;2;0;2;0;6;0;0;0;0;2;0;2;0;17;1;4;1;33.0;Franqueado: Ressarcimento via BSO. Consumidor/Revendedor: Itens selecionados com até 50% de desconto.;33.0;Franqueado: Ressarcimento via BSO. Consumidor/Revendedor: Itens selecionados com até 50% de desconto.;"20.0
15.0";"Franqueado: ressarcimento via BSO. Revendedor: Itens selecionados de boti.sun com até 20% de desconto.
Franqueado: ressarcimento via BSO. Revendedor: Compre itens de SOLAR selecionados da linha BOTI.SUN , no mesmo pedido, e ganhe lucro progressivo de acordo com a quantidade: 2 itens: 10% LE, 3 ou mais itens: 15% LE.";;;Não;Não;Não;Não;Não;Não;Não;Não;69;0;5;0;0;0;0;0;Não;Não;;Não;0;48;23.01;0;Não
13629;C;;52342;BOTI SUN PROT SOL CPO FPS70 200g;SOLAR;PROTETOR CORPO;;;4;10;10;4;5;1;8;1;4;3;3;3;0;0;4;0;5;1;4;3;11;4;;;;;"20.0
15.0";"Franqueado: ressarcimento via BSO. Revendedor: Itens selecionados de boti.sun com até 20% de desconto.
Franqueado: ressarcimento via BSO. Revendedor: Compre itens de SOLAR selecionados da linha BOTI.SUN , no mesmo pedido, e ganhe lucro progressivo de acordo com a quantidade: 2 itens: 10% LE, 3 ou mais itens: 15% LE.";;;Não;Não;Não;Não;Não;Não;Não;Não;3;0;12;1;11;10;21;25;Sim;Não;Crítico;Não;0;48;30.69;11;Não
13629;C;;86866;BOTI SUN PROT SOL CPO GEL CR FPS50 120g;SOLAR;PROTETOR CORPO;;;0;4;0;1;1;0;0;0;0;1;0;1;0;0;0;0;2;0;12;1;3;2;;;;;"20.0
15.0";"Franqueado: ressarcimento via BSO. Revendedor: Itens selecionados de boti.sun com até 20% de desconto.
Franqueado: ressarcimento via BSO. Revendedor: Compre itens de SOLAR selecionados da linha BOTI.SUN , no mesmo pedido, e ganhe lucro progressivo de acordo com a quantidade: 2 itens: 10% LE, 3 ou mais itens: 15% LE.";;;Não;Não;Não;Não;Não;Não;Não;Não;3;0;4;0;2;2;5;7;Não;Não;;Não;0;80;20.43;2;Não
13629;C;;47963;BOTI SUN PROT SOL CPO GEL CR FPS50 200g;SOLAR;PROTETOR CORPO;;;3;7;1;2;3;0;0;0;0;1;0;0;1;0;1;0;0;0;60;2;18;3;;;;;"20.0
15.0";"Franqueado: ressarcimento via BSO. Revendedor: Itens selecionados de boti.sun com até 20% de desconto.
Franqueado: ressarcimento via BSO. Revendedor: Compre itens de SOLAR selecionados da linha BOTI.SUN , no mesmo pedido, e ganhe lucro progressivo de acordo com a quantidade: 2 itens: 10% LE, 3 ou mais itens: 15% LE.";;;Não;Não;Não;Não;Não;Não;Não;Não;2;0;14;0;13;13;31;34;Não;Não;;Não;0;48;28.11;13;Não
13629;C;;86865;BOTI SUN PROT SOL CPO GEL CR FPS70 120g;SOLAR;PROTETOR CORPO;;;2;3;0;0;5;1;0;2;3;1;0;1;0;2;0;0;9;0;10;1;6;2;;;;;"20.0
15.0";"Franqueado: ressarcimento via BSO. Revendedor: Itens selecionados de boti.sun com até 20% de desconto.
Franqueado: ressarcimento via BSO. Revendedor: Compre itens de SOLAR selecionados da linha BOTI.SUN , no mesmo pedido, e ganhe lucro progressivo de acordo com a quantidade: 2 itens: 10% LE, 3 ou mais itens: 15% LE.";;;Não;Não;Não;Não;Não;Não;Não;Não;1;0;7;2;4;4;10;12;Não;Não;;Não;0;80;23.77;4;Não
13629;C;;50396;BOTI SUN PROT SOL FAC FPS30 ULT FLD 40ml;SOLAR;PROTETOR FACIAL;;;0;0;1;0;1;1;0;1;6;0;0;0;0;0;1;0;0;0;51;1;1;3;;;;;;;29.0;Franqueado: ressarcimento via BSO. Consumidor/Revendedor: Itens selecionados com até 60% de desconto - Iscas Exaustão.;Não;Não;Não;Não;Não;Não;Não;Não;84;0;3;0;0;0;0;0;Não;Não;;Não;0;80;19.67;0;Não
13629;C;;55930;BOTI SUN PROT SOL INF ACQ/FL FPS70 120g;INFANTIL;PROTEÇÃO SOLAR;;;3;7;6;3;2;8;0;2;4;5;2;2;0;2;1;0;0;0;67;1;5;2;;;;;30.0;Consumidor/Revendedor: Compre  BOTI SUN PROT SOL INF ACQUA FLD 120ml e DR BOTICA LOC HID CPO POC DAS NUV 400ml DE: R$ 169,80 POR: R$ 117,90 com -30,56537% de desconto.;;;Não;Não;Não;Não;Não;Não;Não;Não;0;3;6;1;2;2;7;9;Sim;Não;Crítico;Não;0;48;22.34;2;Não
13629;C;;50158;BOTI VAPORIZADOR PERF ALUM;ACESSÓRIOS;CORPO E BANHO;;;3;0;4;0;1;1;1;0;1;0;2;0;1;1;2;0;0;1;6;5;1;1;25.0;Franqueado: ressarcimento via BSO. Consumidor/Revendedor: Itens selecionados acessórios com até 30% de desconto.;25.0;Franqueado: ressarcimento via BSO. Consumidor/Revendedor: Itens selecionados acessórios com até 30% de desconto.;;;30.0;Itens selecionados com até 60% de lucro extra.;Não;Não;Não;Não;Não;Não;Não;Não;1;0;3;1;3;3;4;5;Não;Não;;Não;0;160;22.39;3;Não
13629;C;;88903;BOTICA 214 CR P/P BARB AR/OAS F/AMB 150g;CUIDADOS COM A BARBA;PRÉ-BARBEAR;;202614;0;0;0;0;0;0;0;0;0;0;21;7;0;0;0;0;0;0;;1;0;0;;;;;;;;;Não;Não;Não;Não;Não;Não;Não;Não;0;0;;2;0;0;0;0;Sim;Não;Crítico;Não;0;48;17.58;0;Não
13629;E;;54665;BOTICA 214 EDP AFR/SUNR FG/AM PRM 10ml;SUPORTE À VENDA;PRM;;;0;0;0;0;0;0;0;0;0;0;0;0;0;0;0;0;0;0;;0;0;0;;;;;;;;;Não;Não;Não;Não;Não;Não;Não;Não;0;0;;0;0;0;0;0;Não;Sim;;Não;0;450;6.02;0;Não
13629;B;BB;54657;BOTICA 214 EDP AFRIC/SUNR FLOR/FRUT 75ml;PERFUMARIA;PERFUMARIA FEMININA;;;5;6;46;3;1;12;0;0;3;22;2;2;0;2;5;5;0;1;3;3;3;27;;;;;;;"20.0
10.0";"Franqueado: ressarcimento via BSO. Consumidor/Revendedor: Itens selecionados com até 60% de desconto - Iscas Estratégicas.
Lucro extra de 10% na compra de 2 ou mais unidades de Botica 214 African Sunrise.";Não;Não;Não;Não;Não;Não;Não;Não;27;0;15;0;0;0;0;20;Não;Não;;Não;0;35;73.26;0;Não
13629;C;;54658;BOTICA 214 EDP AFRIC/SUNR FOUG/AMAD 90ml;PERFUMARIA;PERFUMARIA MASCULINA;;;4;3;77;5;2;8;0;0;1;2;2;8;1;2;1;0;2;0;4;2;3;32;;;;;20.0;Franqueado: Ressarcimento via BSO. Consumidor/Revendedor: Itens selecionados com até 50% de desconto.;"20.0
10.0";"Franqueado: ressarcimento via BSO. Consumidor/Revendedor: Itens selecionados com até 60% de desconto - Iscas Estratégicas.
Lucro extra de 10% na compra de 2 ou mais unidades de Botica 214 African Sunrise.";Não;Não;Não;Sim;Não;Não;Não;Não;10;0;16;0;8;8;11;43;Não;Não;;Não;0;40;79.57;8;Não
13629;E;;85646;BOTICA 214 EDP ARAB/OAS FG/AMB PRM 10ml;SUPORTE À VENDA;PRM;;;0;0;0;0;0;0;0;0;0;0;0;0;0;4;1;0;0;0;;0;0;0;;;;;0.0;Em compras acima de R$500,00 ganhe 1 PRM selecionado.;"0.0
0.0
0.0
0.0";"Revendedor Cobre/Bronze/Prata: Passe um pedido de R$600 e ganhe 2 PRMs selecionados. Limitado a 1 conquista por CPF.
Revendedor Ouro/Platina: Passe um pedido de R$800 e ganhe 4 PRMs selecionados. Limitado a 1 conquista por CPF.
Revendedor Rubi/Esmeralda: Passe um pedido de R$1.200 e ganhe 6 PRMs selecionados. Limitado a 1 conquista por CPF.
Revendedor Diamante: Passe um pedido de R$1.500 e ganhe 10 PRMs selecionados. Limitado a 1 conquista por CPF.";Não;Não;Não;Não;Não;Não;Não;Não;0;4;;0;0;0;0;0;Não;Não;;Não;0;450;6.02;0;Não
13629;E;;85647;BOTICA 214 EDP ARAB/OAS FL/FRUT PRM 10ml;SUPORTE À VENDA;PRM;;;0;0;0;0;0;0;0;0;0;0;0;0;8;0;0;1;1;0;;0;0;0;;;;;0.0;Em compras acima de R$500,00 ganhe 1 PRM selecionado.;"0.0
0.0
0.0
0.0";"Revendedor Cobre/Bronze/Prata: Passe um pedido de R$600 e ganhe 2 PRMs selecionados. Limitado a 1 conquista por CPF.
Revendedor Ouro/Platina: Passe um pedido de R$800 e ganhe 4 PRMs selecionados. Limitado a 1 conquista por CPF.
Revendedor Rubi/Esmeralda: Passe um pedido de R$1.200 e ganhe 6 PRMs selecionados. Limitado a 1 conquista por CPF.
Revendedor Diamante: Passe um pedido de R$1.500 e ganhe 10 PRMs selecionados. Limitado a 1 conquista por CPF.";Não;Não;Não;Não;Não;Não;Não;Não;0;20;;0;0;0;0;0;Não;Não;;Não;0;450;5.54;0;Não
13629;A;;85644;BOTICA 214 EDP ARAB/OASIS FLOR/FRUT 75ml;PERFUMARIA;PERFUMARIA FEMININA;;;0;0;0;0;0;0;0;0;0;0;182;129;0;30;11;12;69;3;2;10;4;15;;;;;;;;;Não;Não;Não;Não;Não;Não;Não;Não;21;0;18;35;0;0;0;0;Não;Não;;Não;0;35;73.26;0;Não
13629;A;;85645;BOTICA 214 EDP ARAB/OASIS FOUG/AMB 90ml;PERFUMARIA;PERFUMARIA MASCULINA;;;0;0;0;0;0;0;0;0;0;0;158;120;3;30;27;18;41;8;2;8;4;10;;;;;18.0;Franqueado: Ressarcimento via BSO. Consumidor/Revendedor: Itens selecionados PERFUMARIA e MAQUIAGEM com até 20% de desconto.;;;Não;Não;Não;Não;Não;Não;Não;Não;10;0;14;15;0;0;0;9;Não;Não;;Não;0;40;79.57;0;Não
13629;B;BA;88019;BOTICA 214 EDP DARK MINT V3 90ml;PERFUMARIA;PERFUMARIA MASCULINA;;;0;3;0;2;7;34;0;7;9;14;4;12;0;26;8;17;14;12;2;52;5;9;"20.0
15.0";"Franqueado: ressarcimento via BSO. Consumidor/Revendedor: Itens selecionados de Botica 214 (GOLDEN GARDÊNIA e DARK MINT) com até 20% de desconto para as regiões COSE/SSP
Multiplique seus Lucros em Boticollection e Botica 214 Perfumarias Selecionadas de acordo com a quantidade comprada: 10% de Lucro Extra em 2 unidades e 15% de Lucro Extra em 3 ou mais unidades.";"20.0
15.0";"Franqueado: ressarcimento via BSO. Consumidor/Revendedor: Itens selecionados de Botica 214 (GOLDEN GARDÊNIA e DARK MINT) com até 20% de desconto para as regiões COSE/SSP
Multiplique seus Lucros em Boticollection e Botica 214 Perfumarias Selecionadas de acordo com a quantidade comprada: 10% de Lucro Extra em 2 unidades e 15% de Lucro Extra em 3 ou mais unidades.";;;;;Não;Não;Não;Não;Não;Não;Não;Não;3;0;30;40;7;9;14;23;Não;Não;;Não;0;40;76.97;7;Não
13629;E;;51391;BOTICA 214 EDP FIJ/PAR FLOR/ESP PRM 10ml;SUPORTE À VENDA;PRM;;;0;0;0;0;0;0;0;0;0;0;0;0;0;0;0;0;0;0;;0;0;0;59.0;Lucro Extra de 59,5% em itens selecionados de PRM. Limitado a 10 unidades.;59.0;Lucro Extra de 59,5% em itens selecionados de PRM. Limitado a 10 unidades.;;;;;Não;Não;Não;Não;Não;Não;Não;Não;0;0;;0;0;0;0;0;Não;Sim;;Não;0;450;5.54;0;Não
13629;C;;47553;BOTICA 214 EDP FLOR FRUT VER/FIRENZ 75ml;PERFUMARIA;PERFUMARIA FEMININA;;;3;11;1;2;7;0;0;1;2;1;0;1;1;1;5;2;1;0;12;2;11;4;;;;;"18.0
12.0";"Franqueado: ressarcimento via BSO. Revendedor: Itens selecionados de Botica 214 (VERANO EN FIRENZE) com até 18% de desconto
12% de Lucro Extra na compra do combo de Botica 214 Verano en Firenze Feminino e Masculino.";;;Não;Não;Não;Não;Não;Não;Não;Não;6;1;10;0;4;4;15;19;Não;Não;;Não;0;24;73.26;4;Não
13629;B;BB;88022;BOTICA 214 EDP FOUG/AR V/FIRENZ V2 90ml;PERFUMARIA;PERFUMARIA MASCULINA;;;7;22;9;8;7;2;0;0;15;4;5;12;7;2;0;0;3;0;10;3;15;4;;;;;"18.0
12.0";"Franqueado: ressarcimento via BSO. Revendedor: Itens selecionados de Botica 214 (VERANO EN FIRENZE) com até 18% de desconto
12% de Lucro Extra na compra do combo de Botica 214 Verano en Firenze Feminino e Masculino.";;;Não;Não;Não;Não;Não;Não;Não;Não;8;2;14;1;5;5;20;24;Não;Não;;Não;0;40;79.57;5;Não
13629;B;BA;89261;BOTICA 214 EDP GOLD/GARD V3 75ml;PERFUMARIA;PERFUMARIA FEMININA;;;49;6;25;26;8;4;16;12;9;28;7;13;5;31;9;52;13;4;4;70;7;35;"20.0
15.0";"Franqueado: ressarcimento via BSO. Consumidor/Revendedor: Itens selecionados de Botica 214 (GOLDEN GARDÊNIA e DARK MINT) com até 20% de desconto para as regiões COSE/SSP
Multiplique seus Lucros em Boticollection e Botica 214 Perfumarias Selecionadas de acordo com a quantidade comprada: 10% de Lucro Extra em 2 unidades e 15% de Lucro Extra em 3 ou mais unidades.";"20.0
15.0";"Franqueado: ressarcimento via BSO. Consumidor/Revendedor: Itens selecionados de Botica 214 (GOLDEN GARDÊNIA e DARK MINT) com até 20% de desconto para as regiões COSE/SSP
Multiplique seus Lucros em Boticollection e Botica 214 Perfumarias Selecionadas de acordo com a quantidade comprada: 10% de Lucro Extra em 2 unidades e 15% de Lucro Extra em 3 ou mais unidades.";;;30.0;Franqueado: ressarcimento via BSO. Consumidor/Revendedor: Itens selecionados com até 50% de desconto - Iscas Estratégicas.;Não;Não;Não;Não;Não;Não;Não;Não;15;0;52;8;68;71;78;113;Não;Não;;Não;0;35;70.23;68;Não
13629;B;BC;49353;BOTICA 214 EDP PEON/APRCT 75ml V2;PERFUMARIA;PERFUMARIA FEMININA;;;7;3;21;2;0;4;3;2;3;5;4;2;6;4;2;0;0;0;;4;0;5;;;;;;;;;Não;Não;Não;Não;Não;Não;Não;Não;0;0;;0;0;0;0;0;Não;Sim;;Não;0;24;73.26;0;Não
13629;B;BB;58733;BOTICA 214 EDP SEV/DOR FLOR/FRUT 75ml;PERFUMARIA;PERFUMARIA FEMININA;;;9;1;4;20;2;3;2;15;5;5;22;5;10;1;0;23;0;0;25;3;3;27;;;;;;;25.0;Franqueado: ressarcimento via BSO. Consumidor/Revendedor: Itens selecionados com até 50% de desconto - Iscas Estratégicas.;Não;Não;Não;Não;Não;Não;Não;Não;14;0;15;0;3;3;6;33;Não;Não;;Não;0;35;73.26;3;Não
13629;B;BB;58729;BOTICA 214 EDP SEV/DOR FOUG/AROM 90ml;PERFUMARIA;PERFUMARIA MASCULINA;;;26;2;4;33;6;7;5;14;12;3;23;3;7;0;0;20;3;0;5;10;2;29;18.0;Franqueado: Ressarcimento via BSO. Consumidor/Revendedor: Itens selecionados PERFUMARIA com até 18% de desconto.;18.0;Franqueado: Ressarcimento via BSO. Consumidor/Revendedor: Itens selecionados PERFUMARIA com até 18% de desconto.;;;25.0;Franqueado: ressarcimento via BSO. Consumidor/Revendedor: Itens selecionados com até 50% de desconto - Iscas Estratégicas.;Não;Não;Não;Não;Não;Não;Não;Não;33;0;16;0;0;0;0;21;Não;Não;;Não;0;40;79.57;0;Não
13629;E;;70112;BOTICA 214 LC D/HD SEV/DOR AMOR/25 200ml;CUIDADOS COM A PELE;CUIDADOS COM O CORPO;;;2;0;2;42;5;0;2;9;0;0;0;0;0;0;0;0;0;0;;1;1;1;;;;;;;;;Não;Não;Não;Não;Não;Não;Não;Não;0;0;;0;0;0;0;0;Não;Sim;;Não;0;48;14.52;0;Não
13629;C;;92222;BOTICA 214 LOC D H CP AR/OAS FL/FR 150ml;CUIDADOS COM A PELE;CUIDADOS COM O CORPO;;202614;0;0;0;0;0;0;0;0;0;0;61;11;0;0;0;0;0;0;;2;0;0;;;;;;;;;Não;Não;Não;Não;Não;Não;Não;Não;0;0;;0;0;0;0;0;Não;Sim;;Não;0;48;15.73;0;Não
13629;C;;58123;BOTICARIO NECESSAIRE NYLON;ACESSÓRIOS;ORGANIZADOR COSTURÁVEL;;;0;0;0;2;0;0;0;0;0;0;0;0;1;0;0;0;1;0;11;2;1;1;25.0;Franqueado: ressarcimento via BSO. Consumidor/Revendedor: Itens selecionados acessórios com até 30% de desconto.;25.0;Franqueado: ressarcimento via BSO. Consumidor/Revendedor: Itens selecionados acessórios com até 30% de desconto.;;;;;Não;Não;Não;Não;Não;Não;Não;Não;0;0;2;1;2;2;3;4;Não;Não;;Não;0;100;33.98;2;Não
13629;B;BB;47905;BOTICOLL ACQUA FRESCA DES COL 100ml V2;PERFUMARIA;PERFUMARIA FEMININA;;;6;1;255;0;2;1;2;1;2;6;1;10;4;30;3;9;4;1;3;3;15;26;;;;;40.0;Franqueado: Ressarcimento via BSO. Consumidor/Revendedor: Itens selecionados com até 50% de desconto.;40.0;Franqueado: ressarcimento via BSO. Consumidor/Revendedor: Itens selecionados com até 60% de desconto - Iscas Estratégicas.;Não;Não;Não;Sim;Não;Não;Não;Não;23;0;19;9;0;0;4;30;Sim;Não;Crítico;Não;0;30;39.53;0;Não
13629;C;;29046;BOTICOLL CONNEX DES BDY SPR 100ml V6 PCK;DESODORANTES;DESODORANTE MASCULINO;;;6;0;3;0;1;5;0;0;4;3;0;0;4;0;2;0;0;0;47;8;1;1;20.0;Franqueado: Ressarcimento via BSO. Consumidor Fidelidade: exaustão de itens selecionados de desodorantes com até 20% de desconto;20.0;Franqueado: Ressarcimento via BSO. Consumidor Fidelidade: exaustão de itens selecionados de desodorantes com até 20% de desconto;;;20.0;Itens selecionados com até 60% de lucro extra.;Não;Não;Não;Não;Não;Não;Não;Não;3;0;4;0;7;7;8;9;Não;Não;;Não;0;85;16.41;7;Não
13629;C;;87898;BOTICOLL CONNEXION DES COL V3 100ml;PERFUMARIA;PERFUMARIA MASCULINA;;;0;0;2;1;15;0;0;20;2;3;0;2;1;7;9;0;3;1;3;2;2;31;;;;;;;50.0;Franqueado: ressarcimento via BSO. Consumidor/Revendedor: Itens selecionados com até 50% de desconto - Iscas Estratégicas.;Não;Não;Não;Sim;Não;Não;Não;Não;8;0;15;2;6;6;8;39;Não;Não;;Não;0;40;44.67;6;Não
13629;C;;71877;BOTICOLL CRAZY DES COL FEELINGS 100ml;PERFUMARIA;PERFUMARIA FEMININA;;202617;1;0;3;3;13;0;2;1;4;2;0;2;4;6;1;0;0;0;61;2;2;4;;;;;;;;;Não;Não;Não;Não;Não;Não;Não;Não;0;0;5;3;2;2;4;8;Sim;Não;Crítico;Não;0;30;48.31;2;Não
13629;B;BC;89260;BOTICOLL DES COL STYLETTO V4 100ml;PERFUMARIA;PERFUMARIA MASCULINA;;;3;4;6;6;4;14;0;3;3;8;4;2;1;4;16;3;6;0;6;3;3;6;;;;;;;;;Não;Não;Não;Não;Não;Não;Não;Não;2;0;7;7;0;0;3;9;Não;Não;;Não;0;40;43.19;0;Não
13629;C;;87946;BOTICOLL FREE DES COL V5 100ml;PERFUMARIA;PERFUMARIA FEMININA;;;1;0;0;2;2;1;0;1;0;1;2;2;1;3;1;1;2;0;9;2;1;7;;;;;;;30.0;Franqueado: ressarcimento via BSO. Consumidor/Revendedor: Itens selecionados com até 50% de desconto - Iscas Estratégicas.;Não;Não;Não;Não;Não;Não;Não;Não;4;0;5;0;2;2;3;10;Não;Não;;Não;0;30;47.85;2;Não
13629;B;BB;52029;BOTICOLL PORTINARI D/COL ABSOLUTO 100ml;PERFUMARIA;PERFUMARIA MASCULINA;;;2;5;26;5;52;2;1;10;0;3;4;2;0;32;2;9;2;1;4;4;2;3;20.0;Compre itens selecionados e ganhe lucro extra de até 45%. Válido entre os dias 05/10 a 12/10.;20.0;Compre itens selecionados e ganhe lucro extra de até 45%. Válido entre os dias 05/10 a 12/10.;;;;;Não;Não;Não;Não;Não;Não;Não;Não;3;11;5;2;0;0;0;0;Não;Não;;Não;0;40;47.31;0;Não
13629;B;BB;94326;BOTICOLL PORTINARI DES COL V6 100ml;PERFUMARIA;PERFUMARIA MASCULINA;;;14;1;3;8;6;28;1;8;8;48;3;6;15;5;15;5;9;5;2;37;7;10;"19.0
15.0";"Franqueado: ressarcimento via BSO. Consumidor/Revendedor: Itens selecionados de Boticollection (PORTINARI) com até 20% de desconto.
Multiplique seus Lucros em Boticollection e Botica 214 Perfumarias Selecionadas de acordo com a quantidade comprada: 10% de Lucro Extra em 2 unidades e 15% de Lucro Extra em 3 ou mais unidades.";"19.0
15.0";"Franqueado: ressarcimento via BSO. Consumidor/Revendedor: Itens selecionados de Boticollection (PORTINARI) com até 20% de desconto.
Multiplique seus Lucros em Boticollection e Botica 214 Perfumarias Selecionadas de acordo com a quantidade comprada: 10% de Lucro Extra em 2 unidades e 15% de Lucro Extra em 3 ou mais unidades.";;;;;Não;Não;Não;Não;Não;Não;Não;Não;45;20;23;0;0;0;0;4;Não;Não;;Não;0;40;45.15;0;Não
13629;C;;87921;BOTICOLL SAB BARR CPO PERFUMADO V3 5x80g;SABONETE CORPO;CORPO;202614;;41;9;17;13;0;1;4;10;2;21;0;9;1;16;8;1;4;1;3;7;8;66;;;;;;;18.0;Franqueado: ressarcimento via BSO. Consumidor/Revendedor: Itens selecionados com até 60% de desconto - Iscas Estratégicas.;Não;Não;Não;Não;Não;Não;Não;Não;8;0;43;5;35;35;43;109;Não;Não;;Não;0;25;15.23;35;Não
13629;C;;87484;BOTIK ACQ GEL H FAC ANTIS AC/POL V2 50g;CUIDADOS FACIAIS;HIDRATANTES E TRATAMENTOS;;;4;1;1;4;3;0;0;2;4;1;0;1;0;11;3;0;4;0;10;1;1;2;;;;;;;;;Não;Não;Não;Não;Não;Não;Não;Não;10;0;3;0;0;0;0;0;Não;Não;;Não;0;120;23.8;0;Não
13629;C;;59875;BOTIK AGUA MICLR FAC CIC/PANT/CER 200ml;CUIDADOS FACIAIS;HIDRATANTES E TRATAMENTOS;;;0;1;2;0;3;1;1;0;2;0;2;2;0;1;5;0;0;0;51;1;1;2;;;;;;;19.0;Franqueado: ressarcimento via BSO. Consumidor/Revendedor: Itens selecionados com até 60% de desconto - Iscas Exaustão.;Não;Não;Não;Não;Não;Não;Não;Não;2;0;3;5;0;0;0;0;Sim;Não;Crítico;Não;0;60;23.49;0;Não
13629;C;;96606;BOTIK BALM HID LAB FPS 15 3,2g;CUIDADOS FACIAIS;HIDRATANTES E TRATAMENTOS;202613;;5;0;0;5;0;1;1;0;0;5;0;4;0;8;0;1;2;0;10;1;2;3;;;;;10.0;Compre itens selecionados e ganhe até 35% de lucro extra.;;;Não;Não;Não;Não;Não;Não;Não;Não;3;0;3;2;0;0;1;4;Não;Não;;Não;0;352;12.41;0;Não
13629;C;;04509;BOTIK CR CON OLH RED/RUG AC/H CAF V2 15g;CUIDADOS FACIAIS;HIDRATANTES E TRATAMENTOS;;;6;0;4;4;3;3;1;0;1;2;0;2;1;10;2;6;2;0;9;2;2;19;;;;;;;30.0;Franqueado: ressarcimento via BSO. Consumidor/Revendedor: Itens selecionados com até 60% de desconto - Iscas Estratégicas.;Não;Não;Não;Sim;Não;Não;Não;Não;1;0;10;3;7;7;9;28;Não;Não;;Não;0;96;38.42;7;Não
13629;C;;94198;BOTIK CR HID FAC ANTIOX VITAM C V3 50g;CUIDADOS FACIAIS;HIDRATANTES E TRATAMENTOS;;;1;2;13;1;1;1;1;3;2;4;1;4;0;12;0;0;0;0;68;10;2;2;"15.0
10.0";"Franqueado: Ressarcimento via BSO. Consumidor/Revendedor: Itens selecionados CUIDADOS FACIAIS com até 20% de desconto.
10% de Lucro Extra em 2 ou mais unidades de itens selecionados de cuidados faciais das famílias Vitamina C e Retinol.";"15.0
10.0";"Franqueado: Ressarcimento via BSO. Consumidor/Revendedor: Itens selecionados CUIDADOS FACIAIS com até 20% de desconto.
10% de Lucro Extra em 2 ou mais unidades de itens selecionados de cuidados faciais das famílias Vitamina C e Retinol.";;;;;Não;Não;Não;Não;Não;Não;Não;Não;0;0;6;3;6;7;9;11;Não;Não;;Não;0;120;23.8;6;Não
13629;C;;59876;BOTIK CR MULTIREP FAC CIC/PANT/CER 30g;CUIDADOS FACIAIS;HIDRATANTES E TRATAMENTOS;;;0;11;10;1;1;3;5;4;6;3;2;5;2;16;12;4;2;2;4;17;1;2;"15.0
4.0";"Franqueado: Ressarcimento via BSO. Consumidor/Revendedor: Itens selecionados CUIDADOS FACIAIS com até 20% de desconto.
Consumidor/Revendedor: Combo de itens selecionados Botik e Make B. DE: R$ 160,80 POR: R$ 129,90 com até 4,34462% de desconto adicional.";"15.0
4.0";"Franqueado: Ressarcimento via BSO. Consumidor/Revendedor: Itens selecionados CUIDADOS FACIAIS com até 20% de desconto.
Consumidor/Revendedor: Combo de itens selecionados Botik e Make B. DE: R$ 160,80 POR: R$ 129,90 com até 4,34462% de desconto adicional.";;;;;Não;Não;Não;Não;Não;Não;Não;Não;0;0;6;10;1;2;3;5;Sim;Não;Crítico;Não;0;96;16.89;1;Não
13629;E;;55408;BOTIK CR N FIR ROST/PESC RES/SIL PRM 10g;SUPORTE À VENDA;PRM;;;0;0;0;0;0;1;0;0;0;0;0;0;0;0;0;0;0;0;;0;0;0;;;;;0.0;Em compras acima de R$500,00 ganhe 1 PRM selecionado.;;;Não;Não;Não;Não;Não;Não;Não;Não;0;0;;0;0;0;0;0;Não;Sim;;Não;0;384;4.84;0;Não
13629;C;;55407;BOTIK CR NUTR FIRM ROS/PESC RESV/SIL 40g;CUIDADOS FACIAIS;HIDRATANTES E TRATAMENTOS;;;0;1;14;1;1;9;1;0;2;13;0;2;1;4;2;2;4;0;6;1;1;4;;;;;;;45.0;Franqueado: ressarcimento via BSO. Consumidor/Revendedor: Itens selecionados com até 60% de desconto - Iscas Estratégicas.;Não;Não;Não;Não;Não;Não;Não;Não;1;0;4;1;2;2;3;7;Não;Não;;Não;0;48;46.1;2;Não
13629;B;BB;89459;BOTIK CR OLH FIRM PEPT/PRO/ELAST 15g;CUIDADOS FACIAIS;HIDRATANTES E TRATAMENTOS;;;0;0;0;0;0;0;0;0;0;0;0;0;0;52;9;7;0;2;2;1;6;2;;;;;"20.0
15.0";"Franqueado: ressarcimento via BSO. Revendedor: Itens selecionados Botik  (PEPTIDEOS) com até 20% de desconto.
Franqueado: ressarcimento via BSO. Revendedor: Ganhe lucro extra em itens selecionados de Botik: 15% em 2 ou mais.";;;Não;Não;Não;Não;Não;Não;Não;Não;12;0;5;0;0;0;0;2;Não;Não;;Não;0;140;37.91;0;Não
13629;C;;87482;BOTIK CREM FAC FIRM AC/HIAL V3 40g;CUIDADOS FACIAIS;HIDRATANTES E TRATAMENTOS;;;4;0;0;2;1;1;3;0;1;3;0;3;1;3;3;1;0;0;47;1;1;3;;;;;;;44.0;Franqueado: ressarcimento via BSO. Consumidor/Revendedor: Itens selecionados com até 60% de desconto - Iscas Estratégicas.;Não;Não;Não;Não;Não;Não;Não;Não;3;0;3;0;0;0;1;4;Não;Não;;Não;0;48;35.75;0;Não
13629;C;;94195;BOTIK CREM HID FAC FIRM AC/POLIGL V2 50g;CUIDADOS FACIAIS;HIDRATANTES E TRATAMENTOS;;;11;2;4;7;4;1;1;4;2;4;5;4;1;13;6;2;5;0;13;2;2;3;;;;;;;;;Não;Não;Não;Não;Não;Não;Não;Não;0;0;4;5;0;0;2;5;Não;Não;;Não;0;120;23.8;0;Não
13629;C;;94536;BOTIK GEL CONC LIMP FAC AC/GLIC V3 150g;CUIDADOS FACIAIS;LIMPEZA;;;0;0;11;0;0;0;0;0;1;2;0;3;0;0;2;2;0;0;34;1;1;3;;;;;;;40.0;Franqueado: ressarcimento via BSO. Consumidor/Revendedor: Itens selecionados com até 50% de desconto - Iscas Estratégicas.;Não;Não;Não;Não;Não;Não;Não;Não;0;0;3;2;1;1;2;5;Sim;Não;Crítico;Não;0;48;20.01;1;Não
13629;C;;04520;BOTIK GEL CR FAC FIRM AC/HIALUR 40g;CUIDADOS FACIAIS;HIDRATANTES E TRATAMENTOS;;;2;0;2;2;0;0;1;1;2;2;0;0;1;4;0;2;0;0;40;1;1;2;23.0;Franqueado: Ressarcimento via BSO. Consumidor/Revendedor: Itens selecionados com até 50% de desconto.;23.0;Franqueado: Ressarcimento via BSO. Consumidor/Revendedor: Itens selecionados com até 50% de desconto.;;;20.0;Franqueado: ressarcimento via BSO. Consumidor/Revendedor: Itens selecionados com até 60% de desconto - Iscas Estratégicas.;Não;Não;Não;Não;Não;Não;Não;Não;0;0;2;2;0;0;1;3;Não;Não;;Não;0;48;44.81;0;Não
13629;C;;88471;BOTIK GEL CREM REDUT RUG RET/PURO V2 30g;CUIDADOS FACIAIS;HIDRATANTES E TRATAMENTOS;;;0;1;7;1;0;5;1;0;3;3;0;2;2;2;1;0;2;0;11;2;1;3;10.0;10% de Lucro Extra em 2 ou mais unidades de itens selecionados de cuidados faciais das famílias Vitamina C e Retinol.;10.0;10% de Lucro Extra em 2 ou mais unidades de itens selecionados de cuidados faciais das famílias Vitamina C e Retinol.;;;30.0;Franqueado: ressarcimento via BSO. Consumidor/Revendedor: Itens selecionados com até 60% de desconto - Iscas Exaustão.;Não;Não;Não;Não;Não;Não;Não;Não;3;0;3;0;1;1;2;5;Sim;Não;Crítico;Não;0;96;53.81;1;Não
13629;C;;87491;BOTIK GEL LIMP F MCL AC MAND/SAL V2 150g;CUIDADOS FACIAIS;LIMPEZA;;;6;8;7;7;3;0;3;2;3;4;4;0;1;7;2;0;0;0;61;2;2;13;;;;;;;30.0;Franqueado: ressarcimento via BSO. Consumidor/Revendedor: Itens selecionados com até 50% de desconto - Iscas Estratégicas.;Não;Não;Não;Não;Não;Não;Não;Não;4;0;8;0;5;5;7;20;Sim;Não;Crítico;Não;0;48;20.51;5;Não
13629;C;;95761;BOTIK GEL LIMP FAC ANTIOX 200g;CUIDADOS FACIAIS;LIMPEZA;;;4;0;2;4;0;0;3;7;5;3;0;2;0;14;1;2;5;1;4;18;4;5;"20.0
10.0";"Franqueado: Ressarcimento via BSO. Consumidor/Revendedor: Itens selecionados CUIDADOS FACIAIS com até 20% de desconto.
10% de Lucro Extra em 2 ou mais unidades de itens selecionados de cuidados faciais das famílias Vitamina C e Retinol.";"20.0
10.0";"Franqueado: Ressarcimento via BSO. Consumidor/Revendedor: Itens selecionados CUIDADOS FACIAIS com até 20% de desconto.
10% de Lucro Extra em 2 ou mais unidades de itens selecionados de cuidados faciais das famílias Vitamina C e Retinol.";;;;;Não;Não;Não;Não;Não;Não;Não;Não;0;0;12;2;16;17;21;26;Não;Não;;Não;0;48;23.48;16;Não
13629;E;;53628;BOTIK GEL LIMP FAC VITAM C PRM 50g;SUPORTE À VENDA;PRM;;;0;0;0;0;0;0;0;0;0;0;0;0;0;0;0;0;0;0;;0;0;0;;;;;;;;;Não;Não;Não;Não;Não;Não;Não;Não;0;0;;0;0;0;0;0;Não;Não;;Não;0;140;5.05;0;Não
13629;C;;95770;BOTIK GEL/LIMP FAC CIC/PANT/CER 200g;CUIDADOS FACIAIS;LIMPEZA;202611;;0;2;4;4;8;6;0;0;0;3;2;4;1;14;1;1;3;0;10;1;1;2;;;;;;;;;Não;Não;Não;Não;Não;Não;Não;Não;0;0;3;5;0;0;0;1;Sim;Não;Crítico;Não;0;48;23.48;0;Não
13629;C;;87780;BOTIK LOC HID FAC ANTIOL AC/POL V2 110ml;CUIDADOS FACIAIS;HIDRATANTES E TRATAMENTOS;;202615;2;1;1;2;0;0;0;0;4;0;1;1;1;5;1;1;2;0;10;1;1;0;;;;;10.0;Compre itens selecionados e ganhe até 35% de lucro extra.;;;Não;Não;Não;Não;Não;Não;Não;Não;1;0;2;1;1;1;2;2;Não;Não;;Não;0;54;24.13;1;Não
13629;C;;87597;BOTIK MASC FAC RES/NOT AC/GLIC V2 40g;CUIDADOS FACIAIS;HIDRATANTES E TRATAMENTOS;;;0;1;10;0;2;5;0;0;0;0;0;2;0;8;2;1;4;0;12;1;1;4;;;;;;;29.0;Franqueado: ressarcimento via BSO. Consumidor/Revendedor: Itens selecionados com até 60% de desconto - Iscas Exaustão.;Não;Não;Não;Não;Não;Não;Não;Não;4;0;3;0;0;0;1;5;Não;Não;;Não;0;48;45.3;0;Não
13629;C;;47729;BOTIK MASSAG LIMP FAC QUARTZO;ACESSÓRIOS;CORPO E BANHO;;;0;1;1;0;0;0;0;0;0;0;1;1;0;1;0;1;0;0;;1;0;1;35.0;Itens selecionados com até 55% de lucro extra.;35.0;Itens selecionados com até 55% de lucro extra.;;;29.0;Franqueado: ressarcimento via BSO. Consumidor/Revendedor: Itens selecionados com até 60% de desconto - Iscas Exaustão.;Não;Não;Não;Não;Não;Não;Não;Não;1;0;;0;0;0;0;0;Não;Sim;;Não;0;60;46.36;0;Não
13629;C;;90244;BOTIK PROT SOL FAC FPS 50 AC/H V2 40ml;SOLAR;PROTETOR FACIAL;202614;;0;0;0;1;5;1;0;0;1;8;1;0;0;4;3;6;1;0;12;1;1;7;;;;;;;50.0;Franqueado: ressarcimento via BSO. Consumidor/Revendedor: Itens selecionados com até 50% de desconto - Iscas Estratégicas.;Não;Não;Não;Não;Não;Não;Não;Não;0;1;5;1;3;3;4;11;Não;Não;;Não;0;111;29.92;3;Não
13629;C;;53386;BOTIK PROT SOL FAC FPS 80 AC/HIAL 40ml;SOLAR;PROTETOR FACIAL;;;13;3;3;7;0;2;1;3;2;3;1;6;0;3;3;2;1;0;19;2;2;4;;;;;;;;;Não;Não;Não;Não;Não;Não;Não;Não;1;0;4;2;2;2;4;8;Sim;Não;Crítico;Não;0;111;33.59;2;Não
13629;C;;84808;BOTIK REPAR LAB CIC/PANT/CER 7,5ml;CUIDADOS FACIAIS;HIDRATANTES E TRATAMENTOS;;;5;17;0;0;4;2;2;1;0;0;0;1;2;10;8;2;5;0;5;1;1;1;;;;;;;;;Não;Não;Não;Não;Não;Não;Não;Não;9;0;2;0;0;0;0;0;Não;Não;;Não;0;408;11.11;0;Não
13629;B;BC;96724;BOTIK SRM FAC PREENCH/RUG 30ml;CUIDADOS FACIAIS;HIDRATANTES E TRATAMENTOS;;;3;3;0;2;0;0;2;1;2;3;2;1;3;17;8;5;3;0;9;5;1;23;"32.0
30.0";"Franqueado: Ressarcimento via BSO. Consumidor/Revendedor: Itens selecionados com até 50% de desconto.
Itens selecionados com até 55% de lucro extra.";"32.0
30.0";"Franqueado: Ressarcimento via BSO. Consumidor/Revendedor: Itens selecionados com até 50% de desconto.
Itens selecionados com até 55% de lucro extra.";;;20.0;Franqueado: ressarcimento via BSO. Consumidor/Revendedor: Itens selecionados com até 60% de desconto - Iscas Estratégicas.;Não;Não;Não;Não;Não;Não;Não;Não;1;0;12;9;4;4;5;28;Não;Não;;Não;0;70;52.49;4;Não
13629;C;;87600;BOTIK SRUM ALT/POT AC/GLICOL V2 30ml;CUIDADOS FACIAIS;HIDRATANTES E TRATAMENTOS;;;0;2;0;1;1;11;0;0;1;4;2;0;0;4;3;0;1;0;11;1;1;2;;;;;10.0;Compre itens selecionados e ganhe até 35% de lucro extra.;40.0;Franqueado: ressarcimento via BSO. Consumidor/Revendedor: Itens selecionados com até 50% de desconto - Iscas Estratégicas.;Não;Não;Não;Não;Não;Não;Não;Não;1;0;3;1;1;1;2;4;Sim;Não;Crítico;Não;0;70;52.49;1;Não
13629;C;;47321;BOTIK SRUM ALT/POT ACID MAND/TRANEX 30ml;CUIDADOS FACIAIS;HIDRATANTES E TRATAMENTOS;;;2;6;2;1;1;0;2;1;1;5;3;2;0;3;2;2;3;0;5;2;2;11;;;;;;;29.0;Franqueado: ressarcimento via BSO. Consumidor/Revendedor: Itens selecionados com até 60% de desconto - Iscas Exaustão.;Não;Não;Não;Não;Não;Não;Não;Não;0;0;7;1;6;6;8;19;Não;Não;;Não;0;70;53.44;6;Não
13629;C;;83550;BOTIK SRUM ALT/POT RETIN PURO 30ml;CUIDADOS FACIAIS;HIDRATANTES E TRATAMENTOS;;;0;2;13;2;1;9;1;0;5;0;0;2;0;6;5;0;2;0;17;4;1;3;"15.0
10.0";"Franqueado: Ressarcimento via BSO. Consumidor/Revendedor: Itens selecionados CUIDADOS FACIAIS com até 20% de desconto.
10% de Lucro Extra em 2 ou mais unidades de itens selecionados de cuidados faciais das famílias Vitamina C e Retinol.";"15.0
10.0";"Franqueado: Ressarcimento via BSO. Consumidor/Revendedor: Itens selecionados CUIDADOS FACIAIS com até 20% de desconto.
10% de Lucro Extra em 2 ou mais unidades de itens selecionados de cuidados faciais das famílias Vitamina C e Retinol.";;;30.0;Franqueado: ressarcimento via BSO. Consumidor/Revendedor: Itens selecionados com até 60% de desconto - Iscas Exaustão.;Não;Não;Não;Não;Não;Não;Não;Não;2;2;4;1;1;1;2;5;Não;Não;;Não;0;70;56.38;1;Não
13629;C;;49403;BOTIK SRUM ALT/POT RETINOL PURO 15ml;CUIDADOS FACIAIS;HIDRATANTES E TRATAMENTOS;;;0;0;11;0;2;0;0;0;1;0;2;0;0;0;2;0;1;0;;1;1;3;;;;;;;;;Não;Não;Não;Sim;Não;Não;Não;Não;0;2;;0;0;0;0;0;Sim;Sim;Crítico;Não;0;192;45.18;0;Não
13629;C;;89457;BOTIK SRUM FAC A/P AC MAND/SALIC V3 30ml;CUIDADOS FACIAIS;HIDRATANTES E TRATAMENTOS;;;0;0;0;0;0;0;0;0;0;2;0;1;0;1;1;0;0;0;68;0;0;2;;;;;;;49.0;Franqueado: ressarcimento via BSO. Consumidor/Revendedor: Itens selecionados com até 50% de desconto - Iscas Estratégicas.;Não;Não;Não;Não;Não;Não;Não;Não;1;0;1;0;0;0;0;2;Não;Não;;Não;0;88;53.07;0;Não
13629;C;;53186;BOTIK SRUM FAC ALT POT VITAM C 15ml;CUIDADOS FACIAIS;HIDRATANTES E TRATAMENTOS;;;2;1;10;0;0;0;0;0;0;0;0;0;1;0;0;2;2;0;9;1;1;1;;;;;;;30.0;Itens selecionados com até 60% de lucro extra.;Não;Não;Não;Não;Não;Não;Não;Não;1;0;2;0;1;1;2;3;Não;Não;;Não;0;192;42.25;1;Não
13629;C;;55403;BOTIK SRUM FAC ALT/POT RESV/SILICIO 30ml;CUIDADOS FACIAIS;HIDRATANTES E TRATAMENTOS;;;0;1;18;1;0;2;0;0;0;9;0;0;1;1;0;1;1;0;18;1;1;3;;;;;;;45.0;Franqueado: ressarcimento via BSO. Consumidor/Revendedor: Itens selecionados com até 60% de desconto - Iscas Estratégicas.;Não;Não;Não;Não;Não;Não;Não;Não;4;0;3;0;0;0;1;4;Não;Não;;Não;0;88;52.49;0;Não
13629;B;BC;96743;BOTIK SRUM FAC ANTIOX ILUM 30ml;CUIDADOS FACIAIS;HIDRATANTES E TRATAMENTOS;;;5;3;4;2;0;1;1;13;2;4;4;1;0;14;7;1;0;0;45;8;2;2;"20.0
10.0";"Franqueado: Ressarcimento via BSO. Consumidor/Revendedor: Itens selecionados CUIDADOS FACIAIS com até 20% de desconto.
10% de Lucro Extra em 2 ou mais unidades de itens selecionados de cuidados faciais das famílias Vitamina C e Retinol.";"20.0
10.0";"Franqueado: Ressarcimento via BSO. Consumidor/Revendedor: Itens selecionados CUIDADOS FACIAIS com até 20% de desconto.
10% de Lucro Extra em 2 ou mais unidades de itens selecionados de cuidados faciais das famílias Vitamina C e Retinol.";;;;;Não;Não;Não;Não;Não;Não;Não;Não;10;0;5;0;1;1;3;5;Não;Não;;Não;0;70;52.5;1;Não
13629;B;BB;89485;BOTIK SRUM FAC LIFT FIR PEPT/PRO/EL 30ml;CUIDADOS FACIAIS;HIDRATANTES E TRATAMENTOS;;;0;0;0;0;0;0;0;0;0;0;0;0;1;48;1;0;2;1;4;1;6;2;;;;;"20.0
15.0";"Franqueado: ressarcimento via BSO. Revendedor: Itens selecionados Botik  (PEPTIDEOS) com até 20% de desconto.
Franqueado: ressarcimento via BSO. Revendedor: Ganhe lucro extra em itens selecionados de Botik: 15% em 2 ou mais.";;;Não;Não;Não;Não;Não;Não;Não;Não;1;0;5;1;3;3;9;11;Não;Não;;Não;0;88;56.34;3;Não
13629;E;;95777;BOTIK SRUM FAC RENOV/CEL 30ml;CUIDADOS FACIAIS;HIDRATANTES E TRATAMENTOS;;;0;0;0;0;0;0;0;0;0;0;0;0;0;0;0;0;0;0;;0;1;1;;;;;;;;;Não;Não;Não;Não;Não;Não;Não;Não;0;0;;0;0;0;0;0;Não;Sim;;Não;0;70;52.49;0;Não
13629;C;;88823;CASA 214 AROMAT/AMB SPR FIGO/MAGNF 250ml;HOME CARE;AROMATIZAÇÃO;;;0;0;0;0;0;0;0;0;0;9;1;0;2;0;0;0;1;0;16;1;1;1;;;;;;;;;Não;Não;Não;Não;Não;Não;Não;Não;15;0;2;0;0;0;0;0;Não;Não;;Não;0;20;37.46;0;Não
13629;C;;52051;CASA 214 DIF VARET GARDENIA IMPER 250ml;HOME CARE;AROMATIZAÇÃO;;;0;0;2;2;0;0;0;2;1;0;0;0;0;0;1;0;1;0;12;0;0;1;;;;;;;15.0;Franqueado: ressarcimento via BSO. Consumidor/Revendedor: Itens selecionados com até 60% de desconto - Iscas Exaustão.;Não;Não;Não;Não;Não;Não;Não;Não;0;1;1;0;0;0;0;0;Não;Não;;Não;0;20;44.96;0;Não
13629;E;;55142;CASA 214 DIFUS VARET BRIS/CEDROS 250ml;HOME CARE;AROMATIZAÇÃO;;;0;0;0;0;0;0;1;0;0;0;0;0;0;0;0;0;0;0;215;1;1;1;;;;;;;;;Não;Não;Não;Não;Não;Não;Não;Não;1;0;1;0;1;1;2;3;Não;Não;;Não;0;20;44.96;1;Não
13629;C;;56209;CASA 214 DIFUS VARET VANILLA SBLM 250ml;HOME CARE;AROMATIZAÇÃO;;;0;3;3;4;1;2;4;3;0;0;0;1;0;2;0;0;2;0;6;1;1;1;;;;;;;;;Não;Não;Não;Não;Não;Não;Não;Não;1;0;2;1;0;0;1;2;Não;Não;;Não;0;20;44.96;0;Não
13629;C;;88821;CASA 214 DIFUSOR VARETA FIGO/MAGNF 250ml;HOME CARE;AROMATIZAÇÃO;;;0;0;0;0;0;0;0;0;0;9;1;0;0;0;0;0;2;0;12;1;1;1;;;;;;;;;Não;Não;Não;Não;Não;Não;Não;Não;6;0;2;0;0;0;0;0;Não;Não;;Não;0;20;44.96;0;Não
13629;C;;55143;CASA 214 H/SPR BRIS/CEDROS 250ml;HOME CARE;AROMATIZAÇÃO;;;0;1;4;0;0;3;0;1;0;0;1;0;0;2;0;0;0;0;68;0;0;0;;;;;;;;;Não;Não;Não;Não;Não;Não;Não;Não;1;0;0;0;0;0;0;0;Não;Não;;Não;0;20;37.46;0;Não
13629;C;;52095;CASA 214 H/SPR GARDENIA IMPER 250ml;HOME CARE;AROMATIZAÇÃO;;;4;0;0;8;0;4;2;1;1;1;0;0;0;1;3;0;0;0;47;1;1;2;"30.0
20.0";"Franqueado: Ressarcimento via BSO. Consumidor/Revendedor: Compre itens selecionados de Casa 214 (GARDENIA IMPERIAL) com desconto progressivo: 2 itens 25% (desconto adicional 6,25%), 3 itens ou mais 30% (desconto adicional 12,50%)
Franqueado: Ressarcimento via BSO. Consumidor/Revendedor: Compre itens selecionados de Casa 214 (GARDENIA IMPERIAL) e ganhe 20% de desconto direto a partir da primeira unidade.";"30.0
20.0";"Franqueado: Ressarcimento via BSO. Consumidor/Revendedor: Compre itens selecionados de Casa 214 (GARDENIA IMPERIAL) com desconto progressivo: 2 itens 25% (desconto adicional 6,25%), 3 itens ou mais 30% (desconto adicional 12,50%)
Franqueado: Ressarcimento via BSO. Consumidor/Revendedor: Compre itens selecionados de Casa 214 (GARDENIA IMPERIAL) e ganhe 20% de desconto direto a partir da primeira unidade.";;;20.0;Franqueado: ressarcimento via BSO. Consumidor/Revendedor: Itens selecionados com até 50% de desconto - Iscas Exaustão.;Não;Não;Não;Não;Não;Não;Não;Não;2;0;2;0;1;1;2;4;Não;Não;;Não;0;20;37.46;1;Não
13629;C;;56181;CASA 214 H/SPR VANILLA SBLM 250ml;HOME CARE;AROMATIZAÇÃO;;;1;3;2;5;0;1;0;0;0;3;1;1;0;1;2;0;1;0;12;1;1;1;;;;;;;;;Não;Não;Não;Não;Não;Não;Não;Não;3;0;2;0;0;0;0;1;Não;Não;;Não;0;20;37.46;0;Não
13629;C;;88820;CASA 214 SAB LIQ MAOS FIGO/MAGNF 250ml;HOME CARE;LIMPEZA;;;0;0;0;0;0;0;0;0;0;3;0;0;0;0;0;0;0;0;166;1;1;1;;;;;;;;;Não;Não;Não;Não;Não;Não;Não;Não;0;1;2;0;1;1;2;3;Não;Não;;Não;0;20;45.23;1;Não
13629;C;;55144;CASA 214 SAB LIQ MULTIF BRISA/CEDR 400ml;HOME CARE;LIMPEZA;;202614;0;0;5;2;0;1;0;2;0;0;1;1;0;0;0;0;0;0;;1;0;0;25.0;Itens selecionados com até 55% de lucro extra.;25.0;Itens selecionados com até 55% de lucro extra.;30.0;Itens selecionados com até 40% de lucro extra.;;;Não;Não;Não;Não;Não;Não;Não;Não;0;0;;0;0;0;0;0;Não;Sim;;Não;0;20;37.69;0;Não
13629;C;;52086;CASA 214 SAB LIQ MULTIF GARD/IMPER 400ml;HOME CARE;LIMPEZA;;;4;0;18;2;0;0;0;1;2;0;1;1;1;0;1;1;0;0;30;2;1;1;"30.0
20.0";"Franqueado: Ressarcimento via BSO. Consumidor/Revendedor: Compre itens selecionados de Casa 214 (GARDENIA IMPERIAL) com desconto progressivo: 2 itens 25% (desconto adicional 6,25%), 3 itens ou mais 30% (desconto adicional 12,50%)
Franqueado: Ressarcimento via BSO. Consumidor/Revendedor: Compre itens selecionados de Casa 214 (GARDENIA IMPERIAL) e ganhe 20% de desconto direto a partir da primeira unidade.";"30.0
20.0";"Franqueado: Ressarcimento via BSO. Consumidor/Revendedor: Compre itens selecionados de Casa 214 (GARDENIA IMPERIAL) com desconto progressivo: 2 itens 25% (desconto adicional 6,25%), 3 itens ou mais 30% (desconto adicional 12,50%)
Franqueado: Ressarcimento via BSO. Consumidor/Revendedor: Compre itens selecionados de Casa 214 (GARDENIA IMPERIAL) e ganhe 20% de desconto direto a partir da primeira unidade.";;;20.0;Franqueado: ressarcimento via BSO. Consumidor/Revendedor: Itens selecionados com até 50% de desconto - Iscas Exaustão.;Não;Não;Não;Não;Não;Não;Não;Não;2;0;2;0;1;1;2;3;Não;Não;;Não;0;20;37.69;1;Não
13629;C;;49401;CASA 214 SAB LIQ MULTIF VAN/SUBLIM 400ml;HOME CARE;LIMPEZA;;;0;3;0;4;0;8;0;1;0;2;1;2;0;1;1;0;0;0;47;2;1;1;"30.0
20.0";"Franqueado: Ressarcimento via BSO. Consumidor/Revendedor: Compre itens selecionados de Casa 214 (GARDENIA IMPERIAL) com desconto progressivo: 2 itens 25% (desconto adicional 6,25%), 3 itens ou mais 30% (desconto adicional 12,50%)
Franqueado: Ressarcimento via BSO. Consumidor/Revendedor: Compre itens selecionados de Casa 214 (GARDENIA IMPERIAL) e ganhe 20% de desconto direto a partir da primeira unidade.";"30.0
20.0";"Franqueado: Ressarcimento via BSO. Consumidor/Revendedor: Compre itens selecionados de Casa 214 (GARDENIA IMPERIAL) com desconto progressivo: 2 itens 25% (desconto adicional 6,25%), 3 itens ou mais 30% (desconto adicional 12,50%)
Franqueado: Ressarcimento via BSO. Consumidor/Revendedor: Compre itens selecionados de Casa 214 (GARDENIA IMPERIAL) e ganhe 20% de desconto direto a partir da primeira unidade.";;;;;Não;Não;Não;Não;Não;Não;Não;Não;3;0;2;0;0;1;2;3;Sim;Não;Crítico;Não;0;20;37.69;0;Não
13629;C;;88822;CASA 214 VELA PERF FIGO/MAGNF 170g;HOME CARE;AROMATIZAÇÃO;;202616;0;0;0;0;0;0;0;0;0;4;2;0;1;1;0;0;0;0;75;1;1;1;;;;;;;30.0;Itens selecionados com até 60% de lucro extra.;Não;Não;Não;Não;Não;Não;Não;Não;8;0;2;0;0;0;0;0;Não;Não;;Não;0;24;57.95;0;Não
13629;C;;44803;CBEM CESTINHO METAL C/A;ACESSÓRIOS;ORGANIZADOR NÃO COSTURÁVEL;;;3;2;9;3;0;3;0;0;5;2;2;0;0;4;1;2;1;0;5;2;2;3;;;;;;;20.0;Itens selecionados com até 60% de lucro extra.;Não;Não;Não;Não;Não;Não;Não;Não;0;0;4;1;4;4;6;9;Não;Não;;Não;0;16;24.32;4;Não
13629;C;;90841;CBEM CHAVEIRO DELEITE BORRACHA;ACESSÓRIOS;PAPELARIA;;;0;0;0;0;0;0;0;0;0;0;0;0;0;0;0;0;0;152;2;15;3;4;20.0;Franqueado: Ressarcimento via BSO. Consumidor/revendedor: lançamento de acessórios selecionados com até 20% de desconto;20.0;Franqueado: Ressarcimento via BSO. Consumidor/revendedor: lançamento de acessórios selecionados com até 20% de desconto;;;;;Não;Não;Não;Não;Não;Não;Não;Não;47;0;7;0;0;0;0;0;Não;Não;;Não;0;240;11.56;0;Não
13629;C;;59193;CBEM COND F/BANANA V2 170ml;CABELOS;CONDICIONADOR;;;3;1;1;4;0;0;0;5;1;3;0;3;1;2;7;1;0;1;2;2;5;3;;;;;"15.0
15.0";"Compre itens de CABELOS selecionados da linha CUIDE-SE BEM , no mesmo pedido, e ganhe lucro progressivo de acordo com a quantidade: 2 a 3 itens: 10% de Lucro Extra, 4 a 5 itens: 12% de Lucro Extra, 6 ou mais itens: 15% de Lucro Extra.
Franqueado: Ressarcimento via BSO. Revendedor: Itens selecionados Cuide-se bem (cabelos) com até 15% de desconto.";;;Não;Não;Não;Não;Não;Não;Não;Não;14;0;5;0;0;0;0;0;Não;Não;;Não;0;48;10.04;0;Não
13629;C;;87066;CBEM COND FEIR CACH/UVA 250ml;CABELOS;CONDICIONADOR;;;7;7;14;9;1;10;4;12;12;12;7;13;5;9;19;5;5;0;6;6;19;7;;;;;"15.0
14.0";"Compre itens de CABELOS selecionados da linha CUIDE-SE BEM , no mesmo pedido, e ganhe lucro progressivo de acordo com a quantidade: 2 a 3 itens: 10% de Lucro Extra, 4 a 5 itens: 12% de Lucro Extra, 6 ou mais itens: 15% de Lucro Extra.
Franqueado: Ressarcimento via BSO. Revendedor: Itens selecionados Cuide-se bem (cabelos) com até 15% de desconto.";;;Não;Não;Não;Não;Não;Não;Não;Não;12;0;16;0;9;8;27;34;Não;Não;;Não;0;48;9.12;9;Não
13629;C;;59197;CBEM COND FEIRA PASTA/ABACATE V2 170ml;CABELOS;CONDICIONADOR;;;1;2;1;3;1;0;2;5;3;3;2;7;0;2;9;1;1;0;17;2;9;3;;;;;"15.0
13.0";"Compre itens de CABELOS selecionados da linha CUIDE-SE BEM , no mesmo pedido, e ganhe lucro progressivo de acordo com a quantidade: 2 a 3 itens: 10% de Lucro Extra, 4 a 5 itens: 12% de Lucro Extra, 6 ou mais itens: 15% de Lucro Extra.
Franqueado: Ressarcimento via BSO. Revendedor: Itens selecionados Cuide-se bem (cabelos) com até 15% de desconto.";;;Não;Não;Não;Não;Não;Não;Não;Não;0;2;7;1;5;5;14;17;Não;Não;;Não;0;48;10.04;5;Não
13629;C;;57046;CBEM CR ESF CPO PESSEGUR/DEPIL 200g;CUIDADOS COM A PELE;CUIDADOS COM O CORPO;;;11;8;15;0;10;3;8;4;0;3;6;3;1;3;1;0;0;0;67;2;2;6;;;;;;;23.0;Franqueado: ressarcimento via BSO. Consumidor/Revendedor: Itens selecionados com até 50% de desconto - Iscas Exaustão;Não;Não;Não;Não;Não;Não;Não;Não;4;0;5;1;1;1;3;9;Não;Não;;Não;0;38;20.13;1;Não
13629;B;BC;85324;CBEM CR HID CPO DEPIL DOC/PESSEGUR 150ml;CUIDADOS COM A PELE;CUIDADOS COM O CORPO;;;56;61;99;39;50;5;29;71;23;29;49;12;15;22;2;3;11;2;5;17;13;19;;;;;;;;;Não;Não;Não;Não;Não;Não;Não;Não;0;0;24;33;0;0;11;30;Não;Não;;Não;0;38;13.5;0;Não
13629;C;;94675;CBEM CR HID FAC FEIRA MACA VERDE V2 80g;CUIDADOS FACIAIS;HIDRATANTES E TRATAMENTOS;;;13;2;0;0;0;0;0;0;1;1;3;5;0;0;2;5;0;0;37;3;7;3;;;;;"15.0
15.0";"Lucro extra em itens selecionados de Cuide-se Bem de acordo com a quantidade comprada: 10% em 2 e 15% em 3 ou mais unidades.
Franqueado: ressarcimento via BSO. Revendedor: Itens selecionados Cuide-se bem cuidados faciais com até 15% de desconto.";;;Não;Não;Não;Não;Não;Não;Não;Não;0;0;6;2;5;5;12;15;Não;Não;;Não;0;116;14.69;5;Não
13629;C;;58229;CBEM CREM ESF CPO DEL CHOCOLATUDO 150ml;SABONETE CORPO;CORPO;;;5;1;33;2;0;2;2;4;18;2;12;3;2;1;0;0;1;0;;5;4;5;30.0;Itens selecionados com até 55% de lucro extra.;30.0;Itens selecionados com até 55% de lucro extra.;;;;;Não;Não;Não;Não;Não;Não;Não;Não;2;0;;0;0;0;0;0;Não;Sim;;Não;0;48;13.41;0;Não
13629;C;;58565;CBEM CREM ESF CPO PESSEGURA V3 230g;CUIDADOS COM A PELE;CUIDADOS COM O CORPO;;;9;6;1;0;0;0;4;1;0;0;0;1;2;0;0;1;3;0;16;3;4;5;;;;;;;;;Não;Não;Não;Não;Não;Não;Não;Não;4;0;6;0;4;4;8;13;Não;Não;;Não;0;38;20.13;4;Não
13629;E;;86024;CBEM CREM HID FAC DOCES DELIRIOS 50g;CUIDADOS FACIAIS;HIDRATANTES E TRATAMENTOS;;;1;2;0;0;0;0;0;0;0;0;0;0;0;0;0;0;0;0;;1;6;2;;;;;"15.0
15.0";"Lucro extra em itens selecionados de Cuide-se Bem de acordo com a quantidade comprada: 10% em 2 e 15% em 3 ou mais unidades.
Franqueado: ressarcimento via BSO. Revendedor: Itens selecionados Cuide-se bem cuidados faciais com até 15% de desconto.";;;Não;Não;Não;Não;Não;Não;Não;Não;0;0;;0;0;0;0;0;Não;Sim;;Não;0;96;11.16;0;Não
13629;C;;85121;CBEM CREM HID MAOS DELEITE V4 45g;CUIDADOS COM A PELE;CUIDADOS COM AS MÃOS;;;7;4;9;11;0;2;4;0;11;3;0;0;0;2;5;1;4;0;12;6;6;5;"11.0
10.0";"Progressiva de itens selecionados, a partir de 2 itens 15% (desconto adicional 5,56%), 3 itens 20% (desconto adicional 11,11%).
Itens selecionados com 10% de desconto direto.";"11.0
10.0";"Progressiva de itens selecionados, a partir de 2 itens 15% (desconto adicional 5,56%), 3 itens 20% (desconto adicional 11,11%).
Itens selecionados com 10% de desconto direto.";"11.0
10.0";"Progressiva de itens selecionados, a partir de 2 itens 15% (desconto adicional 5,56%), 3 itens 20% (desconto adicional 11,11%).
Itens selecionados com 10% de desconto direto.";;;Não;Não;Não;Não;Não;Não;Não;Não;0;0;10;4;8;8;14;19;Sim;Não;Crítico;Não;0;136;11.45;8;Não
13629;C;;87068;CBEM CREM PENT FEIR CACH/UVA 300ml;CABELOS;FINALIZADOR;;;2;7;18;6;4;4;2;18;6;11;10;14;4;11;23;8;5;0;4;5;9;6;;;;;"15.0
13.0";"Compre itens de CABELOS selecionados da linha CUIDE-SE BEM , no mesmo pedido, e ganhe lucro progressivo de acordo com a quantidade: 2 a 3 itens: 10% de Lucro Extra, 4 a 5 itens: 12% de Lucro Extra, 6 ou mais itens: 15% de Lucro Extra.
Franqueado: Ressarcimento via BSO. Revendedor: Itens selecionados Cuide-se bem (cabelos) com até 15% de desconto.";;;Não;Não;Não;Não;Não;Não;Não;Não;10;0;11;0;4;4;13;19;Não;Não;;Não;0;30;12.1;4;Não
13629;B;BC;58132;CBEM D/COL BDY SPLSH DEL/CHOCOLAT 200ml;PERFUMARIA;PERFUMARIA FEMININA;;;0;45;34;15;1;1;3;16;24;7;5;12;12;7;7;18;4;6;2;36;8;9;25.0;Franqueado: ressarcimento via BSO. Consumidor/Revendedor: Itens selecionados de desodorantes e splashes com até 25% de desconto.;25.0;Franqueado: ressarcimento via BSO. Consumidor/Revendedor: Itens selecionados de desodorantes e splashes com até 25% de desconto.;;;;;Não;Não;Não;Não;Não;Não;Não;Não;10;0;20;2;30;32;40;49;Não;Não;;Não;0;60;25.51;30;Não
13629;C;;86092;CBEM D/COL BDY SPLSH FEIR CACH/UVA 200ml;PERFUMARIA;PERFUMARIA FEMININA;;;0;30;11;1;8;12;0;3;12;7;16;16;1;7;2;3;3;0;10;26;8;12;15.0;Franqueado: ressarcimento via BSO. Consumidor/Revendedor: Itens selecionados de desodorantes e splashes com até 25% de desconto.;15.0;Franqueado: ressarcimento via BSO. Consumidor/Revendedor: Itens selecionados de desodorantes e splashes com até 25% de desconto.;;;;;Não;Não;Não;Não;Não;Não;Não;Não;28;0;22;0;13;14;22;34;Não;Não;;Não;0;60;25.51;13;Não
13629;B;BB;58363;CBEM D/COL BDY SPLSH NUV/ALEG 200ml;PERFUMARIA;PERFUMARIA FEMININA;;;35;9;42;52;17;20;22;14;47;0;12;16;25;13;21;15;47;0;6;15;18;81;;;;;;;30.0;Franqueado: ressarcimento via BSO. Consumidor/Revendedor: Itens selecionados com até 50% de desconto - Iscas Estratégicas.;Não;Não;Não;Não;Não;Não;Não;Não;0;0;53;36;23;23;41;122;Sim;Não;Crítico;Não;0;60;25.51;23;Não
13629;C;;47144;CBEM DES ANTIT AER PROTECT/BTY 90g/150ml;DESODORANTES;DESODORANTE FEMININO;;;2;0;12;1;1;5;0;3;5;1;1;10;1;2;9;3;1;0;6;6;1;1;20.0;Franqueado: ressarcimento via BSO. Consumidor/Revendedor: Itens selecionados de desodorantes e splashes com até 25% de desconto.;20.0;Franqueado: ressarcimento via BSO. Consumidor/Revendedor: Itens selecionados de desodorantes e splashes com até 25% de desconto.;;;;;Não;Não;Não;Não;Não;Não;Não;Não;0;0;3;4;1;1;2;3;Sim;Não;Crítico;Não;0;72;12.1;1;Não
13629;C;;47151;CBEM DES ANTIT AER S/ALUM 90g/150ml;DESODORANTES;DESODORANTE FEMININO;;;9;0;3;0;0;12;2;2;3;10;2;9;0;20;1;2;4;0;12;6;1;2;20.0;Franqueado: ressarcimento via BSO. Consumidor/Revendedor: Itens selecionados de desodorantes e splashes com até 25% de desconto.;20.0;Franqueado: ressarcimento via BSO. Consumidor/Revendedor: Itens selecionados de desodorantes e splashes com até 25% de desconto.;;;;;Não;Não;Não;Não;Não;Não;Não;Não;15;0;4;0;0;0;0;0;Não;Não;;Não;0;72;12.74;0;Não
13629;B;BC;51164;CBEM DES ANTIT CR R/ALG V3 80g;DESODORANTES;DESODORANTE UNISSEX;;;11;34;18;7;13;22;21;16;4;2;25;33;17;17;16;14;37;7;3;10;8;12;;;;;;;;;Não;Não;Não;Não;Não;Não;Não;Não;16;0;16;0;7;7;15;27;Sim;Não;Crítico;Não;0;80;9.13;7;Não
13629;C;;51131;CBEM DES ANTIT ROL BEIJINHO V3 55ml;DESODORANTES;DESODORANTE UNISSEX;;202616;0;2;5;11;4;3;7;1;7;8;5;2;0;0;0;7;5;0;6;3;3;7;;;;;;;20.0;Itens selecionados com até 60% de lucro extra.;Não;Não;Não;Não;Não;Não;Não;Não;0;0;8;5;3;3;6;13;Sim;Não;Crítico;Não;0;144;9.41;3;Não
13629;C;;47145;CBEM DES ANTIT ROLL PROTECT/BEAUTY 55ml;DESODORANTES;DESODORANTE FEMININO;;;8;7;23;4;12;16;19;17;14;21;17;17;3;8;22;0;15;0;9;9;9;33;;;;;;;39.0;Franqueado: ressarcimento via BSO. Consumidor/Revendedor: Itens selecionados com até 50% de desconto - Iscas Estratégicas.;Não;Não;Não;Não;Não;Não;Não;Não;2;0;24;13;14;14;23;56;Não;Não;;Não;0;144;7.67;14;Não
13629;B;BB;85920;CBEM DES COL BDY SPLSH AMORUDA 200ml;PERFUMARIA;PERFUMARIA FEMININA;;202617;6;71;8;17;65;42;5;10;6;104;3;8;28;6;3;47;9;0;4;21;7;43;16.0;Franqueado: Ressarcimento via BSO. Consumidor/Revendedor: Itens selecionados com até 50% de desconto.;16.0;Franqueado: Ressarcimento via BSO. Consumidor/Revendedor: Itens selecionados com até 50% de desconto.;;;"20.0
8.0";"Franqueado: ressarcimento via BSO. Consumidor/Revendedor: Itens selecionados com até 60% de desconto - Iscas Estratégicas.
Lucro extra em lançamento Cuide-se Bem de acordo com a quantidade comprada: 6% de 2 a 15 unidades e 8% em 16 ou mais unidades.";Não;Não;Não;Não;Não;Não;Não;Não;38;1;33;120;0;0;0;0;Não;Não;;Não;0;60;25.51;0;Não
13629;B;BB;51130;CBEM DES COL BDY SPLSH BEIJINHO V2 200ml;PERFUMARIA;PERFUMARIA FEMININA;;;7;73;17;14;10;31;18;18;102;14;5;9;7;46;17;10;40;3;1;15;17;19;;;;;;;;;Não;Não;Não;Não;Não;Não;Não;Não;9;0;27;30;0;0;16;35;Não;Não;;Não;0;60;25.51;0;Não
13629;B;BA;51123;CBEM DES COL BDY SPLSH BOA NOIT V2 200ml;PERFUMARIA;PERFUMARIA FEMININA;;202617;19;19;19;54;5;23;17;14;37;15;7;140;6;24;9;68;15;2;4;7;8;109;;;;;;;"20.0
8.0";"Franqueado: ressarcimento via BSO. Consumidor/Revendedor: Itens selecionados com até 60% de desconto - Iscas Estratégicas.
Lucro extra em lançamento Cuide-se Bem de acordo com a quantidade comprada: 6% de 2 a 15 unidades e 8% em 16 ou mais unidades.";Não;Não;Não;Não;Não;Não;Não;Não;43;0;63;120;0;0;0;22;Não;Não;;Não;0;60;25.51;0;Não
13629;B;BB;51239;CBEM DES COL BDY SPLSH CER/LIV V2 200ml;PERFUMARIA;PERFUMARIA FEMININA;;202617;54;3;81;25;1;8;5;11;8;68;6;3;35;4;11;44;3;1;4;22;12;86;16.0;Franqueado: Ressarcimento via BSO. Consumidor/Revendedor: Itens selecionados com até 50% de desconto.;16.0;Franqueado: Ressarcimento via BSO. Consumidor/Revendedor: Itens selecionados com até 50% de desconto.;;;"20.0
8.0";"Franqueado: ressarcimento via BSO. Consumidor/Revendedor: Itens selecionados com até 60% de desconto - Iscas Estratégicas.
Lucro extra em lançamento Cuide-se Bem de acordo com a quantidade comprada: 6% de 2 a 15 unidades e 8% em 16 ou mais unidades.";Não;Não;Não;Não;Não;Não;Não;Não;23;6;53;127;0;0;0;12;Não;Não;;Não;0;60;25.51;0;Não
13629;B;BA;90219;CBEM DES COL BDY SPLSH DEL/CARAM 200ml;PERFUMARIA;PERFUMARIA FEMININA;;;0;0;0;0;0;0;0;0;0;352;54;31;48;19;7;13;34;2;2;13;13;18;;;;;;;;;Não;Não;Não;Não;Não;Não;Não;Não;281;0;29;0;0;0;0;0;Não;Não;;Não;0;60;25.51;0;Não
13629;A;;50881;CBEM DES COL BDY SPLSH DELEITE V3 200ml;PERFUMARIA;PERFUMARIA FEMININA;;202617;133;52;225;67;148;107;62;268;64;81;46;85;147;252;63;174;30;12;2;57;64;424;;;;;;;"20.0
8.0";"Franqueado: ressarcimento via BSO. Consumidor/Revendedor: Itens selecionados com até 60% de desconto - Iscas Estratégicas.
Lucro extra em lançamento Cuide-se Bem de acordo com a quantidade comprada: 6% de 2 a 15 unidades e 8% em 16 ou mais unidades.";Não;Não;Não;Não;Não;Não;Não;Não;84;23;309;422;0;0;0;313;Não;Não;;Não;0;60;25.51;0;Não
13629;B;BB;89790;CBEM DES COL BDY SPLSH LAVANDINHA 200ml;PERFUMARIA;PERFUMARIA FEMININA;;;0;0;0;0;0;0;0;0;0;0;0;0;0;0;127;7;7;2;2;46;15;14;20.0;Franqueado: Ressarcimento via BSO. Consumidor/Revendedor: Itens selecionados PERFUMARIA com até 20% de desconto.;20.0;Franqueado: Ressarcimento via BSO. Consumidor/Revendedor: Itens selecionados PERFUMARIA com até 20% de desconto.;;;;;Não;Não;Não;Não;Não;Não;Não;Não;89;0;28;0;0;0;0;4;Não;Não;;Não;0;60;25.51;0;Não
13629;B;BB;51147;CBEM DES COL BDY SPLSH NUVEM V3 200ml;PERFUMARIA;PERFUMARIA FEMININA;;202615;21;85;38;33;58;38;30;16;22;29;13;14;29;21;33;18;34;4;3;15;18;35;;;;;;;"20.0
8.0";"Franqueado: ressarcimento via BSO. Consumidor/Revendedor: Itens selecionados com até 60% de desconto - Iscas Estratégicas.
Lucro extra em lançamento Cuide-se Bem de acordo com a quantidade comprada: 6% de 2 a 15 unidades e 8% em 16 ou mais unidades.";Não;Não;Não;Não;Não;Não;Não;Não;9;0;33;240;0;0;0;0;Não;Não;;Não;0;60;25.51;0;Não
13629;B;BB;51236;CBEM DES COL BDY SPLSH PESSEGUR V2 200ml;PERFUMARIA;PERFUMARIA FEMININA;;202617;19;19;29;81;10;11;37;41;8;16;9;5;35;9;11;67;5;0;4;17;17;126;;;;;;;"20.0
8.0";"Franqueado: ressarcimento via BSO. Consumidor/Revendedor: Itens selecionados com até 60% de desconto - Iscas Estratégicas.
Lucro extra em lançamento Cuide-se Bem de acordo com a quantidade comprada: 6% de 2 a 15 unidades e 8% em 16 ou mais unidades.";Não;Não;Não;Não;Não;Não;Não;Não;80;0;70;240;0;0;0;0;Não;Não;;Não;0;60;25.51;0;Não
13629;E;;57591;CBEM DES COL BDY SPLSH PESSEGURA 60ml;PERFUMARIA;PERFUMARIA FEMININA;;;0;0;0;0;0;0;0;0;0;0;0;0;0;0;0;0;0;0;858;3;1;1;40.0;Franqueado: Ressarcimento via BSO. Consumidor/Revendedor: Itens selecionados com até 60% de desconto.;40.0;Franqueado: Ressarcimento via BSO. Consumidor/Revendedor: Itens selecionados com até 60% de desconto.;;;;;Não;Não;Não;Não;Não;Não;Não;Não;0;0;2;0;2;2;3;4;Não;Não;;Não;0;80;10.04;2;Não
13629;B;BB;88395;CBEM DES COL BDY SPLSH ROS/ALG V4 200ml;PERFUMARIA;PERFUMARIA FEMININA;;202617;12;9;37;22;11;9;17;10;29;24;9;31;52;4;20;9;31;1;4;12;13;30;;;;;;;"20.0
8.0";"Franqueado: ressarcimento via BSO. Consumidor/Revendedor: Itens selecionados com até 60% de desconto - Iscas Estratégicas.
Lucro extra em lançamento Cuide-se Bem de acordo com a quantidade comprada: 6% de 2 a 15 unidades e 8% em 16 ou mais unidades.";Não;Não;Não;Não;Não;Não;Não;Não;3;16;31;66;0;0;0;0;Não;Não;;Não;0;60;25.51;0;Não
13629;B;BB;53511;CBEM DES COL BDY SPLSH SHOW/BNH V2 200ml;PERFUMARIA;PERFUMARIA FEMININA;;202617;9;4;21;3;8;43;4;10;44;6;12;7;0;31;10;7;22;1;4;6;0;11;;;;;;;20.0;Itens selecionados com até 60% de lucro extra.;Não;Não;Não;Não;Não;Não;Não;Não;0;14;14;2;2;2;13;22;Não;Não;;Não;0;60;25.51;2;Não
13629;C;;47154;CBEM DES ROLL S/ALUM 55ml;DESODORANTES;DESODORANTE FEMININO;;;3;3;5;4;1;0;2;5;10;16;7;5;6;1;0;0;0;2;5;4;10;6;;;;;20.0;Franqueado: ressarcimento via BSO. Revendedor: Itens selecionados de desodorantes com até 21% de desconto.;;;Não;Não;Não;Não;Não;Não;Não;Não;3;0;10;2;8;8;18;24;Não;Não;;Não;0;144;7.67;8;Não
13629;C;;94676;CBEM ESF FAC FEIRA MORANGO V2 100g;CUIDADOS FACIAIS;LIMPEZA;;;0;0;0;0;0;1;0;8;5;6;4;0;0;1;4;9;2;0;11;2;12;5;;;;;"15.0
15.0";"Lucro extra em itens selecionados de Cuide-se Bem de acordo com a quantidade comprada: 10% em 2 e 15% em 3 ou mais unidades.
Franqueado: ressarcimento via BSO. Revendedor: Itens selecionados Cuide-se bem cuidados faciais com até 15% de desconto.";30.0;Franqueado: ressarcimento via BSO. Consumidor/Revendedor: Itens selecionados com até 50% de desconto - Iscas Estratégicas.;Não;Não;Não;Não;Não;Não;Não;Não;4;0;9;0;7;6;18;23;Sim;Não;Crítico;Não;0;80;12.82;7;Não
13629;E;;59407;CBEM GEL DES HID REFR CPO MELANC 200g;CUIDADOS COM A PELE;CUIDADOS COM O CORPO;;;0;0;3;2;0;0;0;0;0;0;0;0;0;0;0;0;0;0;;4;4;2;50.0;Franqueado: Ressarcimento via BSO. Consumidor/Revendedor: Itens selecionados com até 60% de desconto.;50.0;Franqueado: Ressarcimento via BSO. Consumidor/Revendedor: Itens selecionados com até 60% de desconto.;35.0;Compre itens selecionados e ganhe até 35% de lucro extra.;;;Não;Não;Não;Não;Não;Não;Não;Não;0;0;;0;0;0;0;0;Não;Sim;;Não;0;48;14.46;0;Não
13629;C;;59405;CBEM GEL ESF CPO MELANC 150g;CUIDADOS COM A PELE;CUIDADOS COM O CORPO;;;0;1;0;0;0;0;0;0;0;0;0;0;0;0;0;3;0;2;6;47;2;1;20.0;Franqueado: Ressarcimento via BSO. Consumidor/Revendedor: Itens selecionados Cuide-se bem MELANCIA com até 20% de desconto;20.0;Franqueado: Ressarcimento via BSO. Consumidor/Revendedor: Itens selecionados Cuide-se bem MELANCIA com até 20% de desconto;;;;;Não;Não;Não;Não;Não;Não;Não;Não;0;0;10;0;25;27;29;30;Não;Não;;Não;0;48;12.88;25;Não
13629;C;;94673;CBEM GEL LIMP FAC FEIR TANGERINA V2 150g;CUIDADOS FACIAIS;LIMPEZA;;;0;0;1;1;1;3;0;5;0;0;2;4;1;0;2;2;0;0;44;3;12;6;;;;;"15.0
15.0";"Lucro extra em itens selecionados de Cuide-se Bem de acordo com a quantidade comprada: 10% em 2 e 15% em 3 ou mais unidades.
Franqueado: ressarcimento via BSO. Revendedor: Itens selecionados Cuide-se bem cuidados faciais com até 15% de desconto.";30.0;Franqueado: ressarcimento via BSO. Consumidor/Revendedor: Itens selecionados com até 50% de desconto - Iscas Estratégicas.;Não;Não;Não;Não;Não;Não;Não;Não;2;0;10;0;10;10;22;28;Não;Não;;Não;0;48;12.82;10;Não
13629;E;;94989;CBEM LIVRO PARA COLORIR PAPEL;SUPORTE À VENDA;PRM;;202616;0;0;0;0;0;0;0;0;0;0;0;0;0;0;0;0;0;0;;0;0;0;35.0;Itens selecionados com até 55% de lucro extra.;35.0;Itens selecionados com até 55% de lucro extra.;0.0;Compre 5 ou mais unidades do Lançamento CBEM DES COL BDY SPLSH ACEROLA/VAI 200ml (90220) e ganhe 1 CBEM LIVRO PARA COLORIR PAPEL (94989). Limitado a 1 por CPF.;;;Não;Não;Não;Não;Não;Não;Não;Não;0;0;;0;0;0;0;0;Não;Não;;Não;0;47;16.85;0;Não
13629;B;BB;88691;CBEM LOC DES HID CP BOA/NOI N/FORM 400ml;CUIDADOS COM A PELE;CUIDADOS COM O CORPO;;;12;37;14;72;8;2;6;74;9;8;10;84;11;8;8;79;8;1;5;14;13;64;;;;;;;30.0;Franqueado: ressarcimento via BSO. Consumidor/Revendedor: Itens selecionados com até 60% de desconto - Iscas Estratégicas.;Não;Não;Não;Não;Não;Não;Não;Não;227;0;41;0;0;0;0;0;Não;Não;;Não;0;30;20.12;0;Não
13629;B;BA;88697;CBEM LOC DES HID CP CER/LIV N/FORM 400ml;CUIDADOS COM A PELE;CUIDADOS COM O CORPO;;;11;30;6;6;4;5;32;10;4;6;4;3;213;79;3;13;1;0;17;10;8;11;;;;;;;;;Não;Não;Não;Não;Não;Não;Não;Não;32;12;18;0;0;0;0;1;Não;Não;;Não;0;30;20.12;0;Não
13629;A;;88694;CBEM LOC DES HID CP R/ALG N/FORM 400ml;CUIDADOS COM A PELE;CUIDADOS COM O CORPO;;;11;43;23;20;21;9;12;202;13;23;19;10;477;255;11;12;79;0;4;28;21;23;;;;;;;;;Não;Não;Não;Não;Não;Não;Não;Não;449;0;48;0;0;0;0;0;Não;Não;;Não;0;30;20.12;0;Não
13629;B;BC;87315;CBEM LOC DES HID CPO AMORUDA 200ml;CUIDADOS COM A PELE;CUIDADOS COM O CORPO;;;11;22;3;4;5;6;3;8;2;40;4;39;6;3;14;1;1;0;25;6;4;5;;;;;;;;;Não;Não;Não;Não;Não;Não;Não;Não;27;0;8;0;0;0;0;0;Não;Não;;Não;0;48;14.53;0;Não
13629;C;;87443;CBEM LOC DES HID CPO AMORUDA 400ml;CUIDADOS COM A PELE;CUIDADOS COM O CORPO;;;14;48;14;15;11;12;0;0;0;0;0;0;0;3;4;39;0;0;34;5;3;5;;;;;;;;;Não;Não;Não;Não;Não;Não;Não;Não;0;0;7;10;0;0;2;7;Sim;Não;Crítico;Não;0;30;20.12;0;Não
13629;C;;85672;CBEM LOC DES HID CPO CER/FAS 200ml;CUIDADOS COM A PELE;CUIDADOS COM O CORPO;;;0;0;0;0;0;0;78;11;3;2;2;3;0;0;1;3;21;0;10;3;3;6;;;;;;;;;Não;Não;Não;Não;Não;Não;Não;Não;6;0;7;2;1;1;4;10;Não;Não;;Não;0;48;14.7;1;Não
13629;B;BC;85671;CBEM LOC DES HID CPO CER/FAS 400ml;CUIDADOS COM A PELE;CUIDADOS COM O CORPO;;;0;0;0;0;0;0;330;40;13;10;6;9;6;4;3;8;56;0;5;7;7;14;;;;;;;;;Não;Não;Não;Sim;Não;Não;Não;Não;35;0;15;32;0;0;0;0;Não;Não;;Não;0;30;20.12;0;Não
13629;E;;85677;CBEM LOC DES HID CPO CER/FASES PRM 50ml;SUPORTE À VENDA;PRM;;;0;0;0;0;0;0;0;0;0;0;0;0;0;0;0;0;0;0;;0;0;0;59.0;Lucro Extra de 59,5% em itens selecionados de PRM. Limitado a 10 unidades.;59.0;Lucro Extra de 59,5% em itens selecionados de PRM. Limitado a 10 unidades.;0.0;Em compras acima de R$500,00 ganhe 1 PRM selecionado.;"0.0
0.0
0.0
0.0";"Revendedor Cobre/Bronze/Prata: Passe um pedido de R$600 e ganhe 2 PRMs selecionados. Limitado a 1 conquista por CPF.
Revendedor Ouro/Platina: Passe um pedido de R$800 e ganhe 4 PRMs selecionados. Limitado a 1 conquista por CPF.
Revendedor Rubi/Esmeralda: Passe um pedido de R$1.200 e ganhe 6 PRMs selecionados. Limitado a 1 conquista por CPF.
Revendedor Diamante: Passe um pedido de R$1.500 e ganhe 10 PRMs selecionados. Limitado a 1 conquista por CPF.";Não;Não;Não;Não;Não;Não;Não;Não;0;22;;0;0;0;0;0;Não;Não;;Não;0;108;4.88;0;Não
13629;B;BB;85543;CBEM LOC DES HID CPO DELEITE V3 200ml;CUIDADOS COM A PELE;CUIDADOS COM O CORPO;;;16;6;11;16;0;3;6;21;8;13;4;90;2;2;50;0;2;6;2;52;5;10;"20.0
10.0";"Franqueado: Ressarcimento via BSO. Consumidor/Revendedor: Itens selecionados Cuide-se bem DELEITE com até 21% de desconto
Lucro Extra em itens selecionados de Cuide-se Bem Deleite de Corpo e Banho, de acordo com a quantidade comprada: 7% de Lucro Extra de 2 a 5 unidades, 10% em 6 ou mais unidades.";"20.0
10.0";"Franqueado: Ressarcimento via BSO. Consumidor/Revendedor: Itens selecionados Cuide-se bem DELEITE com até 21% de desconto
Lucro Extra em itens selecionados de Cuide-se Bem Deleite de Corpo e Banho, de acordo com a quantidade comprada: 7% de Lucro Extra de 2 a 5 unidades, 10% em 6 ou mais unidades.";;;;;Não;Não;Não;Não;Não;Não;Não;Não;0;0;25;57;0;0;0;3;Sim;Não;Crítico;Não;0;48;14.27;0;Não
13629;A;;85124;CBEM LOC DES HID CPO DELEITE V3 400ml;CUIDADOS COM A PELE;CUIDADOS COM O CORPO;;;493;45;82;117;53;497;45;52;53;90;52;79;899;809;58;51;59;57;2;206;61;85;"20.0
10.0";"Franqueado: Ressarcimento via BSO. Consumidor/Revendedor: Itens selecionados Cuide-se bem DELEITE com até 21% de desconto
Lucro Extra em itens selecionados de Cuide-se Bem Deleite de Corpo e Banho, de acordo com a quantidade comprada: 7% de Lucro Extra de 2 a 5 unidades, 10% em 6 ou mais unidades.";"20.0
10.0";"Franqueado: Ressarcimento via BSO. Consumidor/Revendedor: Itens selecionados Cuide-se bem DELEITE com até 21% de desconto
Lucro Extra em itens selecionados de Cuide-se Bem Deleite de Corpo e Banho, de acordo com a quantidade comprada: 7% de Lucro Extra de 2 a 5 unidades, 10% em 6 ou mais unidades.";35.0;Na compra de itens selecionados de cuidados com a pele cuide-se bem no primeiro pedido, ganhe 35% de lucro extra. Limitado a 1 unidade por CPF. Válido para revendedores selecionados.;"35.0
35.0";"Na compra de itens selecionados de cuidados com a pele cuide-se bem no primeiro pedido, ganhe 35% de lucro extra. Limitado a 1 unidade por CPF. Válido para revendedores selecionados.
Revendedor selecionado Inícios de Berçário (até 3 ciclos de vida), ganhe 35% de Lucro Extra em itens selecionados. Limitado a 1 unidade por CPF em seu primeiro pedido no ciclo.";Não;Não;Não;Não;Não;Não;Não;Não;676;0;184;0;0;0;0;0;Não;Não;;Não;0;30;20.12;0;Não
13629;E;;59403;CBEM LOC DES HID CPO MELANC 400ml;CUIDADOS COM A PELE;CUIDADOS COM O CORPO;;;0;0;0;0;0;0;0;0;0;0;0;0;0;0;0;0;0;0;751;136;16;10;20.0;Franqueado: Ressarcimento via BSO. Consumidor/Revendedor: Itens selecionados Cuide-se bem MELANCIA com até 20% de desconto;20.0;Franqueado: Ressarcimento via BSO. Consumidor/Revendedor: Itens selecionados Cuide-se bem MELANCIA com até 20% de desconto;;;;;Não;Não;Não;Não;Não;Não;Não;Não;0;0;21;30;38;44;60;70;Não;Não;;Não;0;30;20.12;38;Não
13629;B;BC;88310;CBEM LOC DES HID CPO MORAN/LEIT V8 400ml;CUIDADOS COM A PELE;CUIDADOS COM O CORPO;;202617;0;30;10;41;7;4;3;48;50;2;27;3;3;4;2;1;16;0;5;4;4;18;;;;;;;36.0;Franqueado: ressarcimento via BSO. Consumidor/Revendedor: Itens selecionados com até 50% de desconto - Iscas Exaustão.;Não;Não;Não;Não;Não;Não;Não;Não;21;0;12;4;0;0;0;12;Não;Não;;Não;0;30;19.67;0;Não
13629;C;;88689;CBEM LOC DES HID CPO NUVEM N/FORM 200ml;CUIDADOS COM A PELE;CUIDADOS COM O CORPO;;;6;9;6;4;77;2;0;0;11;8;2;28;0;0;0;0;4;0;11;6;5;15;;;;;;;21.0;Franqueado: ressarcimento via BSO. Consumidor/Revendedor: Itens selecionados com até 60% de desconto - Iscas Estratégicas.;Não;Não;Não;Não;Não;Não;Não;Não;9;0;14;1;9;9;14;29;Não;Não;;Não;0;48;14.27;9;Não
13629;A;;88688;CBEM LOC DES HID CPO NUVEM N/FORM 400ml;CUIDADOS COM A PELE;CUIDADOS COM O CORPO;;;23;75;337;29;111;8;11;15;85;20;16;20;411;263;14;8;80;2;3;25;117;384;;;;;36.0;Franqueado: Ressarcimento via BSO. Consumidor/Revendedor: Itens selecionados com até 50% de desconto.;36.0;Franqueado: ressarcimento via BSO. Consumidor/Revendedor: Itens selecionados com até 60% de desconto - Iscas Estratégicas.;Não;Não;Não;Sim;Não;Não;Não;Não;368;0;279;0;0;0;48;432;Não;Não;;Não;0;30;20.12;0;Não
13629;B;BB;88700;CBEM LOC DES HID CPO PESSEG N/FORM 400ml;CUIDADOS COM A PELE;CUIDADOS COM O CORPO;;;27;4;11;79;2;9;7;8;35;5;43;5;41;1;8;11;1;0;18;11;11;37;;;;;;;30.0;Franqueado: ressarcimento via BSO. Consumidor/Revendedor: Itens selecionados com até 60% de desconto - Iscas Estratégicas.;Não;Não;Não;Não;Não;Não;Não;Não;0;0;25;0;29;29;40;77;Não;Não;;Não;0;30;20.12;29;Não
13629;C;;57042;CBEM LOC DES HID CPO PESSEGUR/GOST 400ml;CUIDADOS COM A PELE;CUIDADOS COM O CORPO;;;9;34;13;60;9;2;4;42;2;6;15;3;21;2;7;4;5;0;10;11;7;17;;;;;;;49.0;Franqueado: ressarcimento via BSO. Consumidor/Revendedor: Itens selecionados com até 50% de desconto - Iscas Exaustão;Não;Não;Não;Não;Não;Não;Não;Não;20;0;17;0;5;6;13;30;Não;Não;;Não;0;30;20.12;5;Não
13629;C;;53510;CBEM LOC DES HID CPO SHOW/BNH V2 200ml;CUIDADOS COM A PELE;CUIDADOS COM O CORPO;;;0;0;7;3;1;0;0;1;2;1;0;0;0;1;1;2;2;0;12;4;2;3;35.0;Itens selecionados com até 55% de lucro extra.;35.0;Itens selecionados com até 55% de lucro extra.;;;20.0;Itens selecionados com até 60% de lucro extra.;Não;Não;Não;Não;Não;Não;Não;Não;0;0;5;2;4;4;6;9;Não;Não;;Não;0;48;14.46;4;Não
13629;C;;58227;CBEM LOC DES/H CPO DEL CHOCOLATUDO 400ml;CUIDADOS COM A PELE;CUIDADOS COM O CORPO;;;89;9;48;15;1;6;5;10;22;5;19;9;1;6;0;0;0;1;6;91;9;12;"20.0
10.0";"Franqueado: Ressarcimento via BSO. Consumidor/Revendedor: Itens selecionados Cuide-se bem DELEITE com até 21% de desconto
Lucro Extra em itens selecionados de Cuide-se Bem Deleite de Corpo e Banho, de acordo com a quantidade comprada: 7% de Lucro Extra de 2 a 5 unidades, 10% em 6 ou mais unidades.";"20.0
10.0";"Franqueado: Ressarcimento via BSO. Consumidor/Revendedor: Itens selecionados Cuide-se bem DELEITE com até 21% de desconto
Lucro Extra em itens selecionados de Cuide-se Bem Deleite de Corpo e Banho, de acordo com a quantidade comprada: 7% de Lucro Extra de 2 a 5 unidades, 10% em 6 ou mais unidades.";;;;;Não;Não;Não;Não;Não;Não;Não;Não;1;0;28;14;44;49;58;70;Não;Não;;Não;0;30;19.67;44;Não
13629;B;BB;89658;CBEM MANTG DES HID CPO DELEITE 200g;CUIDADOS COM A PELE;CUIDADOS COM O CORPO;;;0;0;0;0;0;0;0;0;0;264;1;1;2;9;2;0;6;0;;8;7;10;;;;;;;;;Não;Não;Não;Não;Não;Não;Não;Não;0;0;;0;0;0;0;0;Não;Sim;;Não;0;40;18.59;0;Não
13629;C;;87067;CBEM MASC CAP FEIR CACH/UVA 250ml;CABELOS;TRATAMENTO CABELOS;;;3;5;10;6;2;5;2;11;4;4;3;8;0;4;11;1;1;0;12;2;7;3;;;;;"15.0
13.0";"Compre itens de CABELOS selecionados da linha CUIDE-SE BEM , no mesmo pedido, e ganhe lucro progressivo de acordo com a quantidade: 2 a 3 itens: 10% de Lucro Extra, 4 a 5 itens: 12% de Lucro Extra, 6 ou mais itens: 15% de Lucro Extra.
Franqueado: Ressarcimento via BSO. Revendedor: Itens selecionados Cuide-se bem (cabelos) com até 15% de desconto.";;;Não;Não;Não;Não;Não;Não;Não;Não;4;0;6;1;2;2;9;12;Não;Não;;Não;0;48;12.94;2;Não
13629;C;;87078;CBEM MASC CAP FEIRA BANANA 250ml;CABELOS;TRATAMENTO CABELOS;;;5;1;4;1;1;3;3;2;3;1;1;5;1;1;2;0;0;0;68;1;5;1;;;;;"15.0
13.0";"Compre itens de CABELOS selecionados da linha CUIDE-SE BEM , no mesmo pedido, e ganhe lucro progressivo de acordo com a quantidade: 2 a 3 itens: 10% de Lucro Extra, 4 a 5 itens: 12% de Lucro Extra, 6 ou mais itens: 15% de Lucro Extra.
Franqueado: Ressarcimento via BSO. Revendedor: Itens selecionados Cuide-se bem (cabelos) com até 15% de desconto.";;;Não;Não;Não;Não;Não;Não;Não;Não;3;0;4;0;1;1;6;7;Não;Não;;Não;0;48;12.1;1;Não
13629;C;;53971;CBEM MASC CAP SCH FEIRA PASTA ABAC 30ml;CABELOS;TRATAMENTO CABELOS;;;0;0;2;1;6;0;1;0;3;0;0;1;0;0;0;0;1;0;16;1;2;2;;;;;"15.0
11.0";"Compre itens de CABELOS selecionados da linha CUIDE-SE BEM , no mesmo pedido, e ganhe lucro progressivo de acordo com a quantidade: 2 a 3 itens: 10% de Lucro Extra, 4 a 5 itens: 12% de Lucro Extra, 6 ou mais itens: 15% de Lucro Extra.
Franqueado: Ressarcimento via BSO. Revendedor: Itens selecionados Cuide-se bem (cabelos) com até 15% de desconto.";39.0;Franqueado: ressarcimento via BSO. Consumidor/Revendedor: Itens selecionados com até 60% de desconto - Iscas Exaustão.;Não;Não;Não;Não;Não;Não;Não;Não;0;0;3;1;2;2;4;6;Não;Não;;Não;0;300;5.05;2;Não
13629;C;;54805;CBEM MASC FAC FEIRA MELANCIA 50g;CUIDADOS FACIAIS;MÁSCARA FACIAL;;;0;1;8;3;3;2;0;4;0;3;1;5;3;1;4;3;2;0;9;4;7;4;;;;;"15.0
15.0";"Lucro extra em itens selecionados de Cuide-se Bem de acordo com a quantidade comprada: 10% em 2 e 15% em 3 ou mais unidades.
Franqueado: ressarcimento via BSO. Revendedor: Itens selecionados Cuide-se bem cuidados faciais com até 15% de desconto.";;;Não;Não;Não;Não;Não;Não;Não;Não;3;0;7;0;7;7;14;18;Não;Não;;Não;0;120;20.62;7;Não
13629;C;;51235;CBEM MASC HID P/BUMBUM PESSEGURA V2 230g;CUIDADOS COM A PELE;CUIDADOS COM O CORPO;;202614;0;0;1;9;0;0;7;1;4;1;0;0;0;0;0;0;0;0;142;2;6;6;;;;;;;;;Não;Não;Não;Não;Não;Não;Não;Não;0;0;8;2;7;7;13;19;Não;Não;;Não;0;38;20.65;7;Não
13629;C;;59196;CBEM MASC SCH F/BANANA V2 30ml;CABELOS;TRATAMENTO CABELOS;;;0;0;0;0;0;1;1;0;1;1;0;1;0;0;1;0;0;0;66;1;1;2;;;;;;;35.0;A cada duas unidades ganhe 35% de lucro extra em itens selecionados. Válido entre os dias 16/11/2026 e 18/11/2026.;Não;Não;Não;Não;Não;Não;Não;Não;0;0;2;0;2;2;3;5;Não;Não;;Não;0;300;5.05;2;Não
13629;C;;87351;CBEM NECESS DOCES DELIRIOS PES;ACESSÓRIOS;ORGANIZADOR COSTURÁVEL;;;4;1;1;0;0;1;0;0;0;7;0;0;0;0;0;0;0;0;;1;1;2;30.0;Itens selecionados com até 55% de lucro extra.;30.0;Itens selecionados com até 55% de lucro extra.;;;18.0;Franqueado: ressarcimento via BSO. Consumidor/Revendedor: Itens selecionados com até 60% de desconto - Iscas Exaustão.;Não;Não;Não;Não;Não;Não;Não;Não;0;0;;0;0;0;0;0;Não;Sim;;Não;0;120;24.32;0;Não
13629;E;;88056;CBEM NECESSAIRE EVA;ACESSÓRIOS;ORGANIZADOR COSTURÁVEL;;;0;0;0;0;0;0;0;0;0;0;0;0;0;0;0;0;0;0;0;1;1;1;30.0;Franqueado: Ressarcimento via BSO. Consumidor/Revendedor: Itens selecionados com até 60% de desconto.;30.0;Franqueado: Ressarcimento via BSO. Consumidor/Revendedor: Itens selecionados com até 60% de desconto.;30.0;Compre itens selecionados e ganhe até 35% de lucro extra.;29.0;Franqueado: ressarcimento via BSO. Consumidor/Revendedor: Itens selecionados com até 60% de desconto - Iscas Exaustão.;Não;Não;Não;Não;Não;Não;Não;Não;0;0;1;0;1;1;2;3;Não;Não;;Não;0;30;19.29;1;Não
13629;C;;56680;CBEM NECESSAIRE FEIRA PES;ACESSÓRIOS;ORGANIZADOR COSTURÁVEL;;;0;1;5;0;0;0;0;0;0;2;0;0;0;2;2;0;0;0;62;1;1;2;;;;;20.0;Compre itens selecionados e ganhe até 35% de lucro extra.;18.0;Franqueado: ressarcimento via BSO. Consumidor/Revendedor: Itens selecionados com até 60% de desconto - Iscas Estratégicas.;Não;Não;Não;Não;Não;Não;Não;Não;0;0;2;1;1;1;2;4;Não;Não;;Não;0;80;20.45;1;Não
13629;C;;56836;CBEM NECESSAIRE PU;ACESSÓRIOS;ORGANIZADOR COSTURÁVEL;;;3;0;0;0;0;0;1;0;2;1;0;0;1;0;2;0;0;0;66;1;1;4;;;;;;;19.0;Franqueado: ressarcimento via BSO. Consumidor/Revendedor: Itens selecionados com até 60% de desconto - Iscas Estratégicas.;Não;Não;Não;Não;Não;Não;Não;Não;0;0;3;1;2;2;3;7;Não;Não;;Não;0;36;28.18;2;Não
13629;E;;89338;CBEM NECESSAIRE ROSA PES;ACESSÓRIOS;ORGANIZADOR COSTURÁVEL;;;0;0;0;0;0;0;21;9;0;0;0;0;0;0;0;0;0;0;;1;2;1;;;;;30.0;Compre itens selecionados e ganhe até 35% de lucro extra.;;;Não;Não;Não;Não;Não;Não;Não;Não;0;0;;0;0;0;0;0;Não;Sim;;Não;0;40;24.32;0;Não
13629;C;;87963;CBEM OL CPO TERMICO CER/FASES 110ml;ÓLEOS;CUIDADOS COM O CORPO;;;0;0;0;0;0;0;144;32;19;12;5;12;4;6;1;2;5;0;16;4;3;6;50.0;Franqueado: Ressarcimento via BSO. Consumidor/Revendedor: Itens selecionados com até 50% de desconto.;50.0;Franqueado: Ressarcimento via BSO. Consumidor/Revendedor: Itens selecionados com até 50% de desconto.;;;;;Não;Não;Não;Não;Não;Não;Não;Não;2;0;7;4;4;4;7;13;Não;Não;;Não;0;70;15.92;4;Não
13629;C;;58342;CBEM OL HID CPO NUVEM/ALEGRIA 110ml;ÓLEOS;CUIDADOS COM O CORPO;;;7;5;12;3;5;20;2;24;0;0;0;0;0;4;4;11;3;0;19;5;5;5;;;;;;;22.0;Franqueado: ressarcimento via BSO. Consumidor/Revendedor: Itens selecionados com até 50% de desconto - Iscas Exaustão.;Não;Não;Não;Não;Não;Não;Não;Não;0;0;9;0;10;10;15;20;Não;Não;;Não;0;70;15.95;10;Não
13629;E;;58231;CBEM SAB BARR DEL ESPECIAL 120g;SABONETE CORPO;CORPO;;;2;6;63;7;1;3;0;0;2;0;0;0;0;0;0;0;0;0;186;15;3;5;"21.0
10.0";"Franqueado: Ressarcimento via BSO. Consumidor/Revendedor: Itens selecionados Cuide-se bem DELEITE com até 21% de desconto
Lucro Extra em itens selecionados de Cuide-se Bem Deleite de Corpo e Banho, de acordo com a quantidade comprada: 7% de Lucro Extra de 2 a 5 unidades, 10% em 6 ou mais unidades.";"21.0
10.0";"Franqueado: Ressarcimento via BSO. Consumidor/Revendedor: Itens selecionados Cuide-se bem DELEITE com até 21% de desconto
Lucro Extra em itens selecionados de Cuide-se Bem Deleite de Corpo e Banho, de acordo com a quantidade comprada: 7% de Lucro Extra de 2 a 5 unidades, 10% em 6 ou mais unidades.";;;;;Não;Não;Não;Não;Não;Não;Não;Não;0;0;5;0;10;11;14;19;Não;Não;;Não;0;91;5.27;10;Não
13629;C;;50882;CBEM SAB BARRA BOA NOITE V2 4x80g;SABONETE CORPO;CORPO;;;32;1;0;19;2;2;3;32;7;1;6;49;0;7;40;5;0;0;27;5;5;18;;;;;;;23.0;Franqueado: ressarcimento via BSO. Consumidor/Revendedor: Itens selecionados com até 60% de desconto - Iscas Exaustão.;Não;Não;Não;Não;Não;Não;Não;Não;0;6;14;7;5;5;10;28;Não;Não;;Não;0;25;11.02;5;Não
13629;C;;85679;CBEM SAB BARRA CER/FASES 4x80g;SABONETE CORPO;CORPO;;;0;0;0;0;0;0;198;30;2;1;5;4;1;7;8;5;31;0;10;3;3;7;;;;;;;;;Não;Não;Não;Não;Não;Não;Não;Não;2;0;8;4;3;4;7;14;Sim;Não;Atendimento parcial;Não;0;25;11.0;3;Não
13629;C;;51231;CBEM SAB BARRA CEREJA LIVRE V2 2x80g;SABONETE CORPO;CORPO;;;3;9;83;48;4;16;40;0;16;57;0;3;0;0;0;0;0;0;103;7;8;8;;;;;;;;;Não;Não;Não;Não;Não;Não;Não;Não;0;44;13;0;0;0;0;0;Não;Não;;Não;0;70;7.12;0;Não
13629;B;BB;89663;CBEM SAB BARRA DELEITE ESPEC 2x90g;SABONETE CORPO;CORPO;;;0;0;0;0;0;0;0;0;0;435;2;0;0;0;0;0;0;0;;5;5;8;;;;;;;;;Não;Não;Não;Não;Não;Não;Não;Não;0;0;;0;0;0;0;0;Não;Sim;;Não;0;24;8.51;0;Não
13629;B;BB;85564;CBEM SAB BARRA DELEITE V2 4x80g;SABONETE CORPO;CORPO;;;33;3;39;19;1;10;9;48;21;30;7;129;3;18;47;1;19;3;3;8;10;37;;;;;;;;;Não;Não;Não;Não;Não;Não;Não;Não;8;0;31;24;5;5;15;52;Sim;Não;Atendimento parcial;Não;0;25;11.49;5;Não
13629;B;BC;85120;CBEM SAB BARRA DELEITE V4 2x80g;SABONETE CORPO;CORPO;;;56;3;15;20;0;16;15;22;26;23;17;46;8;21;66;12;12;32;2;28;13;10;"20.0
10.0";"Franqueado: Ressarcimento via BSO. Consumidor/Revendedor: Itens selecionados Cuide-se bem DELEITE com até 21% de desconto
Lucro Extra em itens selecionados de Cuide-se Bem Deleite de Corpo e Banho, de acordo com a quantidade comprada: 7% de Lucro Extra de 2 a 5 unidades, 10% em 6 ou mais unidades.";"20.0
10.0";"Franqueado: Ressarcimento via BSO. Consumidor/Revendedor: Itens selecionados Cuide-se bem DELEITE com até 21% de desconto
Lucro Extra em itens selecionados de Cuide-se Bem Deleite de Corpo e Banho, de acordo com a quantidade comprada: 7% de Lucro Extra de 2 a 5 unidades, 10% em 6 ou mais unidades.";;;;;Não;Não;Não;Não;Não;Não;Não;Não;84;8;24;7;0;0;0;0;Não;Não;;Não;0;70;7.36;0;Não
13629;C;;53792;CBEM SAB BARRA FEIRA SORTIDO 4x80g;SABONETE CORPO;CORPO;;;31;6;5;0;0;1;0;0;1;9;28;0;0;3;52;0;2;0;12;3;2;3;;;;;;;;;Não;Não;Não;Não;Não;Não;Não;Não;4;0;5;5;0;0;0;3;Não;Não;;Não;0;25;11.0;0;Não
13629;C;;58239;CBEM SAB BARRA NUV/ALEGRIA 4x80g;SABONETE CORPO;CORPO;;;8;5;9;10;6;7;2;4;3;11;4;3;0;2;4;1;3;0;;6;5;7;;;;;;;;;Não;Não;Não;Não;Não;Não;Não;Não;44;0;;0;0;0;0;0;Não;Sim;;Não;0;25;11.0;0;Não
13629;C;;51227;CBEM SAB BARRA NUVEM 4x80g;SABONETE CORPO;CORPO;;;37;0;10;14;0;7;7;9;22;15;1;6;6;9;10;18;6;1;3;10;11;58;;;;;;;23.0;Franqueado: ressarcimento via BSO. Consumidor/Revendedor: Itens selecionados com até 60% de desconto - Iscas Estratégicas.;Não;Não;Não;Não;Não;Não;Não;Não;4;4;44;14;29;29;40;98;Não;Não;;Não;0;25;11.49;29;Não
13629;C;;51226;CBEM SAB BARRA NUVEM V5 2x80g;SABONETE CORPO;CORPO;;;81;11;15;59;54;0;0;0;0;0;8;33;0;0;0;0;4;1;3;12;15;14;;;;;;;;;Não;Não;Não;Não;Não;Não;Não;Não;11;0;22;4;16;16;31;45;Sim;Não;Crítico;Não;0;70;7.36;16;Não
13629;C;;58357;CBEM SAB BARRA PESSEGUR/GOST 4x80g;SABONETE CORPO;CORPO;;;3;8;9;17;13;9;4;2;4;4;7;1;12;2;2;6;3;0;6;5;6;4;;;;;;;35.0;Franqueado: ressarcimento via BSO. Consumidor/Revendedor: Itens selecionados com até 50% de desconto - Iscas Exaustão;Não;Não;Não;Não;Não;Não;Não;Não;10;0;9;0;2;2;8;12;Sim;Não;Crítico;Não;0;25;11.0;2;Não
13629;C;;94499;CBEM SAB BARRA PESSEGURA V3 4x80g;SABONETE CORPO;CORPO;;;28;2;62;92;0;3;4;9;23;8;5;16;38;8;10;13;13;1;4;5;7;32;;;;;;;23.0;Franqueado: ressarcimento via BSO. Consumidor/Revendedor: Itens selecionados com até 60% de desconto - Iscas Estratégicas.;Não;Não;Não;Não;Não;Não;Não;Não;8;0;25;13;7;7;14;46;Não;Não;;Não;0;25;11.0;7;Não
13629;C;;51165;CBEM SAB BARRA ROSA/ALGODAO 4x80g;SABONETE CORPO;CORPO;;;17;9;9;19;7;30;8;7;2;11;16;5;3;6;3;2;2;3;2;6;7;28;;;;;;;23.0;Franqueado: ressarcimento via BSO. Consumidor/Revendedor: Itens selecionados com até 60% de desconto - Iscas Estratégicas.;Não;Não;Não;Não;Não;Não;Não;Não;11;0;20;0;13;13;20;48;Não;Não;;Não;0;25;11.02;13;Não
13629;C;;51166;CBEM SAB BARRA ROSA/ALGODAO V8 2x80g;SABONETE CORPO;CORPO;;;0;5;23;28;0;0;0;7;0;0;0;0;0;0;0;3;1;0;5;12;11;12;;;;;;;;;Não;Não;Não;Não;Não;Não;Não;Não;15;0;20;0;13;14;25;37;Não;Não;;Não;0;70;7.36;13;Não
13629;E;;53515;CBEM SAB BARRA SHOW BANHO V2 2x80g;SABONETE CORPO;CORPO;;;2;6;33;15;9;15;0;0;0;0;0;0;0;0;0;0;0;0;236;1;1;2;;;;;;;20.0;Itens selecionados com até 60% de lucro extra.;Não;Não;Não;Não;Não;Não;Não;Não;0;0;2;0;1;2;3;5;Não;Não;;Não;0;70;7.09;1;Não
13629;C;;85547;CBEM SAB BARRA SORTIDO V2 4x80g;SABONETE CORPO;CORPO;;;1;2;6;12;0;0;1;13;7;6;2;5;9;13;14;9;6;0;17;5;7;64;"11.0
10.0";"Progressiva de itens selecionados, a partir de 2 itens 15% (desconto adicional 5,56%), 3 itens 20% (desconto adicional 11,11%).
Itens selecionados com 10% de desconto direto.";"11.0
10.0";"Progressiva de itens selecionados, a partir de 2 itens 15% (desconto adicional 5,56%), 3 itens 20% (desconto adicional 11,11%).
Itens selecionados com 10% de desconto direto.";"11.0
10.0";"Progressiva de itens selecionados, a partir de 2 itens 15% (desconto adicional 5,56%), 3 itens 20% (desconto adicional 11,11%).
Itens selecionados com 10% de desconto direto.";;;Não;Não;Não;Não;Não;Não;Não;Não;5;4;36;9;21;21;28;92;Não;Não;;Não;0;25;11.49;21;Não
13629;C;;90995;CBEM SAB LIQ CPO 2/1 CER/FASES 200ml;SABONETE CORPO;CORPO;;;0;0;0;0;0;0;176;17;2;8;3;3;2;11;6;6;12;2;2;4;5;7;35.0;Compre itens selecionados de Cuidados, Óleos, Sabonetes, Desodorantes e ganhe lucro extra de até 35%.;35.0;Compre itens selecionados de Cuidados, Óleos, Sabonetes, Desodorantes e ganhe lucro extra de até 35%.;35.0;Compre itens selecionados de Cuidados, Óleos, Desodorantes e ganhe lucro extra de até 35%.;;;Não;Não;Não;Sim;Não;Não;Não;Não;9;0;10;5;0;0;3;10;Não;Não;;Não;0;48;13.99;0;Não
13629;E;;54064;CBEM SAB LIQ CPO NUVEM 50ml;SABONETE CORPO;CORPO;;;0;0;0;0;0;0;0;0;0;0;0;0;0;0;0;0;0;0;;1;1;1;;;;;;;;;Não;Não;Não;Não;Não;Não;Não;Não;0;0;;0;0;0;0;0;Não;Sim;;Não;0;108;7.41;0;Não
13629;C;;51168;CBEM SAB LIQ INT CER LIVRE V2 200ml;SABONETE CORPO;CUIDADOS ÍNTIMOS;;;0;0;34;12;5;25;27;7;7;12;6;0;0;0;15;0;0;0;52;5;6;7;;;;;;;;;Não;Não;Não;Não;Não;Não;Não;Não;0;52;11;0;0;0;0;0;Não;Não;;Não;0;36;13.2;0;Não
13629;C;;87079;CBEM SHAMP FEIR PAST/ABAC 230ml;CABELOS;SHAMPOO/PRÉ-SHAMPOO;;;12;2;7;3;0;0;6;8;3;2;3;10;0;5;15;2;1;1;4;2;8;3;;;;;"15.0
11.0";"Compre itens de CABELOS selecionados da linha CUIDE-SE BEM , no mesmo pedido, e ganhe lucro progressivo de acordo com a quantidade: 2 a 3 itens: 10% de Lucro Extra, 4 a 5 itens: 12% de Lucro Extra, 6 ou mais itens: 15% de Lucro Extra.
Franqueado: Ressarcimento via BSO. Revendedor: Itens selecionados Cuide-se bem (cabelos) com até 15% de desconto.";;;Não;Não;Não;Não;Não;Não;Não;Não;5;0;7;0;3;3;11;14;Não;Não;;Não;0;48;8.87;3;Não
13629;C;;59188;CBEM SHAMP FEIRA BANANA V2 230ml;CABELOS;SHAMPOO/PRÉ-SHAMPOO;;;6;1;2;12;0;0;3;7;5;2;0;7;1;5;9;3;1;1;2;4;13;5;;;;;"15.0
11.0";"Compre itens de CABELOS selecionados da linha CUIDE-SE BEM , no mesmo pedido, e ganhe lucro progressivo de acordo com a quantidade: 2 a 3 itens: 10% de Lucro Extra, 4 a 5 itens: 12% de Lucro Extra, 6 ou mais itens: 15% de Lucro Extra.
Franqueado: Ressarcimento via BSO. Revendedor: Itens selecionados Cuide-se bem (cabelos) com até 15% de desconto.";;;Não;Não;Não;Não;Não;Não;Não;Não;10;0;11;0;4;4;17;22;Não;Não;;Não;0;48;8.87;4;Não
13629;C;;87064;CBEM SHAMP FEIRA CACH/UVA 270ml;CABELOS;SHAMPOO/PRÉ-SHAMPOO;;;7;8;22;9;3;13;3;19;9;17;9;14;8;9;20;8;7;0;5;7;18;8;;;;;"15.0
11.0";"Compre itens de CABELOS selecionados da linha CUIDE-SE BEM , no mesmo pedido, e ganhe lucro progressivo de acordo com a quantidade: 2 a 3 itens: 10% de Lucro Extra, 4 a 5 itens: 12% de Lucro Extra, 6 ou mais itens: 15% de Lucro Extra.
Franqueado: Ressarcimento via BSO. Revendedor: Itens selecionados Cuide-se bem (cabelos) com até 15% de desconto.";;;Não;Não;Não;Não;Não;Não;Não;Não;8;1;17;3;10;10;28;36;Não;Não;;Não;0;48;8.87;10;Não
13629;C;;55104;CBEM SHAMP FEIRA VINAGRE FRAMBOESA 230ml;CABELOS;SHAMPOO/PRÉ-SHAMPOO;;;3;6;13;9;1;2;11;8;6;7;4;8;1;4;7;2;5;0;5;3;12;8;;;;;"15.0
11.0";"Compre itens de CABELOS selecionados da linha CUIDE-SE BEM , no mesmo pedido, e ganhe lucro progressivo de acordo com a quantidade: 2 a 3 itens: 10% de Lucro Extra, 4 a 5 itens: 12% de Lucro Extra, 6 ou mais itens: 15% de Lucro Extra.
Franqueado: Ressarcimento via BSO. Revendedor: Itens selecionados Cuide-se bem (cabelos) com até 15% de desconto.";"25.0
20.0";"Franqueado: ressarcimento via BSO. Consumidor/Revendedor: Itens selecionados com até 50% de desconto - Iscas Estratégicas.
Itens selecionados com até 60% de lucro extra.";Não;Não;Não;Não;Não;Não;Não;Não;7;0;12;0;7;6;18;26;Não;Não;;Não;0;48;8.87;7;Não
13629;C;;57091;CBEM SHAMP FEIRA VINAGRE/MACA V2 230ml;CABELOS;SHAMPOO/PRÉ-SHAMPOO;;;0;0;3;2;0;0;5;3;0;0;0;6;1;3;2;4;4;1;2;2;8;4;;;;;"15.0
11.0";"Compre itens de CABELOS selecionados da linha CUIDE-SE BEM , no mesmo pedido, e ganhe lucro progressivo de acordo com a quantidade: 2 a 3 itens: 10% de Lucro Extra, 4 a 5 itens: 12% de Lucro Extra, 6 ou mais itens: 15% de Lucro Extra.
Franqueado: Ressarcimento via BSO. Revendedor: Itens selecionados Cuide-se bem (cabelos) com até 15% de desconto.";35.0;A cada duas unidades ganhe 35% de lucro extra em itens selecionados. Válido entre os dias 16/11/2026 e 18/11/2026.;Não;Não;Não;Não;Não;Não;Não;Não;2;0;7;0;7;7;15;19;Não;Não;;Não;0;48;8.87;7;Não
13629;C;;57982;CBEM SHAMP HID NUVEM V2 250ml;CABELOS;SHAMPOO/PRÉ-SHAMPOO;;;0;0;0;0;0;0;2;1;1;0;0;0;0;0;0;0;0;0;166;1;4;0;;;;;"15.0
14.0";"Compre itens de CABELOS selecionados da linha CUIDE-SE BEM , no mesmo pedido, e ganhe lucro progressivo de acordo com a quantidade: 2 a 3 itens: 10% de Lucro Extra, 4 a 5 itens: 12% de Lucro Extra, 6 ou mais itens: 15% de Lucro Extra.
Franqueado: Ressarcimento via BSO. Revendedor: Itens selecionados Cuide-se bem (cabelos) com até 15% de desconto.";;;Não;Não;Não;Não;Não;Não;Não;Não;0;0;5;2;3;2;6;8;Sim;Não;Crítico;Não;0;48;12.04;3;Não
13629;B;BB;88913;CBEM SPR INTIMO CER/FASES 75ml;DESODORANTES;DESODORANTE FEMININO;;;0;0;0;0;0;29;176;14;15;46;2;24;30;18;58;34;49;3;2;6;35;8;;;;;20.0;Franqueado: ressarcimento via BSO. Revendedor: Itens selecionados de desodorantes com até 21% de desconto.;;;Não;Não;Não;Não;Não;Não;Não;Não;52;0;35;0;0;0;22;30;Não;Não;;Não;0;120;13.93;0;Não
13629;C;;22248;CECITA DES COL BOTICOLL 100ML;PERFUMARIA;PERFUMARIA FEMININA;;;2;0;39;2;2;0;4;18;2;5;3;0;1;6;2;3;0;0;34;2;2;3;;;;;;;;;Não;Não;Não;Não;Não;Não;Não;Não;6;0;4;0;0;0;1;4;Não;Não;;Não;0;30;49.39;0;Não
13629;C;;83060;CELEBRE DES COL FLOR FRUT FORC 100ml;PERFUMARIA;PERFUMARIA FEMININA;;;7;0;19;5;1;30;0;18;1;4;2;1;2;15;1;1;3;1;2;16;2;4;"15.0
12.0";"Multiplique seus Lucros em Celebre Perfumarias Selecionadas de acordo com a quantidade comprada: 10% de Lucro Extra em 2 unidades e 15% de Lucro Extra em 4 ou mais unidades.
Franqueado: ressarcimento via BSO. Consumidor/Revendedor: Itens selecionados de Celebre (Força Masc. e Força Fem.) com até 14% de desconto para as regiões COSE/SSP.";"15.0
12.0";"Multiplique seus Lucros em Celebre Perfumarias Selecionadas de acordo com a quantidade comprada: 10% de Lucro Extra em 2 unidades e 15% de Lucro Extra em 4 ou mais unidades.
Franqueado: ressarcimento via BSO. Consumidor/Revendedor: Itens selecionados de Celebre (Força Masc. e Força Fem.) com até 14% de desconto para as regiões COSE/SSP.";;;;;Não;Não;Não;Não;Não;Não;Não;Não;3;0;8;3;10;11;13;17;Não;Não;;Não;0;40;33.36;10;Não
13629;C;;83059;CELEBRE DES COL FOUG AROM FORC 100ml;PERFUMARIA;PERFUMARIA MASCULINA;;;15;1;22;2;0;1;2;21;0;2;0;2;0;17;1;3;1;1;2;15;2;4;"15.0
12.0";"Multiplique seus Lucros em Celebre Perfumarias Selecionadas de acordo com a quantidade comprada: 10% de Lucro Extra em 2 unidades e 15% de Lucro Extra em 4 ou mais unidades.
Franqueado: ressarcimento via BSO. Consumidor/Revendedor: Itens selecionados de Celebre (Força Masc. e Força Fem.) com até 14% de desconto para as regiões COSE/SSP.";"15.0
12.0";"Multiplique seus Lucros em Celebre Perfumarias Selecionadas de acordo com a quantidade comprada: 10% de Lucro Extra em 2 unidades e 15% de Lucro Extra em 4 ou mais unidades.
Franqueado: ressarcimento via BSO. Consumidor/Revendedor: Itens selecionados de Celebre (Força Masc. e Força Fem.) com até 14% de desconto para as regiões COSE/SSP.";;;;;Não;Não;Não;Não;Não;Não;Não;Não;7;0;8;0;12;12;14;18;Não;Não;;Não;0;48;33.36;12;Não
13629;C;;86868;CLASH CR PRE E POS BARBA 150g;CUIDADOS COM A BARBA;PÓS-BARBEAR;;;9;0;2;5;3;0;1;1;8;1;0;6;0;1;6;2;3;0;9;2;1;2;;;;;;;;;Não;Não;Não;Não;Não;Não;Não;Não;0;0;3;3;0;0;1;3;Não;Não;;Não;0;48;17.04;0;Não
13629;B;BB;50956;CLASH DES BDY SPR 100ml;DESODORANTES;DESODORANTE MASCULINO;;;43;2;17;7;0;13;11;6;32;13;51;14;4;9;73;13;18;2;3;9;10;18;35.0;Revendedor: Ao realizar uma compra no Espaço do Revendedor, inclua um item selecionado de desodorante body spray e ganhe 35,10% de lucro extra na primeira unidade ao utilizar o cupom “TURBINADOVD”. De 49,90 por 24,90. Limitado a 1 unidade por CPF. Cupom não acumulativo com demais ofertas. Exclusivo para pedidos feitos no Espaço do Revendedor. A promoção deve ser informada ao Revendedor apenas no momento em o pedido for finalizado se o item participante ainda não foi adicionado a compra.;35.0;Revendedor: Ao realizar uma compra no Espaço do Revendedor, inclua um item selecionado de desodorante body spray e ganhe 35,10% de lucro extra na primeira unidade ao utilizar o cupom “TURBINADOVD”. De 49,90 por 24,90. Limitado a 1 unidade por CPF. Cupom não acumulativo com demais ofertas. Exclusivo para pedidos feitos no Espaço do Revendedor. A promoção deve ser informada ao Revendedor apenas no momento em o pedido for finalizado se o item participante ainda não foi adicionado a compra.;;;;;Não;Não;Não;Não;Não;Não;Não;Não;26;5;21;0;0;0;7;25;Sim;Não;Crítico;Não;0;85;16.13;0;Não
13629;E;;86707;CLASH DES BDY SPR EXTREME 100ml;DESODORANTES;DESODORANTE MASCULINO;202614;;0;0;0;0;0;0;0;0;0;0;0;0;0;0;0;0;0;0;0;68;145;16;;;;;"20.0
10.0";"Franqueado: Ressarcimento via BSO. Revendedor: Lançamento de Clash (Intenso) com até 20% de desconto.
10% de Lucro Extra em Itens Selecionados de Body Spray Clash na compra de 2 ou mais unidades.";;;Não;Não;Sim;Não;Não;Não;Sim;Não;0;146;50;104;0;0;0;14;Não;Não;;Não;0;85;16.13;0;Não
13629;A;;50677;CLASH DES COL 100ml;PERFUMARIA;PERFUMARIA MASCULINA;;;74;35;41;51;160;16;16;21;206;85;2;15;120;8;25;20;76;2;3;16;17;122;35.0;Na compra de itens selecionados de perfumaria Clash no primeiro pedido, ganhe 35% de lucro extra. Limitado a 1 unidade por CPF. Válido para revendedores selecionados.;35.0;Na compra de itens selecionados de perfumaria Clash no primeiro pedido, ganhe 35% de lucro extra. Limitado a 1 unidade por CPF. Válido para revendedores selecionados.;35.0;Na compra de itens selecionados de perfumaria Clash no primeiro pedido, ganhe 35% de lucro extra. Limitado a 1 unidade por CPF. Válido para revendedores selecionados.;25.0;Franqueado: ressarcimento via BSO. Consumidor/Revendedor: Itens selecionados com até 50% de desconto - Iscas Estratégicas.;Não;Não;Não;Sim;Não;Não;Não;Não;72;0;88;22;6;6;23;145;Não;Não;;Não;0;32;49.33;6;Não
13629;B;BB;86869;CLASH LOC DES HID CPO 200ml;CUIDADOS COM A PELE;CUIDADOS COM O CORPO;;;39;2;9;249;10;2;4;5;107;9;5;29;48;14;102;8;64;1;2;13;11;16;;;;;;;;;Não;Não;Não;Não;Não;Não;Não;Não;11;5;22;48;0;0;0;0;Não;Não;;Não;0;48;14.09;0;Não
13629;B;BC;86870;CLASH SAB BARR 2x80g;SABONETE CORPO;CORPO;;;31;0;9;207;0;0;0;3;21;6;1;24;3;9;87;4;57;0;6;9;8;12;"11.0
10.0";"Progressiva de itens selecionados, a partir de 2 itens 15% (desconto adicional 5,56%), 3 itens 20% (desconto adicional 11,11%).
Itens selecionados com 10% de desconto direto.";"11.0
10.0";"Progressiva de itens selecionados, a partir de 2 itens 15% (desconto adicional 5,56%), 3 itens 20% (desconto adicional 11,11%).
Itens selecionados com 10% de desconto direto.";"11.0
10.0";"Progressiva de itens selecionados, a partir de 2 itens 15% (desconto adicional 5,56%), 3 itens 20% (desconto adicional 11,11%).
Itens selecionados com 10% de desconto direto.";;;Não;Não;Não;Não;Não;Não;Não;Não;17;0;15;29;0;0;0;0;Sim;Não;Crítico;Não;0;70;8.51;0;Não
13629;E;;49267;COFFEE CREM DES HID W/SEDUC 75ml;CUIDADOS COM A PELE;CUIDADOS COM O CORPO;;;0;0;0;0;0;0;0;0;0;0;0;0;0;0;0;0;0;0;;3;3;4;"11.0
10.0
0.0";"Progressiva de itens selecionados, a partir de 2 itens 15% (desconto adicional 5,56%), 3 itens 20% (desconto adicional 11,11%).
Itens selecionados com 10% de desconto direto.
Junte ao menos 5 embalagens de qualquer marca, leve ao Espaço do Revendedor durante o Ciclo 14/2026, utilizando o cupom ""Botirecicla5"" ao fazer um pedido mínimo e ganhe um produto selecionado para vender com 100% de lucro. Promoção não válida para cartuchos.";"11.0
10.0
0.0";"Progressiva de itens selecionados, a partir de 2 itens 15% (desconto adicional 5,56%), 3 itens 20% (desconto adicional 11,11%).
Itens selecionados com 10% de desconto direto.
Junte ao menos 5 embalagens de qualquer marca, leve ao Espaço do Revendedor durante o Ciclo 14/2026, utilizando o cupom ""Botirecicla5"" ao fazer um pedido mínimo e ganhe um produto selecionado para vender com 100% de lucro. Promoção não válida para cartuchos.";"11.0
10.0";"Progressiva de itens selecionados, a partir de 2 itens 15% (desconto adicional 5,56%), 3 itens 20% (desconto adicional 11,11%).
Itens selecionados com 10% de desconto direto.";21.0;Franqueado: ressarcimento via BSO. Consumidor/Revendedor: Itens selecionados com até 40% de desconto - Iscas Exaustão.;Não;Não;Não;Não;Não;Não;Não;Não;0;0;;0;0;0;0;0;Não;Sim;;Não;0;80;10.65;0;Não
13629;B;BB;81330;COFFEE D/C ADD/MAN/ORIENT/AROM V2 100ml;PERFUMARIA;PERFUMARIA MASCULINA;;;3;16;3;15;5;0;8;15;4;2;2;9;3;4;11;5;4;2;3;40;2;3;"21.0
10.0";"Franqueado: ressarcimento via BSO. Consumidor/Revendedor: Itens selecionados de Coffee (DUO WOMAN, SEDUCTION WOMAN e ADDICTIVE MAN e WOMAN) com até 21% de desconto
Compre 2 o mais itens selecionados de Perfumaria Coffee e ganhe lucro extra de 10%.";"21.0
10.0";"Franqueado: ressarcimento via BSO. Consumidor/Revendedor: Itens selecionados de Coffee (DUO WOMAN, SEDUCTION WOMAN e ADDICTIVE MAN e WOMAN) com até 21% de desconto
Compre 2 o mais itens selecionados de Perfumaria Coffee e ganhe lucro extra de 10%.";;;;;Não;Não;Não;Não;Não;Não;Não;Não;15;11;14;22;0;0;0;3;Não;Não;;Não;0;35;63.17;0;Não
13629;A;;49250;COFFEE D/C DUO/WOM/ORIENT/AMAD V2 100ml;PERFUMARIA;PERFUMARIA FEMININA;;;59;27;90;79;75;0;183;49;31;57;171;24;24;131;22;53;42;52;2;197;27;39;"21.0
10.0";"Franqueado: ressarcimento via BSO. Consumidor/Revendedor: Itens selecionados de Coffee (DUO WOMAN, SEDUCTION WOMAN e ADDICTIVE MAN e WOMAN) com até 21% de desconto
Compre 2 o mais itens selecionados de Perfumaria Coffee e ganhe lucro extra de 10%.";"21.0
10.0";"Franqueado: ressarcimento via BSO. Consumidor/Revendedor: Itens selecionados de Coffee (DUO WOMAN, SEDUCTION WOMAN e ADDICTIVE MAN e WOMAN) com até 21% de desconto
Compre 2 o mais itens selecionados de Perfumaria Coffee e ganhe lucro extra de 10%.";35.0;Revendedor selecionado Inícios de Berçário (até 3 ciclos de vida), ganhe 35% de Lucro Extra em itens selecionados. Limitado a 1 unidade por CPF em seu primeiro pedido no ciclo.;;;Não;Não;Não;Não;Não;Não;Não;Não;11;90;130;30;147;155;182;221;Não;Não;;Não;0;30;61.63;147;Não
13629;A;;49252;COFFEE D/C SEDUC/WOM/FLORIEN/FR V6 100ml;PERFUMARIA;PERFUMARIA FEMININA;;;9;15;29;84;0;0;68;120;11;77;90;24;77;18;22;91;30;11;2;121;17;120;"21.0
10.0";"Franqueado: ressarcimento via BSO. Consumidor/Revendedor: Itens selecionados de Coffee (DUO WOMAN, SEDUCTION WOMAN e ADDICTIVE MAN e WOMAN) com até 21% de desconto
Compre 2 o mais itens selecionados de Perfumaria Coffee e ganhe lucro extra de 10%.";"21.0
10.0";"Franqueado: ressarcimento via BSO. Consumidor/Revendedor: Itens selecionados de Coffee (DUO WOMAN, SEDUCTION WOMAN e ADDICTIVE MAN e WOMAN) com até 21% de desconto
Compre 2 o mais itens selecionados de Perfumaria Coffee e ganhe lucro extra de 10%.";35.0;Na compra de itens selecionados de perfumaria Coffee no primeiro pedido, ganhe 35% de lucro extra. Limitado a 1 unidade por CPF. Válido para revendedores selecionados.;15.0;Franqueado: ressarcimento via BSO. Consumidor/Revendedor: Itens selecionados com até 50% de desconto - Iscas Estratégicas.;Não;Não;Não;Não;Não;Não;Não;Não;104;0;112;60;39;44;61;181;Não;Não;;Não;0;30;63.17;39;Não
13629;B;BB;81384;COFFEE D/COL ADD/WOM/ORIENT/FR V2 100ml;PERFUMARIA;PERFUMARIA FEMININA;;;9;23;3;35;2;0;19;35;19;11;1;10;10;2;16;0;4;2;3;37;4;51;"21.0
10.0";"Franqueado: ressarcimento via BSO. Consumidor/Revendedor: Itens selecionados de Coffee (DUO WOMAN, SEDUCTION WOMAN e ADDICTIVE MAN e WOMAN) com até 21% de desconto
Compre 2 o mais itens selecionados de Perfumaria Coffee e ganhe lucro extra de 10%.";"21.0
10.0";"Franqueado: ressarcimento via BSO. Consumidor/Revendedor: Itens selecionados de Coffee (DUO WOMAN, SEDUCTION WOMAN e ADDICTIVE MAN e WOMAN) com até 21% de desconto
Compre 2 o mais itens selecionados de Perfumaria Coffee e ganhe lucro extra de 10%.";;;35.0;Franqueado: ressarcimento via BSO. Consumidor/Revendedor: Itens selecionados com até 50% de desconto - Iscas Estratégicas.;Não;Não;Não;Não;Não;Não;Não;Não;79;17;33;0;0;0;0;21;Não;Não;;Não;0;30;63.17;0;Não
13629;B;BB;49245;COFFEE D/COL DUO MAN FOUG/AMB V2 100ml;PERFUMARIA;PERFUMARIA MASCULINA;;;82;16;27;26;0;1;38;18;12;9;14;22;0;0;5;11;25;0;6;8;9;11;;;;;;;;;Não;Não;Não;Não;Não;Não;Não;Não;29;0;16;1;0;0;1;12;Não;Não;;Não;0;35;61.64;0;Não
13629;B;BB;49244;COFFEE D/COL MAN ORIENT/AMB V4 100ml;PERFUMARIA;PERFUMARIA MASCULINA;;;4;8;12;3;2;0;14;24;4;5;28;7;2;4;15;4;4;2;3;12;3;4;20.0;Itens selecionados com até 55% de lucro extra.;20.0;Itens selecionados com até 55% de lucro extra.;;;;;Não;Não;Não;Não;Não;Não;Não;Não;10;0;8;2;4;5;8;12;Não;Não;;Não;0;35;63.14;4;Não
13629;E;;95013;COFFEE D/COL MAN/ADD OR/AROM PRM V2 10ml;SUPORTE À VENDA;PRM;;;0;0;0;0;0;0;0;0;0;0;0;0;0;1;0;0;3;0;;0;0;0;"0.0
0.0";"Na compra de 2 unidades de Perfumaria Coffee selecionados ganhe 1 PRM selecionado
Na compra de 3 ou mais Perfumaria Coffee selecionados ganhe 2 PRMs selecionados.";"0.0
0.0";"Na compra de 2 unidades de Perfumaria Coffee selecionados ganhe 1 PRM selecionado
Na compra de 3 ou mais Perfumaria Coffee selecionados ganhe 2 PRMs selecionados.";;;;;Não;Não;Não;Não;Não;Não;Não;Não;0;0;;0;0;0;0;0;Não;Não;;Não;0;450;5.2;0;Não
13629;B;BB;49247;COFFEE D/COL SEDUC MAN OR/AMAD V5 100ml;PERFUMARIA;PERFUMARIA MASCULINA;;;4;6;10;39;1;0;13;21;6;10;1;3;5;5;8;23;1;3;3;4;10;55;;;;;25.0;Franqueado: Ressarcimento via BSO. Consumidor/Revendedor: Itens selecionados com até 50% de desconto.;25.0;Franqueado: ressarcimento via BSO. Consumidor/Revendedor: Itens selecionados com até 60% de desconto - Iscas Estratégicas.;Não;Não;Não;Sim;Não;Não;Não;Não;21;0;30;0;12;12;22;77;Não;Não;;Não;0;35;63.17;12;Não
13629;E;;95012;COFFEE D/COL WOM/ADD OR/FRUT PRM V2 10ml;SUPORTE À VENDA;PRM;;;0;0;0;0;0;0;0;0;0;1;0;0;0;0;0;0;0;0;;0;0;0;"0.0
0.0";"Na compra de 2 unidades de Perfumaria Coffee selecionados ganhe 1 PRM selecionado
Na compra de 3 ou mais Perfumaria Coffee selecionados ganhe 2 PRMs selecionados.";"0.0
0.0";"Na compra de 2 unidades de Perfumaria Coffee selecionados ganhe 1 PRM selecionado
Na compra de 3 ou mais Perfumaria Coffee selecionados ganhe 2 PRMs selecionados.";;;;;Não;Não;Não;Não;Não;Não;Não;Não;0;0;;0;0;0;0;0;Não;Não;;Não;0;450;5.2;0;Não
13629;C;;86077;COFFEE DES ANTIT AER ORIENT/AMB 125ml;DESODORANTES;DESODORANTE MASCULINO;;;0;0;2;0;0;1;0;0;1;1;2;3;0;1;13;3;2;0;13;3;2;1;25.0;Compre itens selecionados de Cuidados, Óleos, Sabonetes, Desodorantes e ganhe lucro extra de até 35%.;25.0;Compre itens selecionados de Cuidados, Óleos, Sabonetes, Desodorantes e ganhe lucro extra de até 35%.;25.0;Compre itens selecionados de Cuidados, Óleos, Desodorantes e ganhe lucro extra de até 35%.;;;Não;Não;Não;Não;Não;Não;Não;Não;0;0;4;2;2;2;4;5;Sim;Não;Crítico;Não;0;72;12.51;2;Não
13629;B;BA;49193;COFFEE DES COL UNIQ MAN FOUG/OR 100ml;PERFUMARIA;PERFUMARIA MASCULINA;;;0;59;200;17;13;7;14;11;6;40;4;10;27;5;7;34;4;0;5;6;7;29;;;;;;;25.0;Franqueado: ressarcimento via BSO. Consumidor/Revendedor: Itens selecionados com até 50% de desconto - Iscas Estratégicas.;Não;Não;Não;Não;Não;Não;Não;Não;172;0;24;0;0;0;0;0;Não;Não;;Não;0;35;63.17;0;Não
13629;B;BA;49154;COFFEE DES COL UNIQ WOM FL/GOURM 100ml;PERFUMARIA;PERFUMARIA FEMININA;;;0;84;236;36;14;19;21;24;15;29;12;13;45;6;10;32;7;0;6;6;7;8;;;;;;;;;Não;Não;Não;Não;Não;Não;Não;Não;196;0;14;0;0;0;0;0;Não;Não;;Não;0;30;63.17;0;Não
13629;C;;83756;COFFEE DES COL WOMAN LUCKY 100ML;PERFUMARIA;PERFUMARIA FEMININA;;;1;2;2;3;6;1;3;1;1;7;4;2;1;1;2;5;2;0;12;2;2;3;;;;;;;20.0;Itens selecionados com até 60% de lucro extra.;Não;Não;Não;Não;Não;Não;Não;Não;0;0;4;2;3;3;5;8;Não;Não;;Não;0;32;63.14;3;Não
13629;C;;94208;COFFEE SAB LIQ CPO W/SEDUCTION V2 150ml;SABONETE CORPO;CORPO;202612;;0;0;0;4;0;1;3;1;1;0;0;0;0;0;0;0;0;0;179;1;1;2;;;;;;;;;Não;Não;Não;Não;Não;Não;Não;Não;3;0;2;0;0;0;1;3;Não;Não;;Não;0;48;13.75;0;Não
13629;E;;96371;DR BOT LOC HID CP POC/DIVERSAO 150ml;INFANTIL;CUIDADOS COM O CORPO;202614;;0;0;0;0;0;0;0;0;0;0;0;0;0;0;0;0;0;96;2;81;9;1;"16.0
10.0
10.0";"Franqueado: ressarcimento via BSO. Consumidor/Revendedor: Progressiva de itens selecionados de infantil (incluindo os lançamentos: Dr. Botica Porção da Diversão, Next Toy Story e Sophie Pixar). Na compra de 2 itens: 15% (desconto adicional 5,56%) 3 ou mais: 25% (desconto adicional 16,67%).
Franqueado: ressarcimento via BSO. Consumidor/Revendedor: Compre itens selecionados de infantil (incluindo os lançamentos: Dr. Botica Porção da Diversão, Next Toy Story e Sophie Pixar) e ganhe 10% de desconto direto a partir da primeira unidade.
Revendedor: compre itens selecionados da linha DR BOTICA, no mesmo pedido, e conquiste LUCRO EXTRA de 10% na compra de 4 ou mais itens.";"16.0
10.0
10.0";"Franqueado: ressarcimento via BSO. Consumidor/Revendedor: Progressiva de itens selecionados de infantil (incluindo os lançamentos: Dr. Botica Porção da Diversão, Next Toy Story e Sophie Pixar). Na compra de 2 itens: 15% (desconto adicional 5,56%) 3 ou mais: 25% (desconto adicional 16,67%).
Franqueado: ressarcimento via BSO. Consumidor/Revendedor: Compre itens selecionados de infantil (incluindo os lançamentos: Dr. Botica Porção da Diversão, Next Toy Story e Sophie Pixar) e ganhe 10% de desconto direto a partir da primeira unidade.
Revendedor: compre itens selecionados da linha DR BOTICA, no mesmo pedido, e conquiste LUCRO EXTRA de 10% na compra de 4 ou mais itens.";;;;;Não;Não;Não;Não;Não;Não;Não;Não;4;0;12;0;39;43;52;53;Não;Não;;Não;0;48;12.54;39;Não
13629;E;;58511;DR BOTICA BONECO PELUCIA PES V2;ACESSÓRIOS;BRINQUEDO;;;4;1;3;0;0;0;0;0;1;0;0;0;0;0;0;0;0;0;;1;1;1;25.0;Franqueado: ressarcimento via BSO. Consumidor/Revendedor: Itens selecionados acessórios com até 30% de desconto.;25.0;Franqueado: ressarcimento via BSO. Consumidor/Revendedor: Itens selecionados acessórios com até 30% de desconto.;15.0;Compre itens selecionados e ganhe até 35% de lucro extra.;;;Não;Não;Não;Não;Não;Não;Não;Não;0;0;;0;0;0;0;0;Não;Sim;;Não;0;48;23.16;0;Não
13629;C;;83684;DR BOTICA COL POC/AVENTURA 120ml;INFANTIL;PERFUMARIA;;;9;1;6;10;1;6;9;2;3;6;3;5;1;2;2;7;0;0;34;3;2;13;;;;;;;24.0;Franqueado: ressarcimento via BSO. Consumidor/Revendedor: Itens selecionados com até 60% de desconto - Iscas Estratégicas.;Não;Não;Não;Não;Não;Não;Não;Não;0;3;8;2;5;5;7;20;Não;Não;;Não;0;24;27.16;5;Não
13629;B;BC;53921;DR BOTICA COL POC/CORAC V2 120ml;INFANTIL;PERFUMARIA;;;18;7;14;15;1;7;4;8;11;19;2;3;3;10;13;5;2;4;2;25;5;7;"16.0
10.0
10.0";"Franqueado: ressarcimento via BSO. Consumidor/Revendedor: Progressiva de itens selecionados de infantil (incluindo os lançamentos: Dr. Botica Porção da Diversão, Next Toy Story e Sophie Pixar). Na compra de 2 itens: 15% (desconto adicional 5,56%) 3 ou mais: 25% (desconto adicional 16,67%).
Revendedor: compre itens selecionados da linha DR BOTICA, no mesmo pedido, e conquiste LUCRO EXTRA de 10% na compra de 4 ou mais itens.
Franqueado: ressarcimento via BSO. Consumidor/Revendedor: Compre itens selecionados de infantil (incluindo os lançamentos: Dr. Botica Porção da Diversão, Next Toy Story e Sophie Pixar) e ganhe 10% de desconto direto a partir da primeira unidade.";"16.0
10.0
10.0";"Franqueado: ressarcimento via BSO. Consumidor/Revendedor: Progressiva de itens selecionados de infantil (incluindo os lançamentos: Dr. Botica Porção da Diversão, Next Toy Story e Sophie Pixar). Na compra de 2 itens: 15% (desconto adicional 5,56%) 3 ou mais: 25% (desconto adicional 16,67%).
Revendedor: compre itens selecionados da linha DR BOTICA, no mesmo pedido, e conquiste LUCRO EXTRA de 10% na compra de 4 ou mais itens.
Franqueado: ressarcimento via BSO. Consumidor/Revendedor: Compre itens selecionados de infantil (incluindo os lançamentos: Dr. Botica Porção da Diversão, Next Toy Story e Sophie Pixar) e ganhe 10% de desconto direto a partir da primeira unidade.";;;;;Sim;Sim;Não;Não;Não;Não;Não;Não;3;0;15;8;15;16;21;28;Sim;Não;Crítico;Não;0;24;27.16;15;Não
13629;C;;94572;DR BOTICA COL POC/CRIATIV V2 120ml;INFANTIL;PERFUMARIA;;;3;0;4;3;1;3;10;1;1;1;1;6;1;0;1;7;1;0;16;2;2;5;;;;;;;24.0;Franqueado: ressarcimento via BSO. Consumidor/Revendedor: Itens selecionados com até 60% de desconto - Iscas Estratégicas.;Não;Não;Não;Não;Não;Não;Não;Não;4;0;5;0;2;2;4;9;Não;Não;;Não;0;24;27.16;2;Não
13629;C;;51441;DR BOTICA COL POCAO FORCA 120ml V2;INFANTIL;PERFUMARIA;;;1;1;12;1;2;8;0;2;0;2;0;5;2;1;4;1;1;1;2;13;2;2;"16.0
10.0
10.0";"Franqueado: ressarcimento via BSO. Consumidor/Revendedor: Progressiva de itens selecionados de infantil (incluindo os lançamentos: Dr. Botica Porção da Diversão, Next Toy Story e Sophie Pixar). Na compra de 2 itens: 15% (desconto adicional 5,56%) 3 ou mais: 25% (desconto adicional 16,67%).
Franqueado: ressarcimento via BSO. Consumidor/Revendedor: Compre itens selecionados de infantil (incluindo os lançamentos: Dr. Botica Porção da Diversão, Next Toy Story e Sophie Pixar) e ganhe 10% de desconto direto a partir da primeira unidade.
Revendedor: compre itens selecionados da linha DR BOTICA, no mesmo pedido, e conquiste LUCRO EXTRA de 10% na compra de 4 ou mais itens.";"16.0
10.0
10.0";"Franqueado: ressarcimento via BSO. Consumidor/Revendedor: Progressiva de itens selecionados de infantil (incluindo os lançamentos: Dr. Botica Porção da Diversão, Next Toy Story e Sophie Pixar). Na compra de 2 itens: 15% (desconto adicional 5,56%) 3 ou mais: 25% (desconto adicional 16,67%).
Franqueado: ressarcimento via BSO. Consumidor/Revendedor: Compre itens selecionados de infantil (incluindo os lançamentos: Dr. Botica Porção da Diversão, Next Toy Story e Sophie Pixar) e ganhe 10% de desconto direto a partir da primeira unidade.
Revendedor: compre itens selecionados da linha DR BOTICA, no mesmo pedido, e conquiste LUCRO EXTRA de 10% na compra de 4 ou mais itens.";;;;;Sim;Sim;Não;Não;Não;Não;Não;Não;1;0;7;9;2;3;5;7;Sim;Não;Crítico;Não;0;24;27.16;2;Não
13629;B;BC;94199;DR BOTICA COL POCAO/CORAG V3 120ml;INFANTIL;PERFUMARIA;;;14;0;8;15;1;7;4;2;11;12;4;19;0;7;16;2;4;11;2;21;3;8;"16.0
10.0
10.0";"Franqueado: ressarcimento via BSO. Consumidor/Revendedor: Progressiva de itens selecionados de infantil (incluindo os lançamentos: Dr. Botica Porção da Diversão, Next Toy Story e Sophie Pixar). Na compra de 2 itens: 15% (desconto adicional 5,56%) 3 ou mais: 25% (desconto adicional 16,67%).
Revendedor: compre itens selecionados da linha DR BOTICA, no mesmo pedido, e conquiste LUCRO EXTRA de 10% na compra de 4 ou mais itens.
Franqueado: ressarcimento via BSO. Consumidor/Revendedor: Compre itens selecionados de infantil (incluindo os lançamentos: Dr. Botica Porção da Diversão, Next Toy Story e Sophie Pixar) e ganhe 10% de desconto direto a partir da primeira unidade.";"16.0
10.0
10.0";"Franqueado: ressarcimento via BSO. Consumidor/Revendedor: Progressiva de itens selecionados de infantil (incluindo os lançamentos: Dr. Botica Porção da Diversão, Next Toy Story e Sophie Pixar). Na compra de 2 itens: 15% (desconto adicional 5,56%) 3 ou mais: 25% (desconto adicional 16,67%).
Revendedor: compre itens selecionados da linha DR BOTICA, no mesmo pedido, e conquiste LUCRO EXTRA de 10% na compra de 4 ou mais itens.
Franqueado: ressarcimento via BSO. Consumidor/Revendedor: Compre itens selecionados de infantil (incluindo os lançamentos: Dr. Botica Porção da Diversão, Next Toy Story e Sophie Pixar) e ganhe 10% de desconto direto a partir da primeira unidade.";;;;;Sim;Sim;Não;Não;Não;Não;Não;Não;0;0;13;7;13;14;17;25;Não;Não;;Não;0;24;32.4;13;Não
13629;E;;96373;DR BOTICA COL POCAO/DIVERSAO 120ml;INFANTIL;PERFUMARIA;202614;;0;0;0;0;0;0;0;0;0;0;0;0;0;0;0;0;0;36;;70;2;1;"16.0
10.0
10.0";"Franqueado: ressarcimento via BSO. Consumidor/Revendedor: Progressiva de itens selecionados de infantil (incluindo os lançamentos: Dr. Botica Porção da Diversão, Next Toy Story e Sophie Pixar). Na compra de 2 itens: 15% (desconto adicional 5,56%) 3 ou mais: 25% (desconto adicional 16,67%).
Franqueado: ressarcimento via BSO. Consumidor/Revendedor: Compre itens selecionados de infantil (incluindo os lançamentos: Dr. Botica Porção da Diversão, Next Toy Story e Sophie Pixar) e ganhe 10% de desconto direto a partir da primeira unidade.
Revendedor: compre itens selecionados da linha DR BOTICA, no mesmo pedido, e conquiste LUCRO EXTRA de 10% na compra de 4 ou mais itens.";"16.0
10.0
10.0";"Franqueado: ressarcimento via BSO. Consumidor/Revendedor: Progressiva de itens selecionados de infantil (incluindo os lançamentos: Dr. Botica Porção da Diversão, Next Toy Story e Sophie Pixar). Na compra de 2 itens: 15% (desconto adicional 5,56%) 3 ou mais: 25% (desconto adicional 16,67%).
Franqueado: ressarcimento via BSO. Consumidor/Revendedor: Compre itens selecionados de infantil (incluindo os lançamentos: Dr. Botica Porção da Diversão, Next Toy Story e Sophie Pixar) e ganhe 10% de desconto direto a partir da primeira unidade.
Revendedor: compre itens selecionados da linha DR BOTICA, no mesmo pedido, e conquiste LUCRO EXTRA de 10% na compra de 4 ou mais itens.";;;;;Não;Não;Não;Não;Não;Não;Não;Não;80;0;;0;0;0;0;0;Não;Sim;;Não;0;24;32.4;0;Não
13629;C;;52140;DR BOTICA COND POC/BRILHO CACHOS 400ml;INFANTIL;CABELOS;;;0;0;18;3;2;0;3;2;2;3;5;21;3;1;7;2;3;0;9;2;2;7;;;;;;;24.0;Franqueado: ressarcimento via BSO. Consumidor/Revendedor: Itens selecionados com até 50% de desconto - Iscas Estratégicas.;Não;Não;Não;Não;Não;Não;Não;Não;5;0;6;0;2;2;4;11;Sim;Não;Crítico;Não;0;28;18.93;2;Não
13629;C;;55245;DR BOTICA COND POC/BRILHO CRESPOS 400ml;INFANTIL;CABELOS;;;2;1;6;0;2;12;8;3;4;1;2;1;1;0;1;0;8;0;6;2;2;3;;;;;;;;;Não;Não;Não;Não;Não;Não;Não;Não;1;1;4;1;2;2;4;7;Não;Não;;Não;0;28;18.93;2;Não
13629;C;;52136;DR BOTICA COND POC/BRILHO LISOS 400ml;INFANTIL;CABELOS;;;12;3;4;5;6;11;0;0;4;8;2;20;3;3;7;4;8;2;3;3;2;13;;;;;;;24.0;Franqueado: ressarcimento via BSO. Consumidor/Revendedor: Itens selecionados com até 50% de desconto - Iscas Estratégicas.;Não;Não;Não;Não;Não;Não;Não;Não;8;0;8;0;3;3;5;18;Sim;Não;Crítico;Não;0;28;18.93;3;Não
13629;C;;50797;DR BOTICA COND POC/BRLH 400ml V2;INFANTIL;CABELOS;;;3;2;4;4;9;0;0;3;1;3;3;1;0;0;6;6;3;0;13;6;6;5;30.0;Franqueado: Ressarcimento via BSO. Consumidor/Revendedor: Itens selecionados com até 60% de desconto.;30.0;Franqueado: Ressarcimento via BSO. Consumidor/Revendedor: Itens selecionados com até 60% de desconto.;25.0;Compre itens selecionados e ganhe lucro extra de até 25%.;20.0;Itens selecionados com até 60% de lucro extra.;Não;Não;Não;Não;Não;Não;Não;Não;0;3;9;1;9;9;15;20;Não;Não;;Não;0;30;18.93;9;Não
13629;C;;52147;DR BOTICA CR PENT POC/TR/NO CACHOS 350ml;INFANTIL;CABELOS;;;18;4;29;10;1;12;7;1;0;1;0;0;3;13;6;0;4;0;6;3;3;16;;;;;;;24.0;Franqueado: ressarcimento via BSO. Consumidor/Revendedor: Itens selecionados com até 50% de desconto - Iscas Estratégicas.;Não;Não;Não;Não;Não;Não;Não;Não;3;0;11;8;1;1;4;20;Sim;Não;Crítico;Não;0;28;18.25;1;Não
13629;C;;52164;DR BOTICA CR PENT POC/TR/NO CRESP 350ml;INFANTIL;CABELOS;;;5;6;7;1;5;10;11;17;4;4;3;6;1;4;2;2;9;0;9;2;2;2;;;;;;;;;Não;Não;Não;Não;Não;Não;Não;Não;0;2;4;4;0;0;1;3;Não;Não;;Não;0;28;18.25;0;Não
13629;C;;52110;DR BOTICA CR PENT POC/TR/NO LISOS 350ml;INFANTIL;CABELOS;;;9;2;18;3;4;15;3;4;5;8;2;17;2;5;9;9;7;1;3;4;4;17;;;;;;;24.0;Franqueado: ressarcimento via BSO. Consumidor/Revendedor: Itens selecionados com até 50% de desconto - Iscas Estratégicas.;Não;Não;Não;Não;Não;Não;Não;Não;16;0;12;0;0;0;3;20;Não;Não;;Não;0;28;18.25;0;Não
13629;C;;55222;DR BOTICA ESPUM BNH NUV/IDEIAS 150ml;INFANTIL;SABONETES;;;0;1;0;1;1;0;0;2;0;0;0;0;0;0;2;0;0;0;47;2;1;1;"16.0
10.0
10.0";"Franqueado: ressarcimento via BSO. Consumidor/Revendedor: Progressiva de itens selecionados de infantil (incluindo os lançamentos: Dr. Botica Porção da Diversão, Next Toy Story e Sophie Pixar). Na compra de 2 itens: 15% (desconto adicional 5,56%) 3 ou mais: 25% (desconto adicional 16,67%).
Revendedor: compre itens selecionados da linha DR BOTICA, no mesmo pedido, e conquiste LUCRO EXTRA de 10% na compra de 4 ou mais itens.
Franqueado: ressarcimento via BSO. Consumidor/Revendedor: Compre itens selecionados de infantil (incluindo os lançamentos: Dr. Botica Porção da Diversão, Next Toy Story e Sophie Pixar) e ganhe 10% de desconto direto a partir da primeira unidade.";"16.0
10.0
10.0";"Franqueado: ressarcimento via BSO. Consumidor/Revendedor: Progressiva de itens selecionados de infantil (incluindo os lançamentos: Dr. Botica Porção da Diversão, Next Toy Story e Sophie Pixar). Na compra de 2 itens: 15% (desconto adicional 5,56%) 3 ou mais: 25% (desconto adicional 16,67%).
Revendedor: compre itens selecionados da linha DR BOTICA, no mesmo pedido, e conquiste LUCRO EXTRA de 10% na compra de 4 ou mais itens.
Franqueado: ressarcimento via BSO. Consumidor/Revendedor: Compre itens selecionados de infantil (incluindo os lançamentos: Dr. Botica Porção da Diversão, Next Toy Story e Sophie Pixar) e ganhe 10% de desconto direto a partir da primeira unidade.";;;30.0;Itens selecionados com até 60% de lucro extra.;Não;Não;Não;Não;Não;Não;Não;Não;7;0;2;0;0;0;0;0;Não;Não;;Não;0;60;16.84;0;Não
13629;C;;52172;DR BOTICA LOC HID CPO POC/NUVENS 400ml;INFANTIL;CUIDADOS COM O CORPO;;;0;0;0;10;3;0;8;9;3;9;11;1;0;4;11;3;2;0;17;1;7;2;;;;;30.0;Consumidor/Revendedor: Compre  BOTI SUN PROT SOL INF ACQUA FLD 120ml e DR BOTICA LOC HID CPO POC DAS NUV 400ml DE: R$ 169,80 POR: R$ 117,90 com -30,56537% de desconto.;;;Não;Não;Não;Não;Não;Não;Não;Não;0;2;5;3;1;1;8;10;Não;Não;;Não;0;28;23.35;1;Não
13629;C;;59701;DR BOTICA MOCHILA PES;ACESSÓRIOS;ORGANIZADOR COSTURÁVEL;;;22;0;2;0;0;0;0;0;0;2;0;0;3;0;0;1;1;2;5;8;1;1;25.0;Franqueado: ressarcimento via BSO. Consumidor/Revendedor: Itens selecionados acessórios com até 30% de desconto.;25.0;Franqueado: ressarcimento via BSO. Consumidor/Revendedor: Itens selecionados acessórios com até 30% de desconto.;;;;;Não;Não;Não;Não;Não;Não;Não;Não;0;0;3;2;3;4;5;6;Não;Não;;Não;0;20;46.36;3;Não
13629;C;;56198;DR BOTICA ROUPAO INFANTIL PES;ACESSÓRIOS;CORPO E BANHO;;;19;0;2;0;0;1;0;1;0;4;0;0;0;0;0;2;1;0;11;9;1;1;25.0;Franqueado: ressarcimento via BSO. Consumidor/Revendedor: Itens selecionados acessórios com até 30% de desconto.;25.0;Franqueado: ressarcimento via BSO. Consumidor/Revendedor: Itens selecionados acessórios com até 30% de desconto.;;;;;Não;Não;Não;Não;Não;Não;Não;Não;1;0;3;0;6;6;7;8;Não;Não;;Não;0;14;46.36;6;Não
13629;C;;51436;DR BOTICA SAB BARRA POC/CORAG 3x80g V2;INFANTIL;SABONETES;;;1;1;2;5;5;1;3;1;2;1;0;0;1;1;2;4;4;0;17;5;2;2;"16.0
10.0
10.0";"Franqueado: ressarcimento via BSO. Consumidor/Revendedor: Progressiva de itens selecionados de infantil (incluindo os lançamentos: Dr. Botica Porção da Diversão, Next Toy Story e Sophie Pixar). Na compra de 2 itens: 15% (desconto adicional 5,56%) 3 ou mais: 25% (desconto adicional 16,67%).
Revendedor: compre itens selecionados da linha DR BOTICA, no mesmo pedido, e conquiste LUCRO EXTRA de 10% na compra de 4 ou mais itens.
Franqueado: ressarcimento via BSO. Consumidor/Revendedor: Compre itens selecionados de infantil (incluindo os lançamentos: Dr. Botica Porção da Diversão, Next Toy Story e Sophie Pixar) e ganhe 10% de desconto direto a partir da primeira unidade.";"16.0
10.0
10.0";"Franqueado: ressarcimento via BSO. Consumidor/Revendedor: Progressiva de itens selecionados de infantil (incluindo os lançamentos: Dr. Botica Porção da Diversão, Next Toy Story e Sophie Pixar). Na compra de 2 itens: 15% (desconto adicional 5,56%) 3 ou mais: 25% (desconto adicional 16,67%).
Revendedor: compre itens selecionados da linha DR BOTICA, no mesmo pedido, e conquiste LUCRO EXTRA de 10% na compra de 4 ou mais itens.
Franqueado: ressarcimento via BSO. Consumidor/Revendedor: Compre itens selecionados de infantil (incluindo os lançamentos: Dr. Botica Porção da Diversão, Next Toy Story e Sophie Pixar) e ganhe 10% de desconto direto a partir da primeira unidade.";;;;;Não;Não;Não;Não;Não;Não;Não;Não;3;0;4;0;4;5;7;9;Não;Não;;Não;0;28;12.91;4;Não
13629;C;;70683;DR BOTICA SAB BARRA TRIO BNH CORAC 3x80g;INFANTIL;SABONETES;;202617;2;1;1;8;0;5;1;1;4;3;1;3;0;2;0;0;0;4;;6;2;2;"16.0
10.0
10.0";"Franqueado: ressarcimento via BSO. Consumidor/Revendedor: Progressiva de itens selecionados de infantil (incluindo os lançamentos: Dr. Botica Porção da Diversão, Next Toy Story e Sophie Pixar). Na compra de 2 itens: 15% (desconto adicional 5,56%) 3 ou mais: 25% (desconto adicional 16,67%).
Revendedor: compre itens selecionados da linha DR BOTICA, no mesmo pedido, e conquiste LUCRO EXTRA de 10% na compra de 4 ou mais itens.
Franqueado: ressarcimento via BSO. Consumidor/Revendedor: Compre itens selecionados de infantil (incluindo os lançamentos: Dr. Botica Porção da Diversão, Next Toy Story e Sophie Pixar) e ganhe 10% de desconto direto a partir da primeira unidade.";"16.0
10.0
10.0";"Franqueado: ressarcimento via BSO. Consumidor/Revendedor: Progressiva de itens selecionados de infantil (incluindo os lançamentos: Dr. Botica Porção da Diversão, Next Toy Story e Sophie Pixar). Na compra de 2 itens: 15% (desconto adicional 5,56%) 3 ou mais: 25% (desconto adicional 16,67%).
Revendedor: compre itens selecionados da linha DR BOTICA, no mesmo pedido, e conquiste LUCRO EXTRA de 10% na compra de 4 ou mais itens.
Franqueado: ressarcimento via BSO. Consumidor/Revendedor: Compre itens selecionados de infantil (incluindo os lançamentos: Dr. Botica Porção da Diversão, Next Toy Story e Sophie Pixar) e ganhe 10% de desconto direto a partir da primeira unidade.";;;;;Não;Não;Não;Não;Não;Não;Não;Não;0;0;;0;0;0;0;0;Sim;Sim;Crítico;Não;0;28;12.91;0;Não
13629;E;;96372;DR BOTICA SAB LIQ CP POC/DIVERSAO 150ml;INFANTIL;SABONETES;202614;;0;0;0;0;0;0;0;0;0;0;0;0;0;0;0;0;0;36;;28;4;1;"16.0
10.0
10.0";"Franqueado: ressarcimento via BSO. Consumidor/Revendedor: Progressiva de itens selecionados de infantil (incluindo os lançamentos: Dr. Botica Porção da Diversão, Next Toy Story e Sophie Pixar). Na compra de 2 itens: 15% (desconto adicional 5,56%) 3 ou mais: 25% (desconto adicional 16,67%).
Revendedor: compre itens selecionados da linha DR BOTICA, no mesmo pedido, e conquiste LUCRO EXTRA de 10% na compra de 4 ou mais itens.
Franqueado: ressarcimento via BSO. Consumidor/Revendedor: Compre itens selecionados de infantil (incluindo os lançamentos: Dr. Botica Porção da Diversão, Next Toy Story e Sophie Pixar) e ganhe 10% de desconto direto a partir da primeira unidade.";"16.0
10.0
10.0";"Franqueado: ressarcimento via BSO. Consumidor/Revendedor: Progressiva de itens selecionados de infantil (incluindo os lançamentos: Dr. Botica Porção da Diversão, Next Toy Story e Sophie Pixar). Na compra de 2 itens: 15% (desconto adicional 5,56%) 3 ou mais: 25% (desconto adicional 16,67%).
Revendedor: compre itens selecionados da linha DR BOTICA, no mesmo pedido, e conquiste LUCRO EXTRA de 10% na compra de 4 ou mais itens.
Franqueado: ressarcimento via BSO. Consumidor/Revendedor: Compre itens selecionados de infantil (incluindo os lançamentos: Dr. Botica Porção da Diversão, Next Toy Story e Sophie Pixar) e ganhe 10% de desconto direto a partir da primeira unidade.";;;;;Não;Não;Não;Não;Não;Não;Não;Não;3;0;;0;0;0;0;0;Não;Sim;;Não;0;48;10.93;0;Não
13629;C;;52175;DR BOTICA SAB LIQ CPO POC/BOLHAS 400ml;INFANTIL;SABONETES;;;4;3;2;11;1;4;6;3;4;2;4;5;0;0;3;4;0;4;4;5;2;3;"16.0
10.0
10.0";"Franqueado: ressarcimento via BSO. Consumidor/Revendedor: Progressiva de itens selecionados de infantil (incluindo os lançamentos: Dr. Botica Porção da Diversão, Next Toy Story e Sophie Pixar). Na compra de 2 itens: 15% (desconto adicional 5,56%) 3 ou mais: 25% (desconto adicional 16,67%).
Revendedor: compre itens selecionados da linha DR BOTICA, no mesmo pedido, e conquiste LUCRO EXTRA de 10% na compra de 4 ou mais itens.
Franqueado: ressarcimento via BSO. Consumidor/Revendedor: Compre itens selecionados de infantil (incluindo os lançamentos: Dr. Botica Porção da Diversão, Next Toy Story e Sophie Pixar) e ganhe 10% de desconto direto a partir da primeira unidade.";"16.0
10.0
10.0";"Franqueado: ressarcimento via BSO. Consumidor/Revendedor: Progressiva de itens selecionados de infantil (incluindo os lançamentos: Dr. Botica Porção da Diversão, Next Toy Story e Sophie Pixar). Na compra de 2 itens: 15% (desconto adicional 5,56%) 3 ou mais: 25% (desconto adicional 16,67%).
Revendedor: compre itens selecionados da linha DR BOTICA, no mesmo pedido, e conquiste LUCRO EXTRA de 10% na compra de 4 ou mais itens.
Franqueado: ressarcimento via BSO. Consumidor/Revendedor: Compre itens selecionados de infantil (incluindo os lançamentos: Dr. Botica Porção da Diversão, Next Toy Story e Sophie Pixar) e ganhe 10% de desconto direto a partir da primeira unidade.";;;;;Não;Não;Não;Não;Não;Não;Não;Não;0;1;5;0;6;6;8;11;Não;Não;;Não;0;28;19.14;6;Não
13629;C;;56601;DR BOTICA SHAMP POC/ESPUM CACHOS 400ml;INFANTIL;CABELOS;;;0;0;0;0;1;5;0;2;2;2;3;22;3;0;7;0;2;0;25;2;2;8;;;;;;;24.0;Franqueado: ressarcimento via BSO. Consumidor/Revendedor: Itens selecionados com até 50% de desconto - Iscas Estratégicas.;Não;Não;Não;Não;Não;Não;Não;Não;0;8;6;0;0;0;1;9;Não;Não;;Não;0;28;20.09;0;Não
13629;C;;55243;DR BOTICA SHAMP POC/ESPUM CRESPOS 400ml;INFANTIL;CABELOS;;;2;0;6;1;3;12;11;8;3;1;2;1;2;0;2;2;9;0;6;2;2;3;;;;;;;;;Não;Não;Não;Não;Não;Não;Não;Não;6;0;4;0;0;0;1;4;Não;Não;;Não;0;28;20.09;0;Não
13629;C;;52122;DR BOTICA SHAMP POC/ESPUM LISOS 400ml;INFANTIL;CABELOS;;;13;3;12;4;0;3;0;0;5;9;5;22;3;4;10;5;7;3;3;3;3;19;;;;;;;24.0;Franqueado: ressarcimento via BSO. Consumidor/Revendedor: Itens selecionados com até 50% de desconto - Iscas Estratégicas.;Não;Não;Não;Não;Não;Não;Não;Não;4;10;12;0;0;0;3;22;Não;Não;;Não;0;28;20.09;0;Não
13629;C;;55223;DR BOTICA SPR CAP DESEMB CHUV/IMAG 100ml;INFANTIL;CABELOS;;;4;4;3;0;2;2;9;0;0;0;0;0;5;0;3;1;0;0;47;6;2;3;"16.0
10.0
10.0";"Franqueado: ressarcimento via BSO. Consumidor/Revendedor: Progressiva de itens selecionados de infantil (incluindo os lançamentos: Dr. Botica Porção da Diversão, Next Toy Story e Sophie Pixar). Na compra de 2 itens: 15% (desconto adicional 5,56%) 3 ou mais: 25% (desconto adicional 16,67%).
Revendedor: compre itens selecionados da linha DR BOTICA, no mesmo pedido, e conquiste LUCRO EXTRA de 10% na compra de 4 ou mais itens.
Franqueado: ressarcimento via BSO. Consumidor/Revendedor: Compre itens selecionados de infantil (incluindo os lançamentos: Dr. Botica Porção da Diversão, Next Toy Story e Sophie Pixar) e ganhe 10% de desconto direto a partir da primeira unidade.";"16.0
10.0
10.0";"Franqueado: ressarcimento via BSO. Consumidor/Revendedor: Progressiva de itens selecionados de infantil (incluindo os lançamentos: Dr. Botica Porção da Diversão, Next Toy Story e Sophie Pixar). Na compra de 2 itens: 15% (desconto adicional 5,56%) 3 ou mais: 25% (desconto adicional 16,67%).
Revendedor: compre itens selecionados da linha DR BOTICA, no mesmo pedido, e conquiste LUCRO EXTRA de 10% na compra de 4 ou mais itens.
Franqueado: ressarcimento via BSO. Consumidor/Revendedor: Compre itens selecionados de infantil (incluindo os lançamentos: Dr. Botica Porção da Diversão, Next Toy Story e Sophie Pixar) e ganhe 10% de desconto direto a partir da primeira unidade.";;;;;Não;Não;Não;Não;Não;Não;Não;Não;0;0;5;2;5;5;7;10;Sim;Não;Crítico;Não;0;48;15.29;5;Não
13629;B;BA;76621;DREAM DES COL CEU/BAUN 200ml;PERFUMARIA;PERFUMARIA FEMININA;;;0;0;0;0;81;30;4;21;60;49;3;29;15;21;22;17;12;13;3;28;14;20;15.0;Franqueado: Ressarcimento via BSO. Consumidor/Revendedor: Itens selecionados com até 20% de desconto.;15.0;Franqueado: Ressarcimento via BSO. Consumidor/Revendedor: Itens selecionados com até 20% de desconto.;;;;;Não;Não;Não;Não;Não;Não;Não;Não;12;0;36;0;45;46;60;80;Não;Não;;Não;0;48;32.34;45;Não
13629;B;BB;48634;DREAM DES COL SPLSH AMOR NO AR 200ml V2;PERFUMARIA;PERFUMARIA FEMININA;;;0;0;0;0;137;22;2;5;16;51;7;10;14;11;15;41;11;10;2;19;10;8;15.0;Franqueado: Ressarcimento via BSO. Consumidor/Revendedor: Itens selecionados com até 20% de desconto.;15.0;Franqueado: Ressarcimento via BSO. Consumidor/Revendedor: Itens selecionados com até 20% de desconto.;;;;;Não;Não;Não;Não;Não;Não;Não;Não;7;11;19;8;7;7;17;25;Não;Não;;Não;0;48;32.21;7;Não
13629;B;BA;47908;DREAM DES COL SPLSH VIAG/ENC 200ml V2;PERFUMARIA;PERFUMARIA FEMININA;;;0;0;3;0;464;35;21;48;59;136;12;79;38;26;34;47;35;39;1;47;39;43;15.0;Franqueado: Ressarcimento via BSO. Consumidor/Revendedor: Itens selecionados com até 20% de desconto.;15.0;Franqueado: Ressarcimento via BSO. Consumidor/Revendedor: Itens selecionados com até 20% de desconto.;;;;;Não;Não;Não;Não;Não;Não;Não;Não;65;0;81;0;52;53;92;135;Não;Não;;Não;0;48;26.62;52;Não
13629;C;;86028;EGEO BOLSA PES;ACESSÓRIOS;ORGANIZADOR COSTURÁVEL;;202617;0;0;0;0;8;0;0;0;0;1;0;0;0;0;2;3;0;0;38;1;4;1;;;;;20.0;Franqueado: ressarcimento via BSO. Revendedor: Itens selecionados acessórios com até 20% de desconto.;;;Não;Não;Não;Não;Não;Não;Não;Não;11;0;3;0;0;0;0;0;Não;Não;;Não;0;25;38.62;0;Não
13629;C;;87556;EGEO CR DES HID CPO DOLCE ILLUSION 250g;CUIDADOS COM A PELE;CUIDADOS COM O CORPO;;;0;0;0;112;1;0;0;0;10;33;2;4;6;0;3;2;2;0;6;3;3;5;;;;;;;;;Não;Não;Não;Não;Não;Não;Não;Não;31;0;7;0;0;0;0;0;Não;Não;;Não;0;38;21.21;0;Não
13629;C;;71815;EGEO CREM DES HID CPO SUFLE CHOC 250g;CUIDADOS COM A PELE;CUIDADOS COM O CORPO;;;0;5;3;1;0;0;0;0;0;0;0;0;0;3;0;2;1;0;6;2;1;7;;;;;;;;;Não;Não;Não;Não;Não;Não;Não;Não;0;0;5;1;4;5;6;13;Não;Não;;Não;0;38;20.77;4;Não
13629;C;;53930;EGEO DES ANTIT AER BLUE V3 75g;DESODORANTES;DESODORANTE MASCULINO;;;0;0;0;1;0;3;0;0;3;6;2;0;0;0;1;1;0;1;3;1;1;6;;;;;;;30.0;Franqueado: ressarcimento via BSO. Consumidor/Revendedor: Itens selecionados com até 50% de desconto - Iscas Exaustão.;Não;Não;Não;Não;Não;Não;Não;Não;2;0;4;0;2;2;3;9;Sim;Não;Crítico;Não;0;72;12.05;2;Não
13629;C;;74893;EGEO DES BDY SPR DOLCE 100ml V8 PCK;DESODORANTES;DESODORANTE FEMININO;;;11;8;25;13;12;7;9;16;16;24;11;11;3;10;12;13;11;0;12;7;7;8;;;;;;;;;Não;Não;Não;Não;Não;Não;Não;Não;4;0;11;10;2;3;10;18;Não;Não;;Não;0;85;16.41;2;Não
13629;E;;58638;EGEO DES BDY SPR ORIGINAL V2 100ml;DESODORANTES;DESODORANTE MASCULINO;;;0;0;0;0;0;0;0;0;0;0;0;0;0;0;0;0;0;0;0;1;1;1;30.0;Itens selecionados com até 55% de lucro extra.;30.0;Itens selecionados com até 55% de lucro extra.;;;28.0;Franqueado: ressarcimento via BSO. Consumidor/Revendedor: Itens selecionados com até 50% de desconto - Iscas Exaustão.;Não;Não;Não;Não;Não;Não;Não;Não;0;0;1;0;1;1;2;3;Sim;Não;Crítico;Não;0;85;16.41;1;Não
13629;C;;97384;EGEO DES COL BANANA V2 90ml;PERFUMARIA;PERFUMARIA FEMININA;202613;;0;0;0;0;0;0;0;0;0;0;0;0;0;0;0;0;0;12;2;10;2;2;21.0;Franqueado: Ressarcimento via BSO. Consumidor/Revendedor: Itens selecionados de Egeo (Melancia e Banana) com até 21% de desconto;21.0;Franqueado: Ressarcimento via BSO. Consumidor/Revendedor: Itens selecionados de Egeo (Melancia e Banana) com até 21% de desconto;;;;;Não;Não;Não;Não;Não;Não;Não;Não;39;0;5;0;0;0;0;0;Não;Não;;Não;0;56;51.04;0;Não
13629;B;BA;82686;EGEO DES COL BLUE C/CAR 90ml;PERFUMARIA;PERFUMARIA MASCULINA;;;71;8;39;28;51;13;13;124;1;4;11;39;4;18;11;9;50;4;3;12;11;73;;;;;30.0;30% de Lucro Extra em EGEO DES COL BLUE 90ml. Limitado a 2 unidades por CPF. Válido para Revendedores Selecionados.;30.0;Franqueado: ressarcimento via BSO. Consumidor/Revendedor: Itens selecionados com até 50% de desconto - Iscas Estratégicas.;Não;Não;Não;Não;Não;Não;Não;Não;9;26;51;8;17;17;28;101;Não;Não;;Não;0;56;42.77;17;Não
13629;A;;82685;EGEO DES COL BOMB BLACK C/CAR 90ml;PERFUMARIA;PERFUMARIA MASCULINA;;;15;210;224;43;16;29;84;25;24;101;15;61;41;19;42;23;76;3;4;20;19;152;;;;;;;40.0;Franqueado: ressarcimento via BSO. Consumidor/Revendedor: Itens selecionados com até 50% de desconto - Iscas Estratégicas.;Não;Não;Não;Não;Não;Não;Não;Não;103;0;104;0;17;17;36;188;Não;Não;;Não;0;56;42.77;17;Não
13629;B;BA;82689;EGEO DES COL CHOC C/CAR 90ml;PERFUMARIA;PERFUMARIA FEMININA;;;20;24;127;24;22;15;28;98;47;20;106;25;17;50;17;21;59;4;3;16;20;153;;;;;;;39.0;Franqueado: ressarcimento via BSO. Consumidor/Revendedor: Itens selecionados com até 60% de desconto - Iscas Estratégicas.;Não;Não;Não;Sim;Não;Não;Não;Não;76;0;98;0;34;34;54;207;Não;Não;;Não;0;56;42.77;34;Não
13629;B;BB;59436;EGEO DES COL CHOC HIGH 90ml;PERFUMARIA;PERFUMARIA FEMININA;;;44;5;239;18;2;3;5;57;1;3;24;7;4;8;3;18;39;0;9;3;2;38;;;;;;;50.0;Franqueado: ressarcimento via BSO. Consumidor/Revendedor: Itens selecionados com até 60% de desconto - Iscas Estratégicas.;Não;Não;Não;Não;Não;Não;Não;Não;14;38;19;0;0;0;0;9;Não;Não;;Não;0;56;42.77;0;Não
13629;A;;82688;EGEO DES COL DOLCE C/CAR 90ml;PERFUMARIA;PERFUMARIA FEMININA;;;132;7;92;32;46;30;21;186;22;42;44;53;26;130;36;33;106;7;2;28;28;237;35.0;Na compra de itens selecionados de perfumaria egeo no primeiro pedido, ganhe 35% de lucro extra. Limitado a 1 unidade por CPF. Válido para revendedores selecionados.;35.0;Na compra de itens selecionados de perfumaria egeo no primeiro pedido, ganhe 35% de lucro extra. Limitado a 1 unidade por CPF. Válido para revendedores selecionados.;35.0;Na compra de itens selecionados de perfumaria egeo no primeiro pedido, ganhe 35% de lucro extra. Limitado a 1 unidade por CPF. Válido para revendedores selecionados.;"35.0
25.0";"Na compra de itens selecionados de perfumaria egeo no primeiro pedido, ganhe 35% de lucro extra. Limitado a 1 unidade por CPF. Válido para revendedores selecionados.
Franqueado: ressarcimento via BSO. Consumidor/Revendedor: Itens selecionados com até 60% de desconto - Iscas Estratégicas.";Não;Não;Não;Sim;Não;Não;Não;Não;77;0;168;0;112;112;140;377;Não;Não;;Não;0;56;42.78;112;Não
13629;B;BA;85054;EGEO DES COL DOLCE ILLUSION 90ml;PERFUMARIA;PERFUMARIA FEMININA;;;0;0;0;164;171;6;2;4;24;38;7;13;27;7;33;10;48;0;4;16;15;12;15.0;Compre itens selecionados e ganhe lucro extra de até 45%. Válido entre os dias 05/10 a 12/10.;15.0;Compre itens selecionados e ganhe lucro extra de até 45%. Válido entre os dias 05/10 a 12/10.;21.0;Franqueado: Ressarcimento via BSO. Consumidor/Revendedor: Itens selecionados PERFUMARIA com até 21% de desconto.;;;Não;Não;Não;Não;Não;Não;Não;Não;15;0;28;17;8;8;23;35;Não;Não;;Não;0;56;51.05;8;Não
13629;E;;85056;EGEO DES COL DOLCE ILLUSION PRM 10ml;SUPORTE À VENDA;PRM;;;0;0;0;24;0;4;0;0;0;0;2;0;1;2;0;0;0;0;;0;0;0;;;;;0.0;Em compras acima de R$500,00 ganhe 1 PRM selecionado.;;;Não;Não;Não;Não;Não;Não;Não;Não;9;0;;0;0;0;0;0;Não;Não;;Não;0;450;5.86;0;Não
13629;C;;97381;EGEO DES COL MELANCIA V2 90ml;PERFUMARIA;PERFUMARIA FEMININA;202613;;0;0;0;0;0;0;0;0;0;0;0;0;0;0;0;0;1;34;2;62;1;1;21.0;Franqueado: Ressarcimento via BSO. Consumidor/Revendedor: Itens selecionados de Egeo (Melancia e Banana) com até 21% de desconto;21.0;Franqueado: Ressarcimento via BSO. Consumidor/Revendedor: Itens selecionados de Egeo (Melancia e Banana) com até 21% de desconto;;;;;Não;Não;Não;Não;Não;Não;Não;Não;70;0;12;0;0;0;0;0;Não;Não;;Não;0;56;51.04;0;Não
13629;B;BB;49812;EGEO DES COL ORIGNL 90ml V2;PERFUMARIA;PERFUMARIA MASCULINA;;;6;10;19;26;5;71;0;4;34;11;3;12;38;11;4;5;29;0;4;7;42;11;;;;;21.0;Franqueado: Ressarcimento via BSO. Consumidor/Revendedor: Itens selecionados de Egeo (Original) com até 21% de desconto.;;;Não;Não;Não;Não;Não;Não;Não;Não;34;0;28;0;0;0;41;52;Não;Não;;Não;0;56;51.04;0;Não
13629;B;BB;82690;EGEO DES COL RED C/CART 90ml;PERFUMARIA;PERFUMARIA FEMININA;;;67;1;13;27;3;56;1;12;12;40;2;8;3;40;10;4;11;1;4;10;38;108;;;;;25.0;Franqueado: Ressarcimento via BSO. Consumidor/Revendedor: Itens selecionados com até 50% de desconto.;25.0;Franqueado: ressarcimento via BSO. Consumidor/Revendedor: Itens selecionados com até 60% de desconto - Iscas Estratégicas.;Não;Não;Não;Sim;Não;Não;Não;Não;73;0;67;0;3;2;40;148;Não;Não;;Não;0;56;42.77;3;Não
13629;B;BA;84214;EGEO DES COL SPCY VIBE C/CAR 90ml;PERFUMARIA;PERFUMARIA MASCULINA;;;26;4;375;10;6;28;9;13;7;11;8;16;2;155;7;15;6;8;2;32;6;28;21.0;Franqueado: Ressarcimento via BSO. Consumidor/Revendedor: Itens selecionados de Egeo (Spicy Vibe) com até 21% de desconto.;21.0;Franqueado: Ressarcimento via BSO. Consumidor/Revendedor: Itens selecionados de Egeo (Spicy Vibe) com até 21% de desconto.;;;25.0;Franqueado: ressarcimento via BSO. Consumidor/Revendedor: Itens selecionados com até 50% de desconto - Iscas Estratégicas.;Não;Não;Não;Não;Não;Não;Não;Não;39;19;27;10;0;0;0;18;Não;Não;;Não;0;56;42.77;0;Não
13629;B;BA;84213;EGEO DES COL VAN VIBE 90ml;PERFUMARIA;PERFUMARIA FEMININA;;;17;11;76;7;9;63;6;17;45;52;13;13;57;5;11;18;48;1;4;12;38;15;;;;;21.0;Franqueado: Ressarcimento via BSO. Consumidor/Revendedor: Itens selecionados PERFUMARIA com até 21% de desconto.;;;Não;Não;Não;Não;Não;Não;Não;Não;21;17;46;9;9;8;46;61;Não;Não;;Não;0;56;42.77;9;Não
13629;E;;89653;EGEO DES COL VANILLA UBESESSION 90ml;PERFUMARIA;PERFUMARIA FEMININA;202611;;0;0;0;0;0;0;0;0;0;0;0;0;0;0;215;73;0;0;;8;6;9;;;;;;;;;Não;Não;Não;Não;Não;Não;Não;Não;0;0;;0;0;0;0;0;Não;Sim;;Não;0;56;42.77;0;Não
13629;E;;89661;EGEO DES COL VANILLA UBESESSION PRM 10ml;SUPORTE À VENDA;PRM;202611;;0;0;0;0;0;0;0;0;0;0;0;0;0;0;0;2;5;0;;0;0;0;;;;;0.0;Em compras acima de R$500,00 ganhe 1 PRM selecionado.;"0.0
0.0
0.0
0.0";"Revendedor Cobre/Bronze/Prata: Passe um pedido de R$600 e ganhe 2 PRMs selecionados. Limitado a 1 conquista por CPF.
Revendedor Ouro/Platina: Passe um pedido de R$800 e ganhe 4 PRMs selecionados. Limitado a 1 conquista por CPF.
Revendedor Rubi/Esmeralda: Passe um pedido de R$1.200 e ganhe 6 PRMs selecionados. Limitado a 1 conquista por CPF.
Revendedor Diamante: Passe um pedido de R$1.500 e ganhe 10 PRMs selecionados. Limitado a 1 conquista por CPF.";Não;Não;Não;Não;Não;Não;Não;Não;15;0;;0;0;0;0;0;Não;Não;;Não;0;450;4.9;0;Não
13629;E;;94983;EGEO LOC DES HID CPO VAN/UBSSION 150ml;CUIDADOS COM A PELE;CUIDADOS COM O CORPO;202612;;0;0;0;0;0;0;0;0;0;0;0;0;0;0;40;0;0;0;52;1;0;1;;;;;;;;;Não;Não;Não;Não;Não;Não;Não;Não;0;0;1;2;0;0;0;0;Sim;Não;Crítico;Não;0;48;12.88;0;Não
13629;C;;72052;EGEO MOUS CREM HID DES CPO D MER 250g V6;CUIDADOS COM A PELE;CUIDADOS COM O CORPO;;;11;10;15;5;6;1;6;4;5;7;4;6;6;13;17;5;1;1;3;6;4;9;;;;;;;;;Não;Não;Não;Não;Não;Não;Não;Não;8;0;10;0;7;7;11;20;Não;Não;;Não;0;38;21.21;7;Não
13629;E;;57088;EGEO SHW GEL CAB/CPO BLUE V2 100g;SABONETE CORPO;MULTIFUNCIONAL;;;0;0;0;0;0;0;0;0;0;0;0;0;0;0;0;0;0;0;553;1;1;1;"11.0
10.0";"Progressiva de itens selecionados, a partir de 2 itens 15% (desconto adicional 5,56%), 3 itens 20% (desconto adicional 11,11%).
Itens selecionados com 10% de desconto direto.";"11.0
10.0";"Progressiva de itens selecionados, a partir de 2 itens 15% (desconto adicional 5,56%), 3 itens 20% (desconto adicional 11,11%).
Itens selecionados com 10% de desconto direto.";"11.0
10.0";"Progressiva de itens selecionados, a partir de 2 itens 15% (desconto adicional 5,56%), 3 itens 20% (desconto adicional 11,11%).
Itens selecionados com 10% de desconto direto.";;;Não;Não;Não;Não;Não;Não;Não;Não;0;0;1;1;0;0;1;2;Sim;Não;Crítico;Não;0;80;8.64;0;Não
13629;C;;49813;EGEO SHW GEL CPO ORIGNL 200g V2;SABONETE CORPO;MULTIFUNCIONAL;;;0;0;0;0;0;0;0;0;1;0;0;0;0;0;0;0;0;0;;1;1;1;35.0;Compre itens selecionados de Cuidados, Óleos, Sabonetes, Desodorantes e ganhe lucro extra de até 35%.;35.0;Compre itens selecionados de Cuidados, Óleos, Sabonetes, Desodorantes e ganhe lucro extra de até 35%.;35.0;Compre itens selecionados de Cuidados, Óleos, Desodorantes e ganhe lucro extra de até 35%.;31.0;Franqueado: ressarcimento via BSO. Consumidor/Revendedor: Itens selecionados com até 40% de desconto - Iscas Exaustão.;Não;Não;Não;Não;Não;Não;Não;Não;0;0;;0;0;0;0;0;Não;Sim;;Não;0;48;14.33;0;Não
13629;B;BB;48375;ELYSEE CR DES HID ACET CPO BLANC 250g V2;CUIDADOS COM A PELE;CUIDADOS COM O CORPO;;;15;14;54;16;7;10;18;1;16;54;17;9;4;10;11;8;24;2;3;6;6;41;;;;;;;20.0;Franqueado: ressarcimento via BSO. Consumidor/Revendedor: Itens selecionados com até 50% de desconto - Iscas Exaustão.;Não;Não;Não;Não;Não;Não;Não;Não;5;12;25;7;5;5;11;52;Não;Não;;Não;0;24;38.96;5;Não
13629;B;BA;85796;ELYSEE CREM DES HID CPO ACET V2 250g;CUIDADOS COM A PELE;CUIDADOS COM O CORPO;;;23;3;14;122;6;6;21;9;7;7;90;38;2;8;9;5;61;3;2;7;7;64;;;;;;;13.0;Franqueado: ressarcimento via BSO. Consumidor/Revendedor: Itens selecionados com até 60% de desconto - Iscas Estratégicas.;Não;Não;Não;Sim;Não;Não;Não;Não;83;0;42;0;0;0;0;35;Não;Não;;Não;0;24;38.96;0;Não
13629;C;;48653;ELYSEE DES ANTIT AEROSSOL 75g V3;DESODORANTES;DESODORANTE FEMININO;;;4;0;6;7;15;5;1;15;1;8;1;0;0;3;0;0;5;0;13;3;3;21;;;;;;;30.0;Franqueado: ressarcimento via BSO. Consumidor/Revendedor: Itens selecionados com até 50% de desconto - Iscas Estratégicas.;Não;Não;Não;Não;Não;Não;Não;Não;0;0;12;5;8;8;11;32;Sim;Não;Crítico;Não;0;72;11.95;8;Não
13629;A;;48143;ELYSEE EDP BLANC 50ml V2;PERFUMARIA;PERFUMARIA FEMININA;;;63;7;22;17;14;49;6;9;15;45;7;11;74;9;38;5;42;1;3;11;10;16;;;;;;;;;Não;Não;Não;Não;Não;Não;Não;Não;84;0;25;0;0;0;0;0;Não;Não;;Não;0;48;96.87;0;Não
13629;B;BB;48146;ELYSEE EDP NUIT 50ml V2;PERFUMARIA;PERFUMARIA FEMININA;;;35;3;12;9;2;5;4;10;1;4;0;3;13;5;17;7;7;3;2;4;3;5;;;;;;;;;Não;Não;Não;Não;Não;Não;Não;Não;23;0;7;0;0;0;0;0;Sim;Não;Crítico;Não;0;48;97.26;0;Não
13629;B;BB;81331;ELYSEE EDP SUCCES 50ml;PERFUMARIA;PERFUMARIA FEMININA;;;1;5;1;8;6;3;0;0;4;5;3;6;0;17;5;10;5;0;11;3;2;4;;;;;;;;;Não;Não;Não;Não;Não;Não;Não;Não;1;0;5;6;0;0;2;6;Não;Não;;Não;0;48;96.87;0;Não
13629;A;;53518;ELYSEE EDP V2 50ml;PERFUMARIA;PERFUMARIA FEMININA;;;119;14;33;132;23;30;88;9;185;12;8;45;6;7;77;15;75;1;3;14;93;27;;;;;"12.0
10.0";"Multiplique seus Lucros em Elysee e Glamour Perfumarias Selecionadas de acordo com a quantidade comprada: 10% de Lucro Extra em 2 a 3 unidades e 12% de Lucro Extra em 4 ou mais unidades.
Franqueado: Ressarcimento via BSO. Revendedor: Compre itens selecionados de Elysee (EDP Regular) com até 10% de desconto";;;Não;Não;Não;Não;Não;Não;Não;Não;35;7;81;50;3;0;93;120;Não;Não;;Não;0;48;97.26;3;Não
13629;C;;49288;ESTJ ARBO REG/22;GIFTS;ESTOJO REGULAR;;202617;0;2;0;4;3;0;1;1;0;0;2;1;0;1;3;3;1;0;11;2;2;2;"11.0
10.0";"Progressiva de itens selecionados, a partir de 2 itens 15% (desconto adicional 5,56%), 3 itens 20% (desconto adicional 11,11%).
Itens selecionados com 10% de desconto direto.";"11.0
10.0";"Progressiva de itens selecionados, a partir de 2 itens 15% (desconto adicional 5,56%), 3 itens 20% (desconto adicional 11,11%).
Itens selecionados com 10% de desconto direto.";"20.0
11.0
10.0";"Itens selecionados com até 35% de lucro extra.
Progressiva de itens selecionados, a partir de 2 itens 15% (desconto adicional 5,56%), 3 itens 20% (desconto adicional 11,11%).
Itens selecionados com 10% de desconto direto.";20.0;Itens selecionados com até 60% de lucro extra.;Não;Não;Não;Não;Não;Não;Não;Não;2;0;3;0;3;3;5;7;Não;Não;;Não;0;10;40.57;3;Não
13629;B;BC;54887;ESTJ BOTI BABY CASCA V2;GIFTS;ESTOJO REGULAR;;;29;7;7;0;5;1;7;11;18;0;4;12;4;11;5;7;17;4;2;18;7;10;"15.0
15.0";"Revendedor: Na compra de kits selecionados da categoria Infantil, ganhe lucro progressivo de acordo com a quantidade: 2 a 5 itens, ganhe 10% de lucro extra; 6 ou mais itens, ganhe 15% de lucro extra.
Franqueado: Ressarcimento via BSO. Consumidor/Revendedor: Compre Kits regulares selecionados com até 27% de desconto.";"15.0
15.0";"Revendedor: Na compra de kits selecionados da categoria Infantil, ganhe lucro progressivo de acordo com a quantidade: 2 a 5 itens, ganhe 10% de lucro extra; 6 ou mais itens, ganhe 15% de lucro extra.
Franqueado: Ressarcimento via BSO. Consumidor/Revendedor: Compre Kits regulares selecionados com até 27% de desconto.";;;;;Não;Não;Não;Não;Não;Não;Não;Não;0;2;16;20;2;2;9;19;Sim;Não;Crítico;Não;0;6;36.82;2;Não
13629;C;;54886;ESTJ BOTI BABY CASINHA;GIFTS;ESTOJO REGULAR;;;7;0;7;2;0;0;2;2;3;0;4;0;2;1;9;3;1;0;25;6;3;4;"15.0
15.0";"Revendedor: Na compra de kits selecionados da categoria Infantil, ganhe lucro progressivo de acordo com a quantidade: 2 a 5 itens, ganhe 10% de lucro extra; 6 ou mais itens, ganhe 15% de lucro extra.
Franqueado: Ressarcimento via BSO. Consumidor/Revendedor: Compre Kits regulares selecionados com até 27% de desconto.";"15.0
15.0";"Revendedor: Na compra de kits selecionados da categoria Infantil, ganhe lucro progressivo de acordo com a quantidade: 2 a 5 itens, ganhe 10% de lucro extra; 6 ou mais itens, ganhe 15% de lucro extra.
Franqueado: Ressarcimento via BSO. Consumidor/Revendedor: Compre Kits regulares selecionados com até 27% de desconto.";;;;;Não;Não;Não;Não;Não;Não;Não;Não;0;0;7;4;5;5;8;12;Sim;Não;Crítico;Não;0;4;52.44;5;Não
13629;B;BC;54879;ESTJ BOTI BABY NINHO V2;GIFTS;ESTOJO REGULAR;;;39;7;26;17;0;1;14;10;24;17;7;13;5;12;43;18;7;0;13;18;7;9;"15.0
15.0";"Revendedor: Na compra de kits selecionados da categoria Infantil, ganhe lucro progressivo de acordo com a quantidade: 2 a 5 itens, ganhe 10% de lucro extra; 6 ou mais itens, ganhe 15% de lucro extra.
Franqueado: Ressarcimento via BSO. Consumidor/Revendedor: Compre Kits regulares selecionados com até 27% de desconto.";"15.0
15.0";"Revendedor: Na compra de kits selecionados da categoria Infantil, ganhe lucro progressivo de acordo com a quantidade: 2 a 5 itens, ganhe 10% de lucro extra; 6 ou mais itens, ganhe 15% de lucro extra.
Franqueado: Ressarcimento via BSO. Consumidor/Revendedor: Compre Kits regulares selecionados com até 27% de desconto.";;;;;Não;Não;Não;Não;Não;Não;Não;Não;0;0;15;16;5;5;12;21;Sim;Não;Crítico;Não;0;12;16.63;5;Não
13629;C;;46931;ESTJ BOTICOLL SORTIDO REG/22;GIFTS;ESTOJO REGULAR;;;0;4;6;2;1;0;3;4;4;4;0;2;1;1;1;3;0;0;34;2;1;7;;;;;;;14.0;Franqueado: ressarcimento via BSO. Consumidor/Revendedor: Itens selecionados com até 60% de desconto - Iscas Estratégicas.;Não;Não;Não;Não;Não;Não;Não;Não;3;0;5;0;3;3;4;11;Não;Não;;Não;0;9;67.11;3;Não
13629;C;;86154;ESTJ BOTIK ACIDO HIALURONICO V2;GIFTS;ESTOJO REGULAR;;;2;0;1;0;0;0;1;0;0;0;0;2;0;4;0;0;0;0;82;1;1;4;;;;;;;50.0;Franqueado: ressarcimento via BSO. Consumidor/Revendedor: Itens selecionados com até 50% de desconto - Iscas Estratégicas.;Não;Não;Não;Não;Não;Não;Não;Não;2;0;3;0;1;1;2;6;Não;Não;;Não;0;18;43.97;1;Não
13629;B;BC;59564;ESTJ BOTIK VITAMINA C V2;GIFTS;ESTOJO REGULAR;;;3;5;16;2;3;0;5;5;2;7;6;1;0;11;0;5;5;0;9;5;2;3;10.0;Itens selecionados com até 55% de lucro extra.;10.0;Itens selecionados com até 55% de lucro extra.;;;10.0;Itens selecionados com até 60% de lucro extra.;Não;Não;Não;Não;Não;Não;Não;Não;4;2;5;10;0;0;0;0;Não;Não;;Não;0;10;58.68;0;Não
13629;B;BB;86465;ESTJ CBEM DELEITE REG/25;GIFTS;ESTOJO REGULAR;;;0;7;9;2;0;33;41;24;22;43;16;65;8;31;23;38;45;2;4;51;48;32;"11.0
10.0";"Progressiva de itens selecionados, a partir de 2 itens 15% (desconto adicional 5,56%), 3 itens 20% (desconto adicional 11,11%).
Itens selecionados com 10% de desconto direto.";"11.0
10.0";"Progressiva de itens selecionados, a partir de 2 itens 15% (desconto adicional 5,56%), 3 itens 20% (desconto adicional 11,11%).
Itens selecionados com 10% de desconto direto.";"11.0
10.0";"Progressiva de itens selecionados, a partir de 2 itens 15% (desconto adicional 5,56%), 3 itens 20% (desconto adicional 11,11%).
Itens selecionados com 10% de desconto direto.";;;Não;Não;Não;Não;Não;Não;Não;Não;0;32;72;66;14;14;62;94;Não;Não;;Não;0;16;22.77;14;Não
13629;C;;40220;ESTJ CBEM NUVEM REG/22;GIFTS;ESTOJO REGULAR;;;4;3;4;11;1;2;3;5;3;4;4;6;2;2;6;4;6;0;5;4;4;4;;;;;;;;;Não;Não;Não;Não;Não;Não;Não;Não;0;0;7;6;2;2;6;10;Não;Não;;Não;0;12;36.82;2;Não
13629;E;;90812;ESTJ CBEM NUVEM REG/26;GIFTS;ESTOJO REGULAR;202612;;0;0;0;0;0;0;0;0;0;0;0;0;0;0;0;115;29;2;1;13;14;9;;;;;;;14.0;Franqueado: ressarcimento via BSO. Consumidor/Revendedor: Itens selecionados com até 60% de desconto - Iscas Estratégicas.;Não;Não;Não;Não;Não;Não;Não;Não;173;0;11;0;0;0;0;0;Não;Não;;Não;0;16;21.83;0;Não
13629;C;;84049;ESTJ CBEM OBRIGADA/22;GIFTS;ESTOJO REGULAR;;;4;27;15;16;3;13;2;16;0;0;2;5;7;7;20;3;8;0;10;9;9;5;"11.0
10.0";"Progressiva de itens selecionados, a partir de 2 itens 15% (desconto adicional 5,56%), 3 itens 20% (desconto adicional 11,11%).
Itens selecionados com 10% de desconto direto.";"11.0
10.0";"Progressiva de itens selecionados, a partir de 2 itens 15% (desconto adicional 5,56%), 3 itens 20% (desconto adicional 11,11%).
Itens selecionados com 10% de desconto direto.";"11.0
10.0";"Progressiva de itens selecionados, a partir de 2 itens 15% (desconto adicional 5,56%), 3 itens 20% (desconto adicional 11,11%).
Itens selecionados com 10% de desconto direto.";20.0;Itens selecionados com até 60% de lucro extra.;Não;Não;Não;Não;Não;Não;Não;Não;0;0;12;9;6;6;15;20;Não;Não;;Não;0;36;16.52;6;Não
13629;C;;36485;ESTJ COFFEE W/SEDUC REG/22;GIFTS;ESTOJO REGULAR;;202617;1;0;2;1;1;0;2;2;1;0;0;1;3;1;3;2;0;0;31;1;2;2;;;;;20.0;Itens selecionados com até 40% de lucro extra.;;;Não;Não;Não;Não;Não;Não;Não;Não;0;0;3;2;1;1;3;5;Sim;Não;Crítico;Não;0;10;49.94;1;Não
13629;C;;53922;ESTJ DR BOTICA CORACAO V2;GIFTS;ESTOJO REGULAR;;;14;2;5;0;4;3;3;2;0;4;0;1;5;2;0;1;1;5;4;6;2;3;"15.0
15.0";"Revendedor: Na compra de kits selecionados da categoria Infantil, ganhe lucro progressivo de acordo com a quantidade: 2 a 5 itens, ganhe 10% de lucro extra; 6 ou mais itens, ganhe 15% de lucro extra.
Franqueado: Ressarcimento via BSO. Consumidor/Revendedor: Compre Kits regulares selecionados com até 27% de desconto.";"15.0
15.0";"Revendedor: Na compra de kits selecionados da categoria Infantil, ganhe lucro progressivo de acordo com a quantidade: 2 a 5 itens, ganhe 10% de lucro extra; 6 ou mais itens, ganhe 15% de lucro extra.
Franqueado: Ressarcimento via BSO. Consumidor/Revendedor: Compre Kits regulares selecionados com até 27% de desconto.";;;20.0;Itens selecionados com até 60% de lucro extra.;Não;Não;Não;Não;Não;Não;Não;Não;0;0;5;0;7;7;9;12;Não;Não;;Não;0;9;39.94;7;Não
13629;C;;53159;ESTJ DR BOTICA POCAO DA AVENTURA V2;GIFTS;ESTOJO REGULAR;;;6;0;0;0;0;0;1;1;6;4;1;2;3;4;0;2;2;2;;7;1;2;"15.0
15.0";"Revendedor: Na compra de kits selecionados da categoria Infantil, ganhe lucro progressivo de acordo com a quantidade: 2 a 5 itens, ganhe 10% de lucro extra; 6 ou mais itens, ganhe 15% de lucro extra.
Franqueado: Ressarcimento via BSO. Consumidor/Revendedor: Compre Kits regulares selecionados com até 27% de desconto.";"15.0
15.0";"Revendedor: Na compra de kits selecionados da categoria Infantil, ganhe lucro progressivo de acordo com a quantidade: 2 a 5 itens, ganhe 10% de lucro extra; 6 ou mais itens, ganhe 15% de lucro extra.
Franqueado: Ressarcimento via BSO. Consumidor/Revendedor: Compre Kits regulares selecionados com até 27% de desconto.";;;20.0;Itens selecionados com até 60% de lucro extra.;Não;Não;Não;Não;Não;Não;Não;Não;0;0;;0;0;0;0;0;Não;Sim;;Não;0;12;33.7;0;Não
13629;B;BC;84047;ESTJ EGEO BLUE REG/21;GIFTS;ESTOJO REGULAR;;202617;4;8;3;27;0;0;1;7;4;7;3;3;3;11;8;1;3;1;2;6;2;3;15.0;Franqueado: Ressarcimento via BSO. Consumidor/Revendedor: Compre Kits regulares selecionados com até 27% de desconto.;15.0;Franqueado: Ressarcimento via BSO. Consumidor/Revendedor: Compre Kits regulares selecionados com até 27% de desconto.;;;30.0;Itens selecionados com até 60% de lucro extra.;Não;Não;Não;Não;Não;Não;Não;Não;5;2;5;2;0;1;3;6;Não;Não;;Não;0;12;53.06;0;Não
13629;E;;90805;ESTJ EGEO BOMB BLACK REG/26;GIFTS;ESTOJO REGULAR;202612;;0;0;0;0;0;0;0;0;0;0;0;0;0;0;49;1;5;0;12;6;6;8;;;;;;;;;Não;Não;Não;Não;Não;Não;Não;Não;3;0;5;3;4;4;10;18;Sim;Não;Crítico;Não;0;8;49.94;4;Não
13629;B;BB;86432;ESTJ EGEO DOLCE REG/25;GIFTS;ESTOJO REGULAR;;;8;23;35;10;10;10;16;6;11;16;15;17;5;13;16;25;18;1;3;8;9;42;;;;;;;20.0;Franqueado: ressarcimento via BSO. Consumidor/Revendedor: Itens selecionados com até 60% de desconto - Iscas Estratégicas.;Não;Não;Não;Não;Não;Não;Não;Não;0;9;30;8;19;19;28;70;Não;Não;;Não;0;8;49.94;19;Não
13629;B;BB;84113;ESTJ FLORATTA BLUE JUMBO REG/21;GIFTS;ESTOJO REGULAR;;;8;8;22;27;0;2;0;0;0;0;19;11;5;7;7;4;9;0;12;6;6;7;;;;;;;10.0;Itens selecionados com até 60% de lucro extra.;Não;Não;Não;Não;Não;Não;Não;Não;0;0;11;12;1;1;7;14;Não;Não;;Não;0;7;79.61;1;Não
13629;C;;58528;ESTJ FLORATTA BLUE V2;GIFTS;ESTOJO REGULAR;;;2;1;7;1;0;1;1;8;0;3;4;3;2;4;5;0;5;0;5;1;1;3;;;;;;;15.0;Franqueado: ressarcimento via BSO. Consumidor/Revendedor: Itens selecionados com até 50% de desconto - Iscas Exaustão.;Não;Não;Não;Não;Não;Não;Não;Não;0;0;3;0;3;3;4;7;Não;Não;;Não;0;10;43.69;3;Não
13629;B;BB;33424;ESTJ FLORATTA FLOWERS SORT REG/22;GIFTS;ESTOJO REGULAR;;;3;21;17;14;0;11;2;4;9;22;3;8;1;10;6;0;0;0;;14;6;12;30.0;Itens selecionados com até 55% de lucro extra.;30.0;Itens selecionados com até 55% de lucro extra.;;;10.0;Itens selecionados com até 60% de lucro extra.;Não;Não;Não;Não;Não;Não;Não;Não;0;0;;0;0;0;0;0;Não;Sim;;Não;0;10;68.67;0;Não
13629;C;;52639;ESTJ FLORATTA ROSE REG/21 V2;GIFTS;ESTOJO REGULAR;;;3;6;12;4;1;5;2;1;1;10;4;5;2;9;0;1;6;0;19;3;3;3;"11.0
10.0";"Progressiva de itens selecionados, a partir de 2 itens 15% (desconto adicional 5,56%), 3 itens 20% (desconto adicional 11,11%).
Itens selecionados com 10% de desconto direto.";"11.0
10.0";"Progressiva de itens selecionados, a partir de 2 itens 15% (desconto adicional 5,56%), 3 itens 20% (desconto adicional 11,11%).
Itens selecionados com 10% de desconto direto.";"11.0
10.0";"Progressiva de itens selecionados, a partir de 2 itens 15% (desconto adicional 5,56%), 3 itens 20% (desconto adicional 11,11%).
Itens selecionados com 10% de desconto direto.";20.0;Itens selecionados com até 60% de lucro extra.;Não;Não;Não;Não;Não;Não;Não;Não;0;0;5;12;0;0;0;0;Não;Não;;Não;0;12;38.38;0;Não
13629;C;;36226;ESTJ GLAMOUR SEC BL REG/22;GIFTS;ESTOJO REGULAR;;;2;0;1;1;6;2;0;0;2;4;0;0;3;5;9;3;4;0;5;1;1;2;;;;;;;;;Não;Não;Não;Não;Não;Não;Não;Não;2;0;3;0;1;1;2;4;Não;Não;;Não;0;6;45.25;1;Não
13629;B;BA;86206;ESTJ HER CODE REG/25;GIFTS;ESTOJO REGULAR;;;10;6;62;20;14;18;7;1;7;21;7;19;19;5;9;7;25;0;12;7;7;11;;;;;;;;;Não;Não;Não;Não;Não;Não;Não;Não;1;0;16;19;0;0;6;17;Sim;Não;Crítico;Não;0;10;96.78;0;Não
13629;B;BA;86167;ESTJ LILY JUMBO REG/25;GIFTS;ESTOJO REGULAR;;;12;7;14;18;4;12;3;16;1;1;14;19;6;19;21;4;4;0;6;7;7;10;;;;;;;;;Não;Não;Não;Não;Não;Não;Não;Não;0;8;16;4;9;9;16;26;Não;Não;;Não;0;4;96.78;9;Não
13629;C;;52640;ESTJ LILY REG/21 V2;GIFTS;ESTOJO REGULAR;;;3;7;4;8;1;8;5;4;5;4;1;5;0;0;3;3;7;0;6;3;3;4;;;;;;;;;Não;Não;Não;Não;Não;Não;Não;Não;0;0;6;12;0;0;0;1;Não;Não;;Não;0;12;54.62;0;Não
13629;B;BB;94194;ESTJ MALBEC JUMBO REG/25 V2;GIFTS;ESTOJO REGULAR;202611;;12;6;6;5;4;8;6;9;10;10;6;11;13;11;3;0;7;0;9;5;6;8;;;;;;;;;Não;Não;Não;Não;Não;Não;Não;Não;0;0;11;0;12;12;18;26;Não;Não;;Não;0;7;96.78;12;Não
13629;B;BC;90505;ESTJ MALBEC REG V2;GIFTS;ESTOJO REGULAR;202611;;10;10;13;12;1;3;3;12;6;5;3;13;0;9;2;0;0;0;;5;5;7;;;;;;;;;Não;Não;Não;Não;Não;Não;Não;Não;0;0;;0;0;0;0;0;Não;Sim;;Não;0;9;59.31;0;Não
13629;B;BC;50931;ESTJ NSPA 3 AMEIXAS REG/22;GIFTS;ESTOJO REGULAR;;;2;4;11;7;1;7;10;8;7;10;6;5;3;2;14;8;8;0;11;6;6;5;"11.0
10.0";"Progressiva de itens selecionados, a partir de 2 itens 15% (desconto adicional 5,56%), 3 itens 20% (desconto adicional 11,11%).
Itens selecionados com 10% de desconto direto.";"11.0
10.0";"Progressiva de itens selecionados, a partir de 2 itens 15% (desconto adicional 5,56%), 3 itens 20% (desconto adicional 11,11%).
Itens selecionados com 10% de desconto direto.";"11.0
10.0";"Progressiva de itens selecionados, a partir de 2 itens 15% (desconto adicional 5,56%), 3 itens 20% (desconto adicional 11,11%).
Itens selecionados com 10% de desconto direto.";;;Não;Não;Não;Não;Não;Não;Não;Não;4;0;9;9;0;0;6;11;Não;Não;;Não;0;9;32.14;0;Não
13629;C;;88209;ESTJ NSPA AMEIXA REG/25;GIFTS;ESTOJO REGULAR;;;3;1;10;4;2;3;3;6;4;7;5;5;0;1;4;5;5;0;6;4;4;5;;;;;;;;;Não;Não;Não;Não;Não;Não;Não;Não;0;0;8;7;2;2;6;11;Sim;Não;Crítico;Não;0;7;41.5;2;Não
13629;C;;52654;ESTJ NSPA QUINOA REG/21 V2;GIFTS;ESTOJO REGULAR;;;0;0;1;1;3;0;1;0;0;1;0;0;0;0;0;2;1;0;18;0;1;2;;;;;;;24.0;Franqueado: ressarcimento via BSO. Consumidor/Revendedor: Itens selecionados com até 50% de desconto - Iscas Estratégicas.;Não;Não;Não;Não;Não;Não;Não;Não;0;0;2;1;1;1;2;4;Não;Não;;Não;0;24;26.51;1;Não
13629;C;;86464;ESTJ QUASAR CLASSIC REG/25;GIFTS;ESTOJO REGULAR;;;0;0;0;2;0;0;0;1;3;2;1;1;1;2;1;1;1;0;13;1;1;6;;;;;;;20.0;Franqueado: ressarcimento via BSO. Consumidor/Revendedor: Itens selecionados com até 60% de desconto - Iscas Estratégicas.;Não;Não;Não;Não;Não;Não;Não;Não;0;0;4;1;3;3;4;10;Sim;Não;Crítico;Não;0;10;60.87;3;Não
13629;B;BA;86431;ESTJ ZAAD REG/25;GIFTS;ESTOJO REGULAR;;;7;6;25;18;5;9;3;9;9;18;13;13;9;11;19;9;22;0;12;7;7;11;;;;;;;;;Não;Não;Não;Não;Não;Não;Não;Não;0;0;16;14;5;5;12;23;Não;Não;;Não;0;7;82.73;5;Não
13629;C;;52482;ESTJ ZAAD/THE BLEND EXPERIMENTACAO 4x4ml;GIFTS;ESTOJO REGULAR;;;2;4;5;3;0;1;2;1;2;2;0;2;0;2;4;2;1;0;4;2;1;2;;;;;;;;;Não;Não;Não;Não;Não;Não;Não;Não;3;0;3;0;1;1;2;4;Não;Não;;Não;0;40;18.71;1;Não
13629;E;;88359;FLORATTA CR DES HID CP SIMP/LOV V3 200ml;CUIDADOS COM A PELE;CUIDADOS COM O CORPO;;;0;0;0;0;0;0;0;0;0;0;0;0;0;0;0;0;0;0;635;1;1;1;;;;;;;;;Não;Não;Não;Não;Não;Não;Não;Não;0;0;1;0;1;1;2;3;Sim;Não;Crítico;Não;0;54;18.3;1;Não
13629;E;;96294;FLORATTA CR DES HID CPO BLUE/CRYST 200ml;CUIDADOS COM A PELE;CUIDADOS COM O CORPO;202614;;0;0;0;0;0;0;0;0;0;0;0;0;0;0;0;0;0;121;;93;2;2;20.0;Franqueado: Ressarcimento via BSO. Consumidor/Revendedor: Itens selecionados de Floratta (VIOLETA) com até 20% de desconto.;20.0;Franqueado: Ressarcimento via BSO. Consumidor/Revendedor: Itens selecionados de Floratta (VIOLETA) com até 20% de desconto.;;;;;Sim;Sim;Não;Não;Sim;Sim;Não;Não;0;0;;0;0;0;0;0;Não;Sim;;Não;0;48;18.26;0;Não
13629;E;;58099;FLORATTA CR DES HID CPO RED V2 200ml;CUIDADOS COM A PELE;CUIDADOS COM O CORPO;202614;;0;0;0;0;0;0;0;0;0;0;0;0;0;0;0;0;0;0;0;1;1;0;;;;;;;;;Não;Não;Não;Não;Não;Não;Não;Não;0;0;2;0;1;1;2;2;Sim;Não;Crítico;Não;0;48;18.26;1;Não
13629;B;BC;94966;FLORATTA CR DES HID CPO RED/PASS 200g;CUIDADOS COM A PELE;CUIDADOS COM O CORPO;;;0;0;0;0;0;0;0;0;0;58;0;0;14;0;0;0;0;0;100;5;5;8;;;;;;;;;Não;Não;Não;Não;Não;Não;Não;Não;0;0;9;48;0;0;0;0;Sim;Não;Crítico;Não;0;24;34.86;0;Não
13629;C;;48646;FLORATTA CR DES HID CPO ROSE 200ml V5;CUIDADOS COM A PELE;CUIDADOS COM O CORPO;;;0;1;14;34;0;0;0;0;0;21;8;0;0;0;10;0;0;0;67;1;2;2;;;;;;;;;Não;Não;Não;Não;Não;Não;Não;Não;0;0;3;6;0;0;0;1;Sim;Não;Crítico;Não;0;54;20.59;0;Não
13629;C;;75082;FLORATTA CREM DES HID CPO BLUE 75g;CUIDADOS COM A PELE;CUIDADOS COM O CORPO;;;0;0;0;0;0;0;0;0;0;41;1;0;0;0;0;0;3;0;16;1;2;1;;;;;35.0;A cada duas unidades ganhe 35% de lucro extra em itens selecionados. Válido entre os dias 19/10/26 e 21/10/26.;;;Não;Não;Não;Não;Não;Não;Não;Não;2;0;2;1;0;0;2;3;Não;Não;;Não;0;80;11.75;0;Não
13629;C;;71807;FLORATTA CREM HID DES CPO GOLD 200ml V4;CUIDADOS COM A PELE;CUIDADOS COM O CORPO;;;3;2;2;5;6;0;0;0;0;0;8;6;0;0;0;0;1;0;11;3;2;7;;;;;;;20.0;Itens selecionados com até 60% de lucro extra.;Não;Não;Não;Não;Não;Não;Não;Não;1;0;6;1;6;6;8;15;Sim;Não;Crítico;Não;0;54;17.01;6;Não
13629;E;;87972;FLORATTA DES BDY SPR BLUE CRYSTAL 100ml;DESODORANTES;DESODORANTE FEMININO;202614;;0;0;0;0;0;0;0;0;0;0;0;0;0;0;0;0;0;133;1;139;11;17;"15.0
15.0";"Franqueado: ressarcimento via BSO. Consumidor/Revendedor: Lançamento de Body Spray Floratta Violet com até 15% de desconto.
Lucro Extra Progressivo em BODY SPRAYS selecionados de acordo com a quantidade comprada: 10% de Lucro Extra em 3 unidades e 15% de Lucro Extra em 4 unidades ou mais.";"15.0
15.0";"Franqueado: ressarcimento via BSO. Consumidor/Revendedor: Lançamento de Body Spray Floratta Violet com até 15% de desconto.
Lucro Extra Progressivo em BODY SPRAYS selecionados de acordo com a quantidade comprada: 10% de Lucro Extra em 3 unidades e 15% de Lucro Extra em 4 unidades ou mais.";;;;;Sim;Sim;Não;Não;Sim;Sim;Não;Não;102;0;26;0;28;35;46;63;Não;Não;;Não;0;85;16.27;28;Não
13629;C;;51581;FLORATTA DES BDY SPR S/LOVE 100ml V2;DESODORANTES;DESODORANTE FEMININO;;;9;7;4;8;17;1;3;8;3;5;3;4;5;4;3;6;1;0;6;3;2;9;15.0;Lucro Extra Progressivo em BODY SPRAYS selecionados de acordo com a quantidade comprada: 10% de Lucro Extra em 3 unidades e 15% de Lucro Extra em 4 unidades ou mais.;15.0;Lucro Extra Progressivo em BODY SPRAYS selecionados de acordo com a quantidade comprada: 10% de Lucro Extra em 3 unidades e 15% de Lucro Extra em 4 unidades ou mais.;;;28.0;Franqueado: ressarcimento via BSO. Consumidor/Revendedor: Itens selecionados com até 50% de desconto - Iscas Estratégicas.;Não;Não;Não;Não;Não;Não;Não;Não;19;0;8;0;0;0;0;2;Não;Não;;Não;0;85;16.41;0;Não
13629;B;BB;85483;FLORATTA DES BDY SPRAY RED V2 100ml;DESODORANTES;DESODORANTE FEMININO;;;2;10;202;41;1;0;24;29;26;34;18;28;18;11;22;21;22;1;2;36;20;18;"35.0
15.0";"Na compra de itens selecionados de desodorantes floratta no primeiro pedido, ganhe 35% de lucro extra. Limitado a 1 unidade por CPF. Válido para revendedores selecionados.
Lucro Extra Progressivo em BODY SPRAYS selecionados de acordo com a quantidade comprada: 10% de Lucro Extra em 3 unidades e 15% de Lucro Extra em 4 unidades ou mais.";"35.0
15.0";"Na compra de itens selecionados de desodorantes floratta no primeiro pedido, ganhe 35% de lucro extra. Limitado a 1 unidade por CPF. Válido para revendedores selecionados.
Lucro Extra Progressivo em BODY SPRAYS selecionados de acordo com a quantidade comprada: 10% de Lucro Extra em 3 unidades e 15% de Lucro Extra em 4 unidades ou mais.";35.0;Na compra de itens selecionados de desodorantes floratta no primeiro pedido, ganhe 35% de lucro extra. Limitado a 1 unidade por CPF. Válido para revendedores selecionados.;"35.0
35.0";"Na compra de itens selecionados de desodorantes floratta no primeiro pedido, ganhe 35% de lucro extra. Limitado a 1 unidade por CPF. Válido para revendedores selecionados.
Revendedor selecionado Inícios de Berçário (até 3 ciclos de vida), ganhe 35% de Lucro Extra em itens selecionados. Limitado a 1 unidade por CPF em seu primeiro pedido no ciclo.";Não;Não;Não;Não;Não;Não;Não;Não;10;0;38;40;10;11;31;49;Não;Não;;Não;0;85;16.41;10;Não
13629;E;;84974;FLORATTA DES COL BLUE CRYSTAL 75ml;PERFUMARIA;PERFUMARIA FEMININA;202614;;0;0;0;0;0;0;0;0;0;0;0;0;0;0;0;0;244;106;2;435;114;35;"15.0
14.0
0.0
0.0
0.0";"Multiplique seus Lucros em Perfumaria Selecionada de Floratta de acordo com a quantidade comprada:  10% de Lucro Extra em 2 unidades e 15% de Lucro Extra em 3 ou mais unidades.
Franqueado: Ressarcimento via BSO. Consumidor/Revendedor: Lançamento de Floratta (Violeta) com até 15% de desconto.
Ao comprar 5 unidades do lançamento participante no mesmo pedido, ganhe 1 unidade do mesmo item de brinde. Limitado a 1 brinde por CPF de cadastro da categoria Esmeralda.
Ao comprar 5 unidades do lançamento participante no mesmo pedido, ganhe 1 unidade do mesmo item de brinde. Limitado a 1 brinde por CPF de cadastro da categoria Rubi.
Ao comprar 5 unidades do lançamento participante no mesmo pedido, ganhe 1 unidade do mesmo item de brinde. Limitado a 1 brinde por CPF de cadastro da categoria Diamante.";"15.0
14.0
0.0
0.0
0.0";"Multiplique seus Lucros em Perfumaria Selecionada de Floratta de acordo com a quantidade comprada:  10% de Lucro Extra em 2 unidades e 15% de Lucro Extra em 3 ou mais unidades.
Franqueado: Ressarcimento via BSO. Consumidor/Revendedor: Lançamento de Floratta (Violeta) com até 15% de desconto.
Ao comprar 5 unidades do lançamento participante no mesmo pedido, ganhe 1 unidade do mesmo item de brinde. Limitado a 1 brinde por CPF de cadastro da categoria Esmeralda.
Ao comprar 5 unidades do lançamento participante no mesmo pedido, ganhe 1 unidade do mesmo item de brinde. Limitado a 1 brinde por CPF de cadastro da categoria Rubi.
Ao comprar 5 unidades do lançamento participante no mesmo pedido, ganhe 1 unidade do mesmo item de brinde. Limitado a 1 brinde por CPF de cadastro da categoria Diamante.";"14.0
10.0";"Franqueado: Ressarcimento via BSO. Revendedor: Itens selecionados de Floratta(Blue, My Blue e Violeta) com até 15% de desconto.
10% em 3 ou mais unidades na compra de itens selecionados da Perfumaria de Floratta. Mecânica exclusiva para compras no Espaço do Revendedor.";;;Sim;Sim;Não;Não;Sim;Sim;Não;Não;513;0;84;0;0;0;31;66;Não;Não;;Não;0;35;47.71;0;Não
13629;B;BA;48310;FLORATTA DES COL BLUE V2 75ml;PERFUMARIA;PERFUMARIA FEMININA;;;33;19;150;47;23;153;14;28;23;61;25;25;83;16;91;11;15;0;9;25;190;34;;;;;"14.0
10.0";"Franqueado: Ressarcimento via BSO. Revendedor: Itens selecionados de Floratta(Blue, My Blue e Violeta) com até 15% de desconto.
10% em 3 ou mais unidades na compra de itens selecionados da Perfumaria de Floratta. Mecânica exclusiva para compras no Espaço do Revendedor.";;;Não;Não;Não;Não;Não;Não;Não;Não;129;0;164;14;46;40;230;264;Não;Não;;Não;0;35;47.71;46;Não
13629;B;BA;48307;FLORATTA DES COL F/SECRET V3 75ml;PERFUMARIA;PERFUMARIA FEMININA;;;18;13;94;1;11;70;6;53;11;17;114;39;2;59;12;1;10;3;2;38;9;251;10.0;Itens selecionados com até 55% de lucro extra.;10.0;Itens selecionados com até 55% de lucro extra.;;;50.0;Franqueado: ressarcimento via BSO. Consumidor/Revendedor: Itens selecionados com até 60% de desconto - Iscas Estratégicas.;Não;Não;Não;Sim;Não;Não;Não;Não;47;0;137;4;114;116;125;376;Sim;Não;Crítico;Não;0;35;46.79;114;Não
13629;A;;48315;FLORATTA DES COL GOLD V3 75ml;PERFUMARIA;PERFUMARIA FEMININA;;;117;31;32;153;21;29;135;25;22;38;26;32;13;137;16;155;20;6;2;68;66;274;20.0;Itens selecionados com até 55% de lucro extra.;20.0;Itens selecionados com até 55% de lucro extra.;35.0;Na compra de itens selecionados de PERFUMARIA FLORATTA GOLD tenha 35% de lucro extra entre os dias 19/10 e 25/10. Limitado a 1 unidade por CPF.;40.0;Franqueado: ressarcimento via BSO. Consumidor/Revendedor: Itens selecionados com até 50% de desconto - Iscas Estratégicas.;Não;Não;Não;Não;Não;Não;Não;Não;124;0;224;10;143;144;210;484;Não;Não;;Não;0;35;47.71;143;Não
13629;B;BB;52493;FLORATTA DES COL MY BLUE V2 75ml;PERFUMARIA;PERFUMARIA FEMININA;;;51;6;18;19;0;20;5;24;11;14;8;8;6;80;0;4;4;0;9;7;53;9;;;;;"14.0
10.0";"Franqueado: Ressarcimento via BSO. Revendedor: Itens selecionados de Floratta(Blue, My Blue e Violeta) com até 15% de desconto.
10% em 3 ou mais unidades na compra de itens selecionados da Perfumaria de Floratta. Mecânica exclusiva para compras no Espaço do Revendedor.";;;Não;Não;Não;Não;Não;Não;Não;Não;27;0;31;0;10;9;62;71;Não;Não;;Não;0;35;46.79;10;Não
13629;E;;49978;FLORATTA DES COL RED BLOSSOM PRM 10ml;SUPORTE À VENDA;PRM;;;1;0;0;0;0;0;0;0;0;2;1;0;0;0;0;0;0;0;;0;0;0;;;;;;;;;Não;Não;Não;Não;Não;Não;Não;Não;0;0;;0;0;0;0;0;Não;Não;;Não;0;450;5.7;0;Não
13629;B;BB;58373;FLORATTA DES COL RED BLOSSOM V2 75ml;PERFUMARIA;PERFUMARIA FEMININA;;;2;3;22;8;141;12;24;4;38;5;5;3;24;13;1;1;25;1;4;6;6;10;;;;;;;;;Não;Não;Não;Não;Não;Não;Não;Não;50;0;13;0;0;0;0;0;Não;Não;;Não;0;35;52.73;0;Não
13629;A;;48303;FLORATTA DES COL RED V2 75ml;PERFUMARIA;PERFUMARIA FEMININA;;;61;170;296;130;46;267;94;120;127;119;301;71;41;201;70;362;142;16;2;67;70;478;35.0;Na compra de itens selecionados de perfumaria floratta no primeiro pedido, ganhe 35% de lucro extra. Limitado a 1 unidade por CPF. Válido para revendedores selecionados.;35.0;Na compra de itens selecionados de perfumaria floratta no primeiro pedido, ganhe 35% de lucro extra. Limitado a 1 unidade por CPF. Válido para revendedores selecionados.;35.0;Na compra de itens selecionados de perfumaria floratta no primeiro pedido, ganhe 35% de lucro extra. Limitado a 1 unidade por CPF. Válido para revendedores selecionados.;27.0;Franqueado: ressarcimento via BSO. Consumidor/Revendedor: Itens selecionados com até 50% de desconto - Iscas Estratégicas.;Não;Não;Não;Sim;Não;Não;Não;Não;24;0;343;210;158;158;228;706;Não;Não;;Não;0;35;46.79;158;Não
13629;B;BB;58372;FLORATTA DES COL ROM/VER V2 75ml;PERFUMARIA;PERFUMARIA FEMININA;;;13;1;37;0;0;0;3;6;2;5;20;4;4;18;3;1;9;0;11;3;3;4;;;;;;;;;Não;Não;Não;Não;Não;Não;Não;Não;63;0;6;0;0;0;0;0;Não;Não;;Não;0;35;46.79;0;Não
13629;B;BA;48296;FLORATTA DES COL ROSE BOUQUET 75ml;PERFUMARIA;PERFUMARIA FEMININA;;;0;517;59;104;16;82;13;81;10;8;40;7;38;52;27;7;33;0;4;9;10;14;;;;;;;;;Não;Não;Não;Não;Não;Não;Não;Não;43;35;22;33;0;0;0;0;Não;Não;;Não;0;35;46.79;0;Não
13629;E;;48298;FLORATTA DES COL ROSE BOUQUET PRM 10ml;SUPORTE À VENDA;PRM;;;0;0;0;11;0;0;0;0;0;0;0;0;0;0;1;0;0;0;;0;0;0;;;;;0.0;Em compras acima de R$500,00 ganhe 1 PRM selecionado.;;;Não;Não;Não;Não;Não;Não;Não;Não;0;0;;0;0;0;0;0;Não;Não;;Não;0;450;5.58;0;Não
13629;B;BB;48313;FLORATTA DES COL ROSE V4 75ml;PERFUMARIA;PERFUMARIA FEMININA;;;16;22;24;18;75;0;4;23;3;13;23;20;25;6;35;5;8;2;2;35;12;62;20.0;Itens selecionados com até 55% de lucro extra.;20.0;Itens selecionados com até 55% de lucro extra.;;;30.0;Franqueado: ressarcimento via BSO. Consumidor/Revendedor: Itens selecionados com até 50% de desconto - Iscas Estratégicas.;Não;Não;Não;Não;Não;Não;Não;Não;114;0;44;0;0;0;0;32;Não;Não;;Não;0;35;51.65;0;Não
13629;C;;83357;FLORATTA DES COL SPLASH BLUE 200ml;PERFUMARIA;PERFUMARIA FEMININA;;;6;4;3;3;0;3;0;0;3;0;0;0;0;0;0;0;0;0;171;2;2;3;;;;;;;;;Não;Não;Não;Não;Não;Não;Não;Não;0;0;4;0;4;4;6;9;Não;Não;;Não;0;60;25.61;4;Não
13629;E;;83356;FLORATTA DES COL SPLSH ROSE 200ml;PERFUMARIA;PERFUMARIA FEMININA;;202617;0;0;5;2;0;0;0;0;0;0;0;0;0;0;0;0;0;0;;3;4;3;10.0;Itens selecionados com até 55% de lucro extra.;10.0;Itens selecionados com até 55% de lucro extra.;30.0;Itens selecionados com até 35% de lucro extra.;10.0;Itens selecionados com até 60% de lucro extra.;Não;Não;Não;Não;Não;Não;Não;Não;0;0;;0;0;0;0;0;Não;Sim;;Não;0;60;25.61;0;Não
13629;B;BB;52507;FLORATTA EDP FLEUR ECLIPSE V2 75ml;PERFUMARIA;PERFUMARIA FEMININA;;;16;5;21;2;0;0;7;7;12;10;16;7;1;21;8;9;4;3;3;16;7;54;20.0;Itens selecionados com até 55% de lucro extra.;20.0;Itens selecionados com até 55% de lucro extra.;;;24.0;Franqueado: ressarcimento via BSO. Consumidor/Revendedor: Itens selecionados com até 60% de desconto - Iscas Estratégicas.;Não;Não;Não;Sim;Não;Não;Não;Não;7;0;33;6;32;32;39;93;Não;Não;;Não;0;30;58.63;32;Não
13629;A;;87896;FLORATTA EDP RED PASSION V2 75ml;PERFUMARIA;PERFUMARIA FEMININA;;;97;156;74;265;56;73;72;387;73;98;141;82;216;58;73;78;138;6;2;58;310;343;;;;;18.0;Franqueado: Ressarcimento via BSO. Consumidor/Revendedor: Itens selecionados com até 50% de desconto.;18.0;Franqueado: ressarcimento via BSO. Consumidor/Revendedor: Itens selecionados com até 60% de desconto - Iscas Estratégicas.;Não;Não;Não;Sim;Não;Não;Não;Não;83;0;388;240;119;110;420;763;Não;Não;;Não;0;30;58.63;119;Não
13629;A;;88135;FLORATTA EDP ROSE SUCREE 75ml;PERFUMARIA;PERFUMARIA FEMININA;;;0;0;0;0;0;0;0;0;585;452;55;65;17;32;158;27;33;7;2;12;11;27;;;;;;;;;Não;Não;Não;Não;Não;Não;Não;Não;60;0;34;45;0;0;0;0;Não;Não;;Não;0;30;58.63;0;Não
13629;B;BB;74096;GLAMOUR DES COL 75ml V6;PERFUMARIA;PERFUMARIA FEMININA;;;8;20;7;6;40;5;3;8;7;23;7;2;8;5;1;2;0;1;6;41;4;6;"17.0
10.0";"Franqueado: Ressarcimento via BSO. Consumidor/Revendedor: Itens selecionados de Glamour (Regular, Refil Regular e Diva) com até 17% de desconto.
10% em 2 ou mais unidades na compra de itens selecionados da Perfumaria de Glamour. Mecânica exclusiva para compras no Espaço do Revendedor.";"17.0
10.0";"Franqueado: Ressarcimento via BSO. Consumidor/Revendedor: Itens selecionados de Glamour (Regular, Refil Regular e Diva) com até 17% de desconto.
10% em 2 ou mais unidades na compra de itens selecionados da Perfumaria de Glamour. Mecânica exclusiva para compras no Espaço do Revendedor.";;;;;Não;Não;Não;Não;Não;Não;Não;Não;39;0;17;0;9;10;14;20;Não;Não;;Não;0;42;54.81;9;Não
13629;B;BC;81108;GLAMOUR DES COL DIVA 75ml V2;PERFUMARIA;PERFUMARIA FEMININA;;;7;11;6;4;7;1;2;0;2;2;7;0;4;6;4;6;2;2;3;18;2;4;"17.0
10.0";"Franqueado: Ressarcimento via BSO. Consumidor/Revendedor: Itens selecionados de Glamour (Regular, Refil Regular e Diva) com até 17% de desconto.
10% em 2 ou mais unidades na compra de itens selecionados da Perfumaria de Glamour. Mecânica exclusiva para compras no Espaço do Revendedor.";"17.0
10.0";"Franqueado: Ressarcimento via BSO. Consumidor/Revendedor: Itens selecionados de Glamour (Regular, Refil Regular e Diva) com até 17% de desconto.
10% em 2 ou mais unidades na compra de itens selecionados da Perfumaria de Glamour. Mecânica exclusiva para compras no Espaço do Revendedor.";;;;;Não;Não;Não;Não;Não;Não;Não;Não;3;0;7;2;11;12;14;18;Não;Não;;Não;0;42;54.54;11;Não
13629;B;BC;84224;GLAMOUR DES COL FEVER 75ml V2;PERFUMARIA;PERFUMARIA FEMININA;;;13;1;5;12;4;0;15;2;0;20;1;0;4;9;2;1;2;0;13;3;24;4;;;;;"17.0
12.0";"Franqueado: Ressarcimento via BSO. Revendedor: Itens selecionados de Glamour (Fever) com até 17% de desconto.
Multiplique seus Lucros em Elysee e Glamour Perfumarias Selecionadas de acordo com a quantidade comprada: 10% de Lucro Extra em 2 a 3 unidades e 12% de Lucro Extra em 4 ou mais unidades.";;;Não;Não;Não;Não;Não;Não;Não;Não;18;0;15;0;0;0;23;27;Não;Não;;Não;0;42;53.17;0;Não
13629;E;;90953;GLAMOUR DES COL INTENSE 75ml;PERFUMARIA;PERFUMARIA FEMININA;202612;;0;0;0;0;0;0;0;0;0;0;0;0;0;0;92;188;12;0;13;17;45;10;;;;;18.0;Franqueado: Ressarcimento via BSO. Consumidor/Revendedor: Itens selecionados PERFUMARIA com até 18% de desconto.;;;Não;Não;Não;Não;Não;Não;Não;Não;85;0;21;0;0;0;0;4;Não;Não;;Não;0;42;54.81;0;Não
13629;E;;90954;GLAMOUR DES COL INTENSE PRM 10ml;SUPORTE À VENDA;PRM;202611;;0;0;0;0;0;0;0;0;0;0;0;0;0;0;8;2;0;0;;0;0;0;;;;;;;"0.0
0.0
0.0
0.0";"Revendedor Cobre/Bronze/Prata: Passe um pedido de R$600 e ganhe 2 PRMs selecionados. Limitado a 1 conquista por CPF.
Revendedor Ouro/Platina: Passe um pedido de R$800 e ganhe 4 PRMs selecionados. Limitado a 1 conquista por CPF.
Revendedor Rubi/Esmeralda: Passe um pedido de R$1.200 e ganhe 6 PRMs selecionados. Limitado a 1 conquista por CPF.
Revendedor Diamante: Passe um pedido de R$1.500 e ganhe 10 PRMs selecionados. Limitado a 1 conquista por CPF.";Não;Não;Não;Não;Não;Não;Não;Não;0;0;;0;0;0;0;0;Não;Não;;Não;0;450;5.86;0;Não
13629;B;BC;51704;GLAMOUR DES COL MIDNIGHT 75ml;PERFUMARIA;PERFUMARIA FEMININA;;;7;0;27;0;0;0;9;1;3;0;10;2;1;17;2;1;1;0;16;1;1;18;"0.0
0.0";"Revendedor selecionado que não participou de Passou-Ganhou nos últimos 17 ciclos no público inativas I4, I5 e I6, ao fazer um pedido mínimo e utilizar o cupom ""VOLTEIBOTI"" ou ""VOLTEI"" (o revendedor poderá escolher qual cupom aplicar), ganhe 1 Glamour Midnight Desodorante Colônia 75ml. Limitado a 1 unidade por CPF em seu primeiro pedido no ciclo. O cupom é válido para utilização apenas 1 vez por revendedor.
Revendedor selecionado que não participou de Passou-Ganhou nos últimos 17 ciclos no público cessadas, ao fazer um pedido mínimo e utilizar o cupom ""VOLTEIBOTI"" ou ""VOLTEI"" (o revendedor poderá escolher qual cupom aplicar), ganhe 1 Glamour Midnight Desodorante Colônia 75ml. Limitado a 1 unidade por CPF em seu primeiro pedido no ciclo. O cupom é válido para utilização apenas 1 vez por revendedor.";"0.0
0.0";"Revendedor selecionado que não participou de Passou-Ganhou nos últimos 17 ciclos no público inativas I4, I5 e I6, ao fazer um pedido mínimo e utilizar o cupom ""VOLTEIBOTI"" ou ""VOLTEI"" (o revendedor poderá escolher qual cupom aplicar), ganhe 1 Glamour Midnight Desodorante Colônia 75ml. Limitado a 1 unidade por CPF em seu primeiro pedido no ciclo. O cupom é válido para utilização apenas 1 vez por revendedor.
Revendedor selecionado que não participou de Passou-Ganhou nos últimos 17 ciclos no público cessadas, ao fazer um pedido mínimo e utilizar o cupom ""VOLTEIBOTI"" ou ""VOLTEI"" (o revendedor poderá escolher qual cupom aplicar), ganhe 1 Glamour Midnight Desodorante Colônia 75ml. Limitado a 1 unidade por CPF em seu primeiro pedido no ciclo. O cupom é válido para utilização apenas 1 vez por revendedor.";;;50.0;Franqueado: ressarcimento via BSO. Consumidor/Revendedor: Itens selecionados com até 50% de desconto - Iscas Exaustão.;Não;Não;Não;Não;Não;Não;Não;Não;6;1;9;0;2;2;3;21;Não;Não;;Não;0;42;54.78;2;Não
13629;C;;74055;GLAMOUR DES COL MYRIAD 75ml V2;PERFUMARIA;PERFUMARIA FEMININA;;;9;3;6;2;2;15;1;2;9;3;2;7;0;1;2;0;1;0;23;2;2;4;;;;;;;;;Não;Não;Não;Não;Não;Não;Não;Não;6;0;5;0;0;0;2;6;Não;Não;;Não;0;42;49.65;0;Não
13629;B;BB;52752;GLAMOUR DES COL SCRT BLACK INTENSE 75ml;PERFUMARIA;PERFUMARIA FEMININA;;;84;6;20;40;6;38;7;33;11;11;5;20;5;8;7;10;27;4;1;8;34;10;;;;;18.0;Franqueado: Ressarcimento via BSO. Consumidor/Revendedor: Itens selecionados PERFUMARIA com até 21% de desconto.;;;Não;Não;Não;Não;Não;Não;Não;Não;28;0;36;0;14;14;48;58;Não;Não;;Não;0;42;54.55;14;Não
13629;B;BA;74103;GLAMOUR DES COL SEC BL 75ml V4;PERFUMARIA;PERFUMARIA FEMININA;;;44;25;133;10;12;139;15;9;65;24;58;11;4;51;15;12;69;2;3;12;12;108;;;;;;;25.0;Franqueado: ressarcimento via BSO. Consumidor/Revendedor: Itens selecionados com até 50% de desconto - Iscas Estratégicas.;Não;Não;Não;Sim;Não;Não;Não;Não;8;0;69;59;11;11;23;131;Não;Não;;Não;0;42;46.09;11;Não
13629;E;;87951;HADIYA EDP 75ml;PERFUMARIA;PERFUMARIA FEMININA;202611;;0;0;0;246;22;11;12;20;10;2;0;0;0;2;49;10;3;2;2;6;6;7;;;;;;;;;Não;Não;Não;Não;Não;Não;Não;Não;7;0;7;0;4;4;10;17;Não;Não;;Não;0;16;123.53;4;Não
13629;E;;96399;HER CODE CR AVELD DES HID CP TOUCH 200g;CUIDADOS COM A PELE;CUIDADOS COM O CORPO;202613;;0;0;0;0;0;0;0;0;0;0;0;0;0;0;0;0;84;0;6;16;16;20;;;;;;;;;Não;Não;Não;Não;Não;Não;Não;Não;44;0;15;0;0;0;0;19;Não;Não;;Não;0;24;32.62;0;Não
13629;E;;96398;HER CODE CR AVELUD DES HID CP CLIMX 200g;CUIDADOS COM A PELE;CUIDADOS COM O CORPO;202613;;0;0;0;0;0;0;0;0;0;0;0;0;0;0;0;0;102;2;3;17;17;21;;;;;;;;;Não;Não;Não;Não;Não;Não;Não;Não;93;0;16;0;0;0;0;0;Não;Não;;Não;0;24;32.62;0;Não
13629;B;BB;85935;HER CODE CREM AVELUD DES CPO 250g;CUIDADOS COM A PELE;CUIDADOS COM O CORPO;;;16;18;38;25;4;57;36;8;6;14;6;20;10;14;9;13;55;0;5;6;7;9;;;;;;;;;Não;Não;Não;Não;Não;Não;Não;Não;3;23;12;0;0;0;0;6;Não;Não;;Não;0;24;32.47;0;Não
13629;A;;50022;HER CODE EDP 50ml;PERFUMARIA;PERFUMARIA FEMININA;;;33;82;173;50;24;213;107;43;28;70;23;51;27;25;67;23;155;5;2;32;167;312;;;;;18.0;Franqueado: Ressarcimento via BSO. Consumidor/Revendedor: Itens selecionados com até 50% de desconto.;18.0;Franqueado: ressarcimento via BSO. Consumidor/Revendedor: Itens selecionados com até 60% de desconto - Iscas Estratégicas.;Não;Não;Não;Sim;Não;Não;Não;Não;62;0;277;125;120;115;282;594;Não;Não;;Não;0;25;71.63;120;Não
13629;A;;86983;HER CODE EDP CLIMAX 50ml;PERFUMARIA;PERFUMARIA FEMININA;;;146;25;38;116;16;92;50;21;81;45;13;10;49;6;16;58;18;8;2;66;10;17;16.0;Franqueado: Ressarcimento via BSO. Consumidor/Revendedor: Itens selecionados com até 20% de desconto.;16.0;Franqueado: Ressarcimento via BSO. Consumidor/Revendedor: Itens selecionados com até 20% de desconto.;;;;;Não;Não;Não;Não;Não;Não;Não;Não;81;0;47;0;16;19;29;46;Não;Não;;Não;0;25;71.63;16;Não
13629;E;;86985;HER CODE EDP CLIMAX PRM 10ml;SUPORTE À VENDA;PRM;;202614;2;0;2;0;0;0;0;0;0;1;18;5;0;0;0;11;14;1;;0;0;0;59.0;Lucro Extra de 59,5% em itens selecionados de PRM. Limitado a 10 unidades.;59.0;Lucro Extra de 59,5% em itens selecionados de PRM. Limitado a 10 unidades.;0.0;Em compras acima de R$500,00 ganhe 1 PRM selecionado.;;;Não;Não;Não;Não;Não;Não;Não;Não;17;0;;0;0;0;0;0;Não;Não;;Não;0;450;5.31;0;Não
13629;A;;59555;HER CODE EDP TOUCH 50ml;PERFUMARIA;PERFUMARIA FEMININA;;;17;51;16;25;13;132;15;21;20;69;9;6;12;51;20;11;55;2;2;14;77;21;;;;;"15.0
14.0
12.0
10.0";"Franqueado: Ressarcimento via BSO. Revendedor: Itens selecionados de Her Code (Toque) com até 16% de desconto.
Revendedor Diamante: Ganhe 14% de lucro extra na compra de 7 ou mais unidades de Her Code Touch.
Revendedor Rubi ou Esmeralda: Ganhe 12% de lucro extra na compra de 4 ou mais unidades de Her Code Touch.
Revendedor Cobre, Bronze, Prata, Ouro ou Platina: Ganhe 10% de lucro extra na compra de 2 ou mais unidades de Her Code Touch.";;;Não;Não;Não;Não;Não;Não;Não;Não;127;0;69;0;0;0;29;50;Não;Não;;Não;0;25;71.63;0;Não
13629;B;BB;94859;HER CODE LOC DES HID CPO V2 200ml;CUIDADOS COM A PELE;CUIDADOS COM O CORPO;;;12;13;97;15;40;12;14;34;46;7;6;19;5;8;7;9;52;3;2;17;20;48;;;;;;;41.0;Franqueado: ressarcimento via BSO. Consumidor/Revendedor: Itens selecionados com até 60% de desconto - Iscas Exaustão.;Não;Não;Não;Não;Não;Não;Não;Não;72;36;42;4;0;0;0;11;Não;Não;;Não;0;48;15.93;0;Não
13629;B;BB;85936;HER CODE OL MASS CPO TOUCH 150ml;ÓLEOS;CUIDADOS COM O CORPO;;;1;11;9;11;1;15;25;0;4;48;3;29;4;17;7;4;21;1;2;3;3;37;;;;;;;;;Não;Não;Não;Não;Não;Não;Não;Não;5;7;20;3;7;7;10;47;Não;Não;;Não;0;63;28.98;7;Não
13629;B;BC;85606;INSENSATEZ DES COL V4 100ml;PERFUMARIA;PERFUMARIA UNISSEX;;;1;0;10;1;1;1;0;10;3;7;2;16;1;3;5;3;7;0;13;2;2;19;;;;;;;25.0;Franqueado: ressarcimento via BSO. Consumidor/Revendedor: Itens selecionados com até 50% de desconto - Iscas Estratégicas.;Não;Não;Não;Sim;Não;Não;Não;Não;5;0;10;3;3;3;5;24;Não;Não;;Não;0;44;37.29;3;Não
13629;C;;87203;KIT BOTIK V2;GIFTS;ESTOJO REGULAR;;;2;0;6;2;2;0;0;0;1;1;0;0;0;5;3;1;0;0;38;1;1;3;;;;;;;30.0;Franqueado: ressarcimento via BSO. Consumidor/Revendedor: Itens selecionados com até 60% de desconto - Iscas Exaustão.;Não;Não;Não;Não;Não;Não;Não;Não;1;0;3;1;1;1;2;5;Não;Não;;Não;0;13;74.92;1;Não
13629;C;;56686;KIT DR BOTICA MAGICO TEATRO BONECOS;GIFTS;ESTOJO REGULAR;;;5;1;3;1;3;2;1;1;0;3;0;1;0;0;0;2;3;0;5;4;1;1;"15.0
15.0";"Revendedor: Na compra de kits selecionados da categoria Infantil, ganhe lucro progressivo de acordo com a quantidade: 2 a 5 itens, ganhe 10% de lucro extra; 6 ou mais itens, ganhe 15% de lucro extra.
Franqueado: Ressarcimento via BSO. Consumidor/Revendedor: Compre Kits regulares selecionados com até 27% de desconto.";"15.0
15.0";"Revendedor: Na compra de kits selecionados da categoria Infantil, ganhe lucro progressivo de acordo com a quantidade: 2 a 5 itens, ganhe 10% de lucro extra; 6 ou mais itens, ganhe 15% de lucro extra.
Franqueado: Ressarcimento via BSO. Consumidor/Revendedor: Compre Kits regulares selecionados com até 27% de desconto.";;;;;Não;Não;Não;Não;Não;Não;Não;Não;0;0;3;2;2;2;3;4;Não;Não;;Não;0;7;49.94;2;Não
13629;C;;57081;KIT DR BOTICA MINI V3;GIFTS;ESTOJO REGULAR;;202617;5;4;6;7;5;8;4;9;6;5;11;1;2;1;0;0;0;0;89;4;2;7;15.0;"Revendedor: Na compra de kits selecionados da categoria Infantil, ganhe lucro progressivo de acordo com a quantidade: 2 a 5 itens, ganhe 10% de lucro extra; 6 ou mais itens, ganhe 15% de lucro extra.";15.0;"Revendedor: Na compra de kits selecionados da categoria Infantil, ganhe lucro progressivo de acordo com a quantidade: 2 a 5 itens, ganhe 10% de lucro extra; 6 ou mais itens, ganhe 15% de lucro extra.";;;30.0;Itens selecionados com até 60% de lucro extra.;Não;Não;Não;Não;Não;Não;Não;Não;3;0;7;2;4;5;7;14;Não;Não;;Não;0;22;25.89;4;Não
13629;C;;87918;LILY COND ACET V2 250ml;CABELOS;CONDICIONADOR;;;9;4;11;5;1;0;7;6;0;0;0;16;0;2;10;0;0;0;54;4;4;6;;;;;;;;;Não;Não;Não;Não;Não;Não;Não;Não;0;3;8;2;6;6;10;16;Não;Não;;Não;0;36;21.23;6;Não
13629;C;;48510;LILY CR HID MAO 50g;CUIDADOS COM A PELE;CUIDADOS COM AS MÃOS;;;3;4;2;12;0;1;0;0;0;0;0;0;2;1;0;0;0;0;87;5;5;3;"11.0
10.0";"Progressiva de itens selecionados, a partir de 2 itens 15% (desconto adicional 5,56%), 3 itens 20% (desconto adicional 11,11%).
Itens selecionados com 10% de desconto direto.";"11.0
10.0";"Progressiva de itens selecionados, a partir de 2 itens 15% (desconto adicional 5,56%), 3 itens 20% (desconto adicional 11,11%).
Itens selecionados com 10% de desconto direto.";"11.0
10.0";"Progressiva de itens selecionados, a partir de 2 itens 15% (desconto adicional 5,56%), 3 itens 20% (desconto adicional 11,11%).
Itens selecionados com 10% de desconto direto.";20.0;Itens selecionados com até 60% de lucro extra.;Não;Não;Não;Não;Não;Não;Não;Não;0;0;6;0;7;7;12;15;Não;Não;;Não;0;80;14.45;7;Não
13629;A;;88203;LILY CREM ACET DES HID CPO V9 250g;CUIDADOS COM A PELE;CUIDADOS COM O CORPO;;;962;47;250;66;270;43;134;152;96;98;76;646;54;53;558;146;103;113;2;780;89;257;28.0;Franqueado: Ressarcimento via BSO. Consumidor/Revendedor: Compre Lily acetinados selecionados e leve o Refil por R$ 29,90 - De R$249,8 por R$179,8 (COMPOSIÇÃO OBRIGATÓRIA: 1 POTE + 1 REFIL) - Com 28,022418% de desconto.;28.0;Franqueado: Ressarcimento via BSO. Consumidor/Revendedor: Compre Lily acetinados selecionados e leve o Refil por R$ 29,90 - De R$249,8 por R$179,8 (COMPOSIÇÃO OBRIGATÓRIA: 1 POTE + 1 REFIL) - Com 28,022418% de desconto.;35.0;Na compra de itens selecionados de cuidados com a pele essence no primeiro pedido, ganhe 35% de lucro extra. Limitado a 1 unidade por CPF. Válido para revendedores selecionados.;"35.0
20.0";"Na compra de itens selecionados de cuidados com a pele essence no primeiro pedido, ganhe 35% de lucro extra. Limitado a 1 unidade por CPF. Válido para revendedores selecionados.
Franqueado: ressarcimento via BSO. Consumidor/Revendedor: Itens selecionados com até 50% de desconto - Iscas Estratégicas.";Não;Não;Não;Não;Não;Não;Não;Não;499;0;387;72;402;437;526;783;Não;Não;;Não;0;24;38.96;402;Não
13629;B;BA;77990;LILY CREM ACET HID DES CPO LUMIERE 250g;CUIDADOS COM A PELE;CUIDADOS COM O CORPO;;;38;2;12;37;19;2;14;28;3;16;6;44;0;7;114;3;5;10;2;29;8;12;28.0;Franqueado: Ressarcimento via BSO. Consumidor/Revendedor: Compre Lily acetinados selecionados e leve o Refil por R$ 29,90 - De R$249,8 por R$179,8 (COMPOSIÇÃO OBRIGATÓRIA: 1 POTE + 1 REFIL) - Com 28,022418% de desconto.;28.0;Franqueado: Ressarcimento via BSO. Consumidor/Revendedor: Compre Lily acetinados selecionados e leve o Refil por R$ 29,90 - De R$249,8 por R$179,8 (COMPOSIÇÃO OBRIGATÓRIA: 1 POTE + 1 REFIL) - Com 28,022418% de desconto.;;;;;Não;Não;Não;Não;Não;Não;Não;Não;56;0;21;0;0;0;0;7;Não;Não;;Não;0;24;38.97;0;Não
13629;B;BB;77685;LILY CREM DES HID ACET CPO ABSOLU 250g;CUIDADOS COM A PELE;CUIDADOS COM O CORPO;;;32;0;4;4;8;2;6;12;2;5;2;31;2;2;31;1;1;7;3;35;3;4;28.0;Franqueado: Ressarcimento via BSO. Consumidor/Revendedor: Compre Lily acetinados selecionados e leve o Refil por R$ 29,90 - De R$249,8 por R$179,8 (COMPOSIÇÃO OBRIGATÓRIA: 1 POTE + 1 REFIL) - Com 28,022418% de desconto.;28.0;Franqueado: Ressarcimento via BSO. Consumidor/Revendedor: Compre Lily acetinados selecionados e leve o Refil por R$ 29,90 - De R$249,8 por R$179,8 (COMPOSIÇÃO OBRIGATÓRIA: 1 POTE + 1 REFIL) - Com 28,022418% de desconto.;;;20.0;Itens selecionados com até 60% de lucro extra.;Não;Não;Não;Não;Não;Não;Não;Não;39;0;10;0;0;0;2;6;Sim;Não;Crítico;Não;0;24;38.96;0;Não
13629;E;;50172;LILY CREM HID MAO 30g V2;CUIDADOS COM A PELE;CUIDADOS COM AS MÃOS;;;0;0;0;0;0;0;0;0;0;0;0;0;0;0;0;0;0;0;0;1;1;1;;;;;;;;;Não;Não;Não;Não;Não;Não;Não;Não;0;0;1;0;1;1;2;3;Não;Não;;Não;0;140;10.1;1;Não
13629;C;;48696;LILY DES ANTIT AEROSSOL 75g V9;DESODORANTES;DESODORANTE FEMININO;;;12;8;31;2;7;3;3;7;8;8;4;21;0;5;2;3;2;1;6;8;6;30;;;;;;;10.0;Lucro Extra de 10% em produtos da linha ESSENCE selecionados.;Não;Não;Não;Não;Não;Não;Não;Não;5;0;22;10;13;13;19;49;Não;Não;;Não;0;72;11.95;13;Não
13629;B;BC;57882;LILY DES BDY SPR LEAU/LILY BLANC 100ml;DESODORANTES;DESODORANTE FEMININO;;;26;1;18;35;0;0;0;21;32;0;0;0;7;47;39;31;30;5;2;19;9;34;;;;;;;10.0;Lucro Extra de 10% em produtos da linha ESSENCE selecionados.;Não;Não;Não;Não;Não;Não;Não;Não;5;0;30;30;7;7;16;50;Não;Não;;Não;0;85;14.27;7;Não
13629;B;BA;84182;LILY DES COL BDY SPLSH 200ml;PERFUMARIA;PERFUMARIA FEMININA;;;12;5;9;4;0;20;30;37;9;10;3;0;53;22;15;21;83;3;3;10;11;39;;;;;;;20.0;Franqueado: ressarcimento via BSO. Consumidor/Revendedor: Itens selecionados com até 50% de desconto - Iscas Estratégicas.;Não;Não;Não;Não;Não;Não;Não;Não;14;0;32;19;6;6;17;56;Não;Não;;Não;0;50;33.69;6;Não
13629;B;BA;83971;LILY DES COL LEAU DE 75ml;PERFUMARIA;PERFUMARIA FEMININA;;;43;5;8;59;4;11;43;5;4;31;2;4;29;3;4;3;48;0;5;7;50;9;;;;;"15.0
5.0";"Franqueado: Ressarcimento via BSO. Consumidor/Revendedor: Itens selecionados PERFUMARIA  (L'eau de Lily e Malbec Icon) com até 15% de desconto.
Compre perfumarias selecionadas (L'eau de Lily e Malbec Icon) e ganhe até 10% lucro extra .";;;Não;Não;Não;Não;Não;Não;Não;Não;14;0;35;17;10;9;59;68;Não;Não;;Não;0;30;62.73;10;Não
13629;B;BB;49680;LILY DES COL LEAU DE LILY SOLEIL 75ml;PERFUMARIA;PERFUMARIA FEMININA;;;3;2;32;7;5;23;2;1;19;5;3;24;4;10;5;14;12;0;4;4;37;5;;;;;"15.0
15.0";"Multiplique seus Lucros em Perfumarias Selecionadas de Essence de acordo com a quantidade comprada:  10% de Lucro Extra em 2 unidades e 15% de Lucro Extra em 3 ou mais unidades.
Franqueado: Ressarcimento via BSO. Consumidor/Revendedor: Itens selecionados de Lily (Leau Soleil EDT) com até 15% de desconto.";;;Não;Não;Não;Não;Não;Não;Não;Não;6;0;34;10;22;21;58;63;Não;Não;;Não;0;30;62.73;22;Não
13629;B;BA;86895;LILY DES COL LEAU/LILY BLANCHE 75ml;PERFUMARIA;PERFUMARIA FEMININA;;;70;5;26;64;8;4;7;64;11;23;2;63;4;15;50;5;5;2;2;14;7;11;35.0;Na compra de PERFUMARIA LILY BLANCHE, tenha 35% de lucro extra entre os dias 28/09 a 01/10. Limitado a 1 unidade por CPF.;35.0;Na compra de PERFUMARIA LILY BLANCHE, tenha 35% de lucro extra entre os dias 28/09 a 01/10. Limitado a 1 unidade por CPF.;;;;;Não;Não;Não;Não;Não;Não;Não;Não;30;6;19;0;0;0;1;12;Não;Não;;Não;0;30;62.73;0;Não
13629;E;;86897;LILY DES COL LEAU/LILY BLANCHE PRM 10ml;SUPORTE À VENDA;PRM;;;1;2;15;1;0;1;0;0;0;0;0;0;0;0;0;0;0;0;;0;0;0;;;;;0.0;Em compras acima de R$500,00 ganhe 1 PRM selecionado.;"0.0
0.0
0.0
0.0";"Revendedor Cobre/Bronze/Prata: Passe um pedido de R$600 e ganhe 2 PRMs selecionados. Limitado a 1 conquista por CPF.
Revendedor Ouro/Platina: Passe um pedido de R$800 e ganhe 4 PRMs selecionados. Limitado a 1 conquista por CPF.
Revendedor Rubi/Esmeralda: Passe um pedido de R$1.200 e ganhe 6 PRMs selecionados. Limitado a 1 conquista por CPF.
Revendedor Diamante: Passe um pedido de R$1.500 e ganhe 10 PRMs selecionados. Limitado a 1 conquista por CPF.";Não;Não;Não;Não;Não;Não;Não;Não;0;0;;0;0;0;0;0;Não;Não;;Não;0;450;5.16;0;Não
13629;B;BB;85699;LILY EDP ABSOLU V3 75ml;PERFUMARIA;PERFUMARIA FEMININA;202614;;13;0;3;8;1;1;7;2;0;2;1;2;1;1;4;0;1;1;5;2;2;4;;;;;;;;;Não;Não;Não;Não;Não;Não;Não;Não;2;1;5;4;0;0;1;5;Não;Não;;Não;0;34;87.71;0;Não
13629;B;BC;77517;LILY EDP LOVE 75ML V2;PERFUMARIA;PERFUMARIA FEMININA;;;0;11;4;1;1;3;3;1;4;1;7;0;0;4;0;3;3;0;18;3;2;3;;;;;;;;;Não;Não;Não;Não;Não;Não;Não;Não;4;0;4;1;1;1;3;6;Não;Não;;Não;0;34;89.5;1;Não
13629;B;BB;77989;LILY EDP LUMIERE 75ML;PERFUMARIA;PERFUMARIA FEMININA;;;11;2;3;35;2;1;19;5;7;14;7;2;4;13;6;6;16;1;4;4;4;7;;;;;;;;;Não;Não;Não;Não;Não;Não;Não;Não;10;0;9;4;0;0;1;8;Não;Não;;Não;0;34;89.15;0;Não
13629;B;BC;85702;LILY EDP V3 30ml;PERFUMARIA;PERFUMARIA FEMININA;202612;;7;4;2;5;5;2;0;3;1;4;1;4;3;1;6;1;6;0;6;14;3;4;"12.0
10.0";"Multiplique seus Lucros em Perfumaria Selecionada de Lily de acordo com a quantidade comprada: 8% de Lucro Extra em 2 unidades e 12% de Lucro Extra em 3 ou mais unidades.
Franqueado: Ressarcimento via BSO. Consumidor/Revendedor: Itens selecionados PERFUMARIA com até 11% de desconto.";"12.0
10.0";"Multiplique seus Lucros em Perfumaria Selecionada de Lily de acordo com a quantidade comprada: 8% de Lucro Extra em 2 unidades e 12% de Lucro Extra em 3 ou mais unidades.
Franqueado: Ressarcimento via BSO. Consumidor/Revendedor: Itens selecionados PERFUMARIA com até 11% de desconto.";;;;;Não;Não;Não;Não;Não;Não;Não;Não;2;4;8;8;4;4;7;11;Não;Não;;Não;0;68;53.37;4;Não
13629;A;;89331;LILY EDP V3 75ml;PERFUMARIA;PERFUMARIA FEMININA;;;20;28;30;98;11;14;17;46;13;69;11;118;36;12;123;17;23;18;2;98;17;34;"12.0
10.0";"Multiplique seus Lucros em Perfumaria Selecionada de Lily de acordo com a quantidade comprada: 8% de Lucro Extra em 2 unidades e 12% de Lucro Extra em 3 ou mais unidades.
Franqueado: Ressarcimento via BSO. Consumidor/Revendedor: Itens selecionados PERFUMARIA com até 11% de desconto.";"12.0
10.0";"Multiplique seus Lucros em Perfumaria Selecionada de Lily de acordo com a quantidade comprada: 8% de Lucro Extra em 2 unidades e 12% de Lucro Extra em 3 ou mais unidades.
Franqueado: Ressarcimento via BSO. Consumidor/Revendedor: Itens selecionados PERFUMARIA com até 11% de desconto.";;;;;Não;Não;Não;Não;Não;Não;Não;Não;66;47;76;35;2;6;23;57;Não;Não;;Não;0;34;89.15;2;Não
13629;B;BB;94539;LILY HAIR MIST ACETINADO 50ml;CABELOS;FINALIZADOR;;;0;0;0;0;0;0;100;60;17;29;5;36;3;1;57;7;3;0;9;7;7;11;;;;;;;;;Não;Não;Não;Não;Não;Não;Não;Não;9;0;14;12;0;0;5;16;Sim;Não;Crítico;Não;0;55;42.12;0;Não
13629;B;BB;48181;LILY OL PERF DES CPO 150ml V11;ÓLEOS;CUIDADOS COM O CORPO;;;9;8;11;0;0;0;0;0;24;12;12;20;12;16;10;30;12;4;2;9;6;8;;;;;;;;;Não;Não;Não;Não;Não;Não;Não;Não;23;1;12;0;0;0;1;9;Não;Não;;Não;0;63;32.61;0;Não
13629;B;BB;48508;LILY OL PRODIG ACET MULTIF 50ml;CUIDADOS COM A PELE;CUIDADOS COM O CORPO;;;41;8;47;1;1;17;12;12;12;12;4;8;3;2;5;16;8;0;4;7;5;7;;;;;;;;;Não;Não;Não;Não;Não;Não;Não;Não;7;4;10;9;0;0;0;7;Não;Não;;Não;0;68;41.35;0;Não
13629;C;;48734;LILY PARFUM LE 30ml;PERFUMARIA;PERFUMARIA FEMININA;;;0;0;0;0;3;0;0;1;2;3;0;1;1;1;2;1;3;1;5;3;2;3;"12.0
10.0";"Multiplique seus Lucros em Perfumaria Selecionada de Lily de acordo com a quantidade comprada: 8% de Lucro Extra em 2 unidades e 12% de Lucro Extra em 3 ou mais unidades.
Franqueado: Ressarcimento via BSO. Consumidor/Revendedor: Itens selecionados PERFUMARIA com até 11% de desconto.";"12.0
10.0";"Multiplique seus Lucros em Perfumaria Selecionada de Lily de acordo com a quantidade comprada: 8% de Lucro Extra em 2 unidades e 12% de Lucro Extra em 3 ou mais unidades.
Franqueado: Ressarcimento via BSO. Consumidor/Revendedor: Itens selecionados PERFUMARIA com até 11% de desconto.";;;;;Não;Não;Não;Não;Não;Não;Não;Não;13;0;4;0;0;0;0;0;Sim;Não;Crítico;Não;0;56;72.63;0;Não
13629;B;BB;88911;LILY SAB BARRA V2 2x90g;SABONETE CORPO;CORPO;;;4;8;154;59;3;84;8;6;9;52;0;109;3;3;3;18;5;0;9;3;5;112;;;;;;;;;Não;Não;Não;Não;Não;Não;Não;Não;69;0;66;0;0;0;4;116;Não;Não;;Não;0;32;17.27;0;Não
13629;E;;48513;LILY SAB LIQ CPO 250ml;SABONETE CORPO;MÃOS;;;2;1;3;4;1;1;1;1;0;0;0;0;0;0;0;0;0;0;;2;2;2;20.0;Itens selecionados com até 55% de lucro extra.;20.0;Itens selecionados com até 55% de lucro extra.;;;20.0;Itens selecionados com até 60% de lucro extra.;Não;Não;Não;Não;Não;Não;Não;Não;0;0;;0;0;0;0;0;Não;Sim;;Não;0;36;23.98;0;Não
13629;C;;87915;LILY SERUM LEAVE CAP ACET V2 100ml;CABELOS;FINALIZADOR;;202615;1;2;2;30;1;2;6;3;0;3;1;8;1;4;11;1;2;0;4;2;2;0;;;;;;;"15.0
12.0";"Franqueado: Ressarcimento via BSO. Consumidor/Revendedor: Lançamento de Itens selecionados de Lily cabelos com até 15% de desconto.
Compre itens de CABELOS selecionados da linha LILY , no mesmo pedido, e ganhe lucro progressivo de acordo com a quantidade: 2 itens: 8% LE, 3 ou mais itens: 12% LE.";Não;Não;Não;Sim;Não;Não;Não;Não;5;0;4;30;0;0;0;0;Não;Não;;Não;0;108;20.02;0;Não
13629;C;;87920;LILY SHAMP ACET V2 250ml;CABELOS;SHAMPOO/PRÉ-SHAMPOO;;;7;3;9;47;2;2;3;3;5;1;0;0;0;0;2;0;0;0;54;3;3;2;;;;;;;;;Não;Não;Não;Não;Não;Não;Não;Não;0;3;5;3;1;1;4;6;Não;Não;;Não;0;36;20.59;1;Não
13629;C;;81849;LINDA DES COL FELICIDADE V2 100ml;PERFUMARIA;PERFUMARIA FEMININA;;;13;0;3;8;1;4;0;17;0;1;1;0;1;1;2;6;3;0;6;2;1;17;;;;;;;40.0;Franqueado: ressarcimento via BSO. Consumidor/Revendedor: Itens selecionados com até 50% de desconto - Iscas Exaustão.;Não;Não;Não;Não;Não;Não;Não;Não;6;0;9;0;4;4;5;22;Não;Não;;Não;0;40;57.76;4;Não
13629;B;BC;81756;LINDA DES COL IRRESISTIVEL 100ml;PERFUMARIA;PERFUMARIA FEMININA;;;4;3;5;12;2;49;3;21;4;1;6;2;1;5;1;8;0;0;30;7;3;4;15.0;Compre itens selecionados e ganhe lucro extra de até 45%. Válido entre os dias 05/10 a 12/10.;15.0;Compre itens selecionados e ganhe lucro extra de até 45%. Válido entre os dias 05/10 a 12/10.;;;;;Não;Não;Não;Não;Não;Não;Não;Não;14;0;6;0;0;0;1;5;Não;Não;;Não;0;40;57.76;0;Não
13629;B;BA;74043;LINDA DES COL V4 100ml;PERFUMARIA;PERFUMARIA FEMININA;;;71;7;13;11;173;2;3;23;35;11;18;14;5;73;12;9;40;0;5;7;7;47;;;;;;;32.0;Franqueado: ressarcimento via BSO. Consumidor/Revendedor: Itens selecionados com até 50% de desconto - Iscas Estratégicas.;Não;Não;Não;Não;Não;Não;Não;Não;101;0;33;0;0;0;0;0;Não;Não;;Não;0;40;57.74;0;Não
13629;C;;58591;LINDA LOC DES HID CPO IRRESISTIVEL 100ml;CUIDADOS COM A PELE;CUIDADOS COM O CORPO;;;0;0;1;0;0;0;0;1;2;0;1;0;0;1;0;0;0;0;83;4;4;2;"11.0
10.0";"Progressiva de itens selecionados, a partir de 2 itens 15% (desconto adicional 5,56%), 3 itens 20% (desconto adicional 11,11%).
Itens selecionados com 10% de desconto direto.";"11.0
10.0";"Progressiva de itens selecionados, a partir de 2 itens 15% (desconto adicional 5,56%), 3 itens 20% (desconto adicional 11,11%).
Itens selecionados com 10% de desconto direto.";"11.0
10.0";"Progressiva de itens selecionados, a partir de 2 itens 15% (desconto adicional 5,56%), 3 itens 20% (desconto adicional 11,11%).
Itens selecionados com 10% de desconto direto.";;;Não;Não;Não;Não;Não;Não;Não;Não;4;0;4;0;3;3;7;9;Sim;Não;Crítico;Não;0;80;10.16;3;Não
13629;B;BB;90298;LIZ CR DES HID CPO D ESSENCE 250g;CUIDADOS COM A PELE;CUIDADOS COM O CORPO;;202616;0;0;0;0;0;0;0;0;0;0;0;124;19;3;8;1;4;0;;6;6;9;;;;;;;;;Não;Não;Não;Não;Não;Não;Não;Não;8;0;;0;0;0;0;0;Não;Sim;;Não;0;38;19.87;0;Não
13629;C;;77183;LIZ CREM DES HID CPO 250g;CUIDADOS COM A PELE;CUIDADOS COM O CORPO;;;20;10;27;1;3;8;8;4;14;13;5;3;11;3;4;17;5;0;5;7;5;6;;;;;;;;;Não;Não;Não;Não;Não;Não;Não;Não;11;0;10;0;4;4;9;15;Não;Não;;Não;0;38;19.87;4;Não
13629;B;BC;86988;LIZ CREM DES HID CPO AURA 250g;CUIDADOS COM A PELE;CUIDADOS COM O CORPO;;;10;6;13;99;8;14;2;2;6;50;1;3;8;6;5;3;7;1;4;5;3;18;;;;;;;;;Não;Não;Não;Não;Não;Não;Não;Não;52;0;12;0;0;0;0;0;Não;Não;;Não;0;38;19.87;0;Não
13629;B;BA;76700;LIZ DES COL 100ml;PERFUMARIA;PERFUMARIA FEMININA;;;15;9;169;4;8;67;13;28;27;19;44;10;10;15;18;45;12;1;4;12;71;15;;;;;"25.0
16.0";"25% de Lucro Extra em Liz Desodorante Colônia 100ml. Limitado a 1 unidade por CPF. Válido para Revendedores Selecionados: cobre, bronze e prata.
Franqueado: Ressarcimento via BSO. Revendedor: Itens selecionados de Liz (Regular) com até 16% de desconto";;;Não;Não;Não;Não;Não;Não;Não;Não;103;0;53;0;0;0;30;45;Não;Não;;Não;0;40;46.67;0;Não
13629;B;BA;86990;LIZ DES COL AURA 100ml;PERFUMARIA;PERFUMARIA FEMININA;;;30;8;16;102;13;15;38;7;20;63;8;9;9;51;12;11;12;2;4;10;10;127;;;;;;;25.0;Franqueado: ressarcimento via BSO. Consumidor/Revendedor: Itens selecionados com até 60% de desconto - Iscas Estratégicas.;Não;Não;Não;Sim;Não;Não;Não;Não;40;0;76;0;43;43;53;180;Não;Não;;Não;0;40;46.68;43;Não
13629;A;;88895;LIZ DES COL D ESSENCE 100ml;PERFUMARIA;PERFUMARIA FEMININA;;;0;0;0;0;0;0;0;0;0;0;0;197;129;18;8;10;27;1;2;62;10;16;17.0;Franqueado: Ressarcimento via BSO. Consumidor/Revendedor: Itens selecionados PERFUMARIA com até 18% de desconto.;17.0;Franqueado: Ressarcimento via BSO. Consumidor/Revendedor: Itens selecionados PERFUMARIA com até 18% de desconto.;;;;;Não;Não;Não;Não;Não;Não;Não;Não;36;0;45;0;56;58;68;84;Não;Não;;Não;0;40;46.68;56;Não
13629;B;BB;59466;LIZ DES COL FLORA 100ml;PERFUMARIA;PERFUMARIA FEMININA;;;5;32;256;10;5;1;4;5;13;3;9;2;1;22;5;2;10;1;3;3;4;123;;;;;;;60.0;Franqueado: ressarcimento via BSO. Consumidor/Revendedor: Itens selecionados com até 60% de desconto - Iscas Estratégicas.;Não;Não;Não;Sim;Não;Não;Não;Não;199;0;55;0;0;0;0;0;Não;Não;;Não;0;40;46.68;0;Não
13629;B;BB;53415;LIZ DES COL INTENSO 100ml;PERFUMARIA;PERFUMARIA FEMININA;;;3;19;3;4;28;2;5;30;5;11;1;17;0;1;4;14;2;0;12;7;26;5;15.0;Compre itens selecionados e ganhe lucro extra de até 45%. Válido entre os dias 05/10 a 12/10.;15.0;Compre itens selecionados e ganhe lucro extra de até 45%. Válido entre os dias 05/10 a 12/10.;20.0;Franqueado: Ressarcimento via BSO. Consumidor/Revendedor: Itens selecionados PERFUMARIA e MAQUIAGEM com até 20% de desconto.;;;Não;Não;Não;Não;Não;Não;Não;Não;12;4;19;0;8;8;34;39;Não;Não;;Não;0;40;46.68;8;Não
13629;B;BB;47339;LIZ DES COL SUBLIME 100ml;PERFUMARIA;PERFUMARIA FEMININA;;;6;25;6;14;39;9;18;6;14;10;17;10;6;21;2;6;6;0;4;32;6;49;17.0;Franqueado: Ressarcimento via BSO. Consumidor/Revendedor: Itens selecionados PERFUMARIA com até 18% de desconto.;17.0;Franqueado: Ressarcimento via BSO. Consumidor/Revendedor: Itens selecionados PERFUMARIA com até 18% de desconto.;;;20.0;Franqueado: ressarcimento via BSO. Consumidor/Revendedor: Itens selecionados com até 50% de desconto - Iscas Estratégicas.;Não;Não;Não;Não;Não;Não;Não;Não;12;3;33;4;37;38;44;93;Não;Não;;Não;0;40;46.67;37;Não
13629;C;;05009;MA CHERIE DES COL 100ml V6;INFANTIL;PERFUMARIA;;;5;2;12;0;2;5;0;4;6;2;4;3;5;11;3;2;5;0;11;3;2;31;;;;;;;29.0;Franqueado: ressarcimento via BSO. Consumidor/Revendedor: Itens selecionados com até 60% de desconto - Iscas Estratégicas.;Não;Não;Não;Sim;Não;Não;Não;Não;52;0;16;0;0;0;0;0;Não;Não;;Não;0;24;41.99;0;Não
13629;C;;05125;MA CHERIE LOC DESC HID CPO 200ml;INFANTIL;CUIDADOS COM O CORPO;;;2;0;15;0;3;10;0;1;3;3;7;4;2;10;1;1;6;1;4;2;1;17;;;;;;;29.0;Franqueado: ressarcimento via BSO. Consumidor/Revendedor: Itens selecionados com até 60% de desconto - Iscas Estratégicas.;Não;Não;Não;Não;Não;Não;Não;Não;9;0;9;0;1;1;2;19;Não;Não;;Não;0;48;17.52;1;Não
13629;C;;85164;MAK B COLOR U/B LAC WIN 3,6g;MAQUIAGEM;MAQUIAGEM BOCA;;;0;1;1;1;2;0;6;1;0;0;0;0;0;1;1;3;2;0;9;2;1;1;30.0;Itens selecionados com até 55% de lucro extra.;30.0;Itens selecionados com até 55% de lucro extra.;;;;;Não;Não;Não;Não;Não;Não;Não;Não;0;0;2;2;0;0;1;2;Não;Não;;Não;0;360;22.52;0;Não
13629;C;;88585;MAKE B BALM LAB MICR TINT G/WINE V2 3,6g;MAQUIAGEM;MAQUIAGEM BOCA;;;0;2;2;0;0;2;0;0;1;2;0;1;1;2;0;1;1;0;9;1;3;1;;;;;34.0;Franqueado: Ressarcimento via BSO. Revendedor: Compre itens selecionados com até 40% de desconto;;;Não;Não;Não;Não;Não;Não;Não;Não;39;0;3;0;0;0;0;0;Não;Não;;Não;0;360;20.18;0;Não
13629;C;;88473;MAKE B BALM LAB MICRO TINT V2 3,6g;MAQUIAGEM;MAQUIAGEM BOCA;;;3;0;4;0;1;3;0;1;3;0;0;3;0;1;0;3;0;0;34;1;4;2;;;;;34.0;Franqueado: Ressarcimento via BSO. Revendedor: Compre itens selecionados com até 40% de desconto;;;Não;Não;Não;Não;Não;Não;Não;Não;0;0;4;2;2;2;6;8;Não;Não;;Não;0;360;20.18;2;Não
13629;C;;86166;MAKE B BALM LAB NIGHT MASK LIP/CHRON 9g;MAQUIAGEM;MAQUIAGEM BOCA;;;0;0;1;1;0;1;2;1;1;0;1;0;1;0;1;0;0;0;55;1;2;1;;;;;"20.0
15.0";"Franqueado: Ressarcimento via BSO. Revendedor: Compre itens selecionados com até 40% de desconto
Lucro Extra Progressivo em itens selecionados de Maquiagem da Linha MAKE B. de acordo com a quantidade comprada: 10% de Lucro Extra em 2 unidades e 15% de Lucro Extra em 3 unidades ou mais.";20.0;Itens selecionados com até 60% de lucro extra.;Não;Não;Não;Não;Não;Não;Não;Não;1;0;2;1;1;1;3;4;Não;Não;;Não;0;270;21.63;1;Não
13629;C;;85846;MAKE B BAS LIQ C/GLYCOL TX 130 V2 30g;MAQUIAGEM;MAQUIAGEM ROSTO;;;1;1;0;1;2;0;0;1;0;0;0;0;0;1;0;1;0;0;37;1;1;1;;;;;;;30.0;Franqueado: ressarcimento via BSO. Consumidor/Revendedor: Itens selecionados com até 60% de desconto - Iscas Estratégicas.;Não;Não;Não;Não;Não;Não;Não;Não;2;0;2;0;0;0;1;2;Não;Não;;Não;0;85;33.06;0;Não
13629;C;;90729;MAKE B BAS LIQ MATE SALICYLIC 105N 30g;MAQUIAGEM;MAQUIAGEM ROSTO;;;0;0;0;0;0;0;0;0;0;0;0;0;0;0;1;0;0;0;55;1;1;1;;;;;"35.0
25.0";"Compre itens selecionados e ganhe 35% de lucro extra.
Franqueado: Ressarcimento via BSO. Revendedor: Compre itens selecionados com até 40% de desconto";25.0;Itens selecionados com até 60% de lucro extra.;Não;Não;Não;Não;Não;Não;Não;Não;4;0;2;0;0;0;0;0;Não;Não;;Não;0;234;26.9;0;Não
13629;C;;90728;MAKE B BAS LIQ MATE SALICYLIC 110Q 30g;MAQUIAGEM;MAQUIAGEM ROSTO;;;1;0;0;0;0;0;1;0;1;1;1;1;1;0;2;2;3;0;9;1;1;1;40.0;Franqueado: Ressarcimento via BSO. Consumidor/Revendedor: Itens selecionados com até 60% de desconto.;40.0;Franqueado: Ressarcimento via BSO. Consumidor/Revendedor: Itens selecionados com até 60% de desconto.;"35.0
25.0";"Compre itens selecionados e ganhe 35% de lucro extra.
Franqueado: Ressarcimento via BSO. Revendedor: Compre itens selecionados com até 40% de desconto";25.0;Itens selecionados com até 60% de lucro extra.;Não;Não;Não;Não;Não;Não;Não;Não;0;0;2;1;1;1;2;3;Não;Não;;Não;0;234;26.9;1;Não
13629;C;;90727;MAKE B BAS LIQ MATE SALICYLIC 120N 30g;MAQUIAGEM;MAQUIAGEM ROSTO;;;0;0;0;0;0;0;0;0;0;0;0;1;0;0;0;2;0;0;27;1;1;1;;;;;"35.0
25.0";"Compre itens selecionados e ganhe 35% de lucro extra.
Franqueado: Ressarcimento via BSO. Revendedor: Compre itens selecionados com até 40% de desconto";25.0;Itens selecionados com até 60% de lucro extra.;Não;Não;Não;Não;Não;Não;Não;Não;4;0;2;0;0;0;0;0;Não;Não;;Não;0;234;26.9;0;Não
13629;C;;90726;MAKE B BAS LIQ MATE SALICYLIC 130Q 30g;MAQUIAGEM;MAQUIAGEM ROSTO;;;1;0;0;1;0;1;1;1;0;0;1;1;0;1;2;1;0;0;41;1;1;1;;;;;25.0;Franqueado: Ressarcimento via BSO. Revendedor: Compre itens selecionados com até 40% de desconto;;;Não;Não;Não;Não;Não;Não;Não;Não;1;0;2;0;1;1;2;3;Não;Não;;Não;0;234;26.9;1;Não
13629;C;;90724;MAKE B BAS LIQ MATE SALICYLIC 140Q 30g;MAQUIAGEM;MAQUIAGEM ROSTO;;;0;0;0;0;0;0;0;1;0;0;0;0;0;0;3;1;2;0;6;1;1;1;40.0;Franqueado: Ressarcimento via BSO. Consumidor/Revendedor: Itens selecionados com até 60% de desconto.;40.0;Franqueado: Ressarcimento via BSO. Consumidor/Revendedor: Itens selecionados com até 60% de desconto.;"35.0
25.0";"Compre itens selecionados e ganhe 35% de lucro extra.
Franqueado: Ressarcimento via BSO. Revendedor: Compre itens selecionados com até 40% de desconto";25.0;Itens selecionados com até 60% de lucro extra.;Não;Não;Não;Não;Não;Não;Não;Não;0;0;2;1;1;1;2;3;Não;Não;;Não;0;234;26.9;1;Não
13629;C;;90723;MAKE B BAS LIQ MATE SALICYLIC 150Q 30g;MAQUIAGEM;MAQUIAGEM ROSTO;;;0;1;1;0;0;1;0;0;0;0;2;0;1;0;0;1;0;0;26;1;1;1;;;;;"35.0
25.0";"Compre itens selecionados e ganhe 35% de lucro extra.
Franqueado: Ressarcimento via BSO. Revendedor: Compre itens selecionados com até 40% de desconto";25.0;Itens selecionados com até 60% de lucro extra.;Não;Não;Não;Não;Não;Não;Não;Não;3;0;2;0;0;0;0;1;Não;Não;;Não;0;234;26.9;0;Não
13629;C;;90722;MAKE B BAS LIQ MATE SALICYLIC 160Q 30g;MAQUIAGEM;MAQUIAGEM ROSTO;;;1;1;1;1;0;0;1;2;0;1;1;1;1;0;1;2;0;0;38;1;1;1;;;;;"35.0
25.0";"Compre itens selecionados e ganhe 35% de lucro extra.
Franqueado: Ressarcimento via BSO. Revendedor: Compre itens selecionados com até 40% de desconto";25.0;Itens selecionados com até 60% de lucro extra.;Não;Não;Não;Não;Não;Não;Não;Não;1;0;2;0;1;1;2;3;Não;Não;;Não;0;234;26.9;1;Não
13629;C;;90721;MAKE B BAS LIQ MATE SALICYLIC 170Q 30g;MAQUIAGEM;MAQUIAGEM ROSTO;;;0;1;0;0;1;2;0;1;2;0;2;1;0;1;1;0;1;0;4;1;1;1;;;;;25.0;Franqueado: Ressarcimento via BSO. Revendedor: Compre itens selecionados com até 40% de desconto;;;Não;Não;Não;Não;Não;Não;Não;Não;7;0;2;0;0;0;0;0;Não;Não;;Não;0;234;26.9;0;Não
13629;E;;90720;MAKE B BAS LIQ MATE SALICYLIC 175N 30g;MAQUIAGEM;MAQUIAGEM ROSTO;;;0;0;0;0;0;0;0;0;0;0;0;0;0;0;0;0;0;0;;1;1;1;;;;;"35.0
25.0";"Compre itens selecionados e ganhe 35% de lucro extra.
Franqueado: Ressarcimento via BSO. Revendedor: Compre itens selecionados com até 40% de desconto";25.0;Itens selecionados com até 60% de lucro extra.;Não;Não;Não;Não;Não;Não;Não;Não;10;0;1;0;0;0;0;0;Não;Não;;Não;0;234;26.9;0;Não
13629;C;;90719;MAKE B BAS LIQ MATE SALICYLIC 180Q 30g;MAQUIAGEM;MAQUIAGEM ROSTO;;;1;1;1;0;1;0;2;0;0;0;2;0;0;0;0;1;0;0;38;1;1;1;;;;;25.0;Franqueado: Ressarcimento via BSO. Revendedor: Compre itens selecionados com até 40% de desconto;;;Não;Não;Não;Não;Não;Não;Não;Não;4;0;2;0;0;0;0;0;Não;Não;;Não;0;234;26.9;0;Não
13629;C;;90718;MAKE B BAS LIQ MATE SALICYLIC 185F 30g;MAQUIAGEM;MAQUIAGEM ROSTO;;;0;0;0;0;0;0;0;0;0;0;0;0;0;1;0;0;0;0;72;1;1;1;;;;;"35.0
25.0";"Compre itens selecionados e ganhe 35% de lucro extra.
Franqueado: Ressarcimento via BSO. Revendedor: Compre itens selecionados com até 40% de desconto";25.0;Itens selecionados com até 60% de lucro extra.;Não;Não;Não;Não;Não;Não;Não;Não;9;0;2;0;0;0;0;0;Não;Não;;Não;0;234;26.9;0;Não
13629;C;;90717;MAKE B BAS LIQ MATE SALICYLIC 190Q 30g;MAQUIAGEM;MAQUIAGEM ROSTO;;;0;2;0;1;0;0;0;0;1;1;0;0;1;1;0;2;0;0;33;1;1;1;;;;;"35.0
25.0";"Compre itens selecionados e ganhe 35% de lucro extra.
Franqueado: Ressarcimento via BSO. Revendedor: Compre itens selecionados com até 40% de desconto";25.0;Itens selecionados com até 60% de lucro extra.;Não;Não;Não;Não;Não;Não;Não;Não;1;0;2;0;1;1;2;3;Não;Não;;Não;0;234;26.9;1;Não
13629;C;;01808;MAKE B BAS LIQ MATE SALICYLIC 200 30g;MAQUIAGEM;MAQUIAGEM ROSTO;;;0;0;1;0;1;0;1;0;0;0;0;0;0;0;1;1;1;0;11;1;1;1;;;;;25.0;Franqueado: Ressarcimento via BSO. Revendedor: Compre itens selecionados com até 40% de desconto;;;Não;Não;Não;Não;Não;Não;Não;Não;0;0;2;1;1;1;2;3;Não;Não;;Não;0;234;26.07;1;Não
13629;C;;90714;MAKE B BAS LIQ MATE SALICYLIC 210Q 30g;MAQUIAGEM;MAQUIAGEM ROSTO;;;1;0;2;1;1;0;2;2;0;2;1;1;4;0;3;1;0;0;38;1;1;1;;;;;"35.0
25.0";"Compre itens selecionados e ganhe 35% de lucro extra.
Franqueado: Ressarcimento via BSO. Revendedor: Compre itens selecionados com até 40% de desconto";25.0;Itens selecionados com até 60% de lucro extra.;Não;Não;Não;Não;Não;Não;Não;Não;2;0;2;0;0;0;1;2;Não;Não;;Não;0;234;26.9;0;Não
13629;C;;90713;MAKE B BAS LIQ MATE SALICYLIC 215Q 30g;MAQUIAGEM;MAQUIAGEM ROSTO;;;0;0;0;0;0;0;0;0;0;0;0;0;0;0;1;0;1;0;11;1;1;1;;;;;"35.0
25.0";"Compre itens selecionados e ganhe 35% de lucro extra.
Franqueado: Ressarcimento via BSO. Revendedor: Compre itens selecionados com até 40% de desconto";25.0;Itens selecionados com até 60% de lucro extra.;Não;Não;Não;Não;Não;Não;Não;Não;6;0;2;0;0;0;0;0;Não;Não;;Não;0;234;26.9;0;Não
13629;C;;01789;MAKE B BAS LIQ MATE SALICYLIC 220 30g;MAQUIAGEM;MAQUIAGEM ROSTO;;;0;0;1;2;0;0;0;0;0;0;0;1;0;0;0;0;1;0;;1;1;1;;;;;25.0;Franqueado: Ressarcimento via BSO. Revendedor: Compre itens selecionados com até 40% de desconto;;;Não;Não;Não;Não;Não;Não;Não;Não;0;0;;0;0;0;0;0;Não;Sim;;Não;0;234;26.07;0;Não
13629;C;;90710;MAKE B BAS LIQ MATE SALICYLIC 230N 30g;MAQUIAGEM;MAQUIAGEM ROSTO;;;0;0;0;0;0;0;0;0;0;0;4;1;0;2;1;0;0;0;60;1;1;1;;;;;25.0;Franqueado: Ressarcimento via BSO. Revendedor: Compre itens selecionados com até 40% de desconto;;;Não;Não;Não;Não;Não;Não;Não;Não;2;0;2;0;0;0;1;2;Não;Não;;Não;0;234;26.9;0;Não
13629;C;;90673;MAKE B BAS LIQ MATE SALICYLIC 245Q 30g;MAQUIAGEM;MAQUIAGEM ROSTO;;;0;0;0;0;0;0;0;0;0;0;1;0;0;0;0;0;0;0;135;1;1;1;;;;;"35.0
25.0";"Compre itens selecionados e ganhe 35% de lucro extra.
Franqueado: Ressarcimento via BSO. Revendedor: Compre itens selecionados com até 40% de desconto";25.0;Itens selecionados com até 60% de lucro extra.;Não;Não;Não;Não;Não;Não;Não;Não;7;0;2;0;0;0;0;0;Não;Não;;Não;0;234;26.9;0;Não
13629;C;;82548;MAKE B BAS LIQ MATE SALICYLIC 250 30g;MAQUIAGEM;MAQUIAGEM ROSTO;;;1;0;1;1;0;0;1;0;0;2;0;0;0;0;0;1;0;0;39;1;1;1;;;;;25.0;Franqueado: Ressarcimento via BSO. Revendedor: Compre itens selecionados com até 40% de desconto;;;Não;Não;Não;Não;Não;Não;Não;Não;1;0;2;1;0;0;1;2;Não;Não;;Não;0;234;26.9;0;Não
13629;E;;90669;MAKE B BAS LIQ MATE SALICYLIC 265Q 30g;MAQUIAGEM;MAQUIAGEM ROSTO;;;0;0;0;0;0;0;0;0;0;0;0;0;0;0;0;0;0;0;0;1;1;1;;;;;"35.0
25.0";"Compre itens selecionados e ganhe 35% de lucro extra.
Franqueado: Ressarcimento via BSO. Revendedor: Compre itens selecionados com até 40% de desconto";25.0;Itens selecionados com até 60% de lucro extra.;Não;Não;Não;Não;Não;Não;Não;Não;3;0;1;0;0;0;0;1;Não;Não;;Não;0;234;26.9;0;Não
13629;E;;82550;MAKE B BAS LIQ MATE SALICYLIC 270 30g;MAQUIAGEM;MAQUIAGEM ROSTO;;;0;0;0;2;0;0;1;0;0;0;0;0;0;0;0;0;0;0;226;1;1;1;;;;;25.0;Franqueado: Ressarcimento via BSO. Revendedor: Compre itens selecionados com até 40% de desconto;;;Não;Não;Não;Não;Não;Não;Não;Não;1;0;1;1;0;0;1;2;Sim;Não;Crítico;Não;0;234;26.9;0;Não
13629;C;;82551;MAKE B BAS LIQ MATE SALICYLIC 280 30g;MAQUIAGEM;MAQUIAGEM ROSTO;;;0;0;1;1;0;0;1;0;2;2;0;0;0;1;1;1;0;0;47;1;1;1;;;;;25.0;Franqueado: Ressarcimento via BSO. Revendedor: Compre itens selecionados com até 40% de desconto;;;Não;Não;Não;Não;Não;Não;Não;Não;1;0;2;1;0;0;1;2;Não;Não;;Não;0;234;26.9;0;Não
13629;C;;90665;MAKE B BAS LIQ MATE SALICYLIC 285N 30g;MAQUIAGEM;MAQUIAGEM ROSTO;;;0;0;0;0;0;0;0;0;0;0;1;1;0;0;1;0;0;0;54;1;1;1;;;;;"35.0
25.0";"Compre itens selecionados e ganhe 35% de lucro extra.
Franqueado: Ressarcimento via BSO. Revendedor: Compre itens selecionados com até 40% de desconto";25.0;Itens selecionados com até 60% de lucro extra.;Não;Não;Não;Não;Não;Não;Não;Não;2;0;2;0;0;0;1;2;Não;Não;;Não;0;234;26.9;0;Não
13629;C;;01862;MAKE B BAS LIQ MATE SALICYLIC 290 30g;MAQUIAGEM;MAQUIAGEM ROSTO;;;0;4;0;0;2;0;0;1;1;0;1;0;1;1;2;0;0;0;52;1;1;1;;;;;25.0;Franqueado: Ressarcimento via BSO. Revendedor: Compre itens selecionados com até 40% de desconto;;;Não;Não;Não;Não;Não;Não;Não;Não;1;0;2;1;0;0;1;2;Não;Não;;Não;0;234;26.07;0;Não
13629;C;;90662;MAKE B BAS LIQ MATE SALICYLIC 295Q 30g;MAQUIAGEM;MAQUIAGEM ROSTO;;;0;0;0;0;0;0;0;0;0;0;1;0;0;1;0;1;0;0;40;1;1;1;;;;;"35.0
25.0";"Compre itens selecionados e ganhe 35% de lucro extra.
Franqueado: Ressarcimento via BSO. Revendedor: Compre itens selecionados com até 40% de desconto";25.0;Itens selecionados com até 60% de lucro extra.;Não;Não;Não;Não;Não;Não;Não;Não;1;0;2;0;1;1;2;3;Não;Não;;Não;0;234;26.9;1;Não
13629;C;;82553;MAKE B BAS LIQ MATE SALICYLIC 310 30g;MAQUIAGEM;MAQUIAGEM ROSTO;;;0;1;0;0;0;0;0;1;0;0;0;0;0;0;1;0;0;0;48;1;1;1;;;;;25.0;Franqueado: Ressarcimento via BSO. Revendedor: Compre itens selecionados com até 40% de desconto;;;Não;Não;Não;Não;Não;Não;Não;Não;0;0;2;1;1;1;2;3;Não;Não;;Não;0;234;26.9;1;Não
13629;C;;01861;MAKE B BAS LIQ MATE SALICYLIC 320 30g;MAQUIAGEM;MAQUIAGEM ROSTO;;;0;0;0;0;0;0;0;0;0;1;0;0;0;0;0;1;0;0;34;1;1;1;;;;;25.0;Franqueado: Ressarcimento via BSO. Revendedor: Compre itens selecionados com até 40% de desconto;;;Não;Não;Não;Não;Não;Não;Não;Não;1;0;2;0;1;1;2;3;Não;Não;;Não;0;234;26.07;1;Não
13629;E;;01863;MAKE B BAS LIQ MATE SALICYLIC 330 30g;MAQUIAGEM;MAQUIAGEM ROSTO;;;0;0;0;0;0;0;0;0;0;0;0;0;0;0;0;0;0;0;;1;1;1;;;;;25.0;Franqueado: Ressarcimento via BSO. Revendedor: Compre itens selecionados com até 40% de desconto;;;Não;Não;Não;Não;Não;Não;Não;Não;4;0;1;0;0;0;0;0;Não;Não;;Não;0;234;26.07;0;Não
13629;E;;90653;MAKE B BAS LIQ MATE SALICYLIC 350F 30g;MAQUIAGEM;MAQUIAGEM ROSTO;;;0;0;0;0;0;0;0;0;0;0;0;0;0;0;0;0;0;0;0;1;1;1;;;;;"35.0
25.0";"Compre itens selecionados e ganhe 35% de lucro extra.
Franqueado: Ressarcimento via BSO. Revendedor: Compre itens selecionados com até 40% de desconto";25.0;Itens selecionados com até 60% de lucro extra.;Não;Não;Não;Não;Não;Não;Não;Não;2;0;1;0;0;0;1;2;Não;Não;;Não;0;234;26.9;0;Não
13629;C;;87040;MAKE B BAS LIQ PROT HYAL70 COR10 V2 30ml;MAQUIAGEM;MAQUIAGEM ROSTO;;202617;0;0;1;0;0;0;0;1;0;2;0;0;0;0;1;0;0;0;48;1;1;1;32.0;Franqueado: Ressarcimento via BSO. Consumidor/Revendedor: Itens selecionados com até 60% de desconto.;32.0;Franqueado: Ressarcimento via BSO. Consumidor/Revendedor: Itens selecionados com até 60% de desconto.;35.0;Compre itens selecionados e ganhe 35% de lucro extra.;;;Não;Não;Não;Não;Não;Não;Não;Não;1;0;2;0;1;1;2;3;Não;Não;;Não;0;85;30.06;1;Não
13629;C;;87041;MAKE B BAS LIQ PROT HYAL70 COR15 V2 30ml;MAQUIAGEM;MAQUIAGEM ROSTO;;202617;0;0;3;1;0;0;0;1;1;0;0;2;1;1;1;1;0;0;;2;2;2;32.0;Franqueado: Ressarcimento via BSO. Consumidor/Revendedor: Itens selecionados com até 60% de desconto.;32.0;Franqueado: Ressarcimento via BSO. Consumidor/Revendedor: Itens selecionados com até 60% de desconto.;;;;;Não;Não;Não;Não;Não;Não;Não;Não;0;0;;0;0;0;0;0;Não;Sim;;Não;0;85;30.06;0;Não
13629;C;;87042;MAKE B BAS LIQ PROT HYAL70 COR20 V2 30ml;MAQUIAGEM;MAQUIAGEM ROSTO;;202617;0;2;3;1;1;1;2;3;1;5;0;1;2;2;0;0;0;0;72;2;2;2;;;;;;;;;Não;Não;Não;Não;Não;Não;Não;Não;0;0;4;1;3;3;5;7;Não;Não;;Não;0;85;30.06;3;Não
13629;C;;87043;MAKE B BAS LIQ PROT HYAL70 COR25 V2 30ml;MAQUIAGEM;MAQUIAGEM ROSTO;;202617;0;2;1;1;1;2;0;0;0;0;1;0;1;2;1;0;0;0;;2;2;2;32.0;Franqueado: Ressarcimento via BSO. Consumidor/Revendedor: Itens selecionados com até 60% de desconto.;32.0;Franqueado: Ressarcimento via BSO. Consumidor/Revendedor: Itens selecionados com até 60% de desconto.;35.0;Compre itens selecionados e ganhe 35% de lucro extra.;;;Não;Não;Não;Não;Não;Não;Não;Não;0;0;;0;0;0;0;0;Não;Sim;;Não;0;85;30.06;0;Não
13629;C;;87044;MAKE B BAS LIQ PROT HYAL70 COR30 V2 30ml;MAQUIAGEM;MAQUIAGEM ROSTO;;202617;1;0;2;1;1;1;0;0;0;1;1;1;0;0;1;0;0;0;;2;1;2;32.0;Franqueado: Ressarcimento via BSO. Consumidor/Revendedor: Itens selecionados com até 60% de desconto.;32.0;Franqueado: Ressarcimento via BSO. Consumidor/Revendedor: Itens selecionados com até 60% de desconto.;;;;;Não;Não;Não;Não;Não;Não;Não;Não;1;0;;0;0;0;0;0;Não;Sim;;Não;0;85;30.06;0;Não
13629;C;;87045;MAKE B BAS LIQ PROT HYAL70 COR40 V2 30ml;MAQUIAGEM;MAQUIAGEM ROSTO;;202617;1;1;1;1;2;1;0;1;2;3;0;0;0;3;1;0;1;0;17;2;2;2;32.0;Franqueado: Ressarcimento via BSO. Consumidor/Revendedor: Itens selecionados com até 60% de desconto.;32.0;Franqueado: Ressarcimento via BSO. Consumidor/Revendedor: Itens selecionados com até 60% de desconto.;35.0;Compre itens selecionados e ganhe 35% de lucro extra.;;;Não;Não;Não;Não;Não;Não;Não;Não;1;0;4;1;3;3;5;7;Não;Não;;Não;0;85;30.06;3;Não
13629;C;;87046;MAKE B BAS LIQ PROT HYAL70 COR50 V2 30ml;MAQUIAGEM;MAQUIAGEM ROSTO;;202617;1;1;1;1;0;2;0;0;0;1;0;1;1;3;0;1;1;0;16;2;2;2;32.0;Franqueado: Ressarcimento via BSO. Consumidor/Revendedor: Itens selecionados com até 60% de desconto.;32.0;Franqueado: Ressarcimento via BSO. Consumidor/Revendedor: Itens selecionados com até 60% de desconto.;35.0;Compre itens selecionados e ganhe 35% de lucro extra.;;;Não;Não;Não;Não;Não;Não;Não;Não;0;0;4;1;3;3;5;7;Não;Não;;Não;0;85;30.06;3;Não
13629;C;;87048;MAKE B BAS LIQ PROT HYAL70 COR70 V2 30ml;MAQUIAGEM;MAQUIAGEM ROSTO;;202617;0;0;1;0;0;0;0;0;0;0;0;1;1;0;1;0;0;0;;1;1;1;32.0;Franqueado: Ressarcimento via BSO. Consumidor/Revendedor: Itens selecionados com até 60% de desconto.;32.0;Franqueado: Ressarcimento via BSO. Consumidor/Revendedor: Itens selecionados com até 60% de desconto.;35.0;Compre itens selecionados e ganhe 35% de lucro extra.;;;Não;Não;Não;Não;Não;Não;Não;Não;1;0;;0;0;0;0;0;Não;Sim;;Não;0;85;30.06;0;Não
13629;C;;87049;MAKE B BAS LIQ PROT HYAL70 COR80 V2 30ml;MAQUIAGEM;MAQUIAGEM ROSTO;;202617;0;0;0;0;0;0;0;0;0;0;1;0;0;0;0;0;0;0;128;1;1;1;32.0;Franqueado: Ressarcimento via BSO. Consumidor/Revendedor: Itens selecionados com até 60% de desconto.;32.0;Franqueado: Ressarcimento via BSO. Consumidor/Revendedor: Itens selecionados com até 60% de desconto.;35.0;Compre itens selecionados e ganhe 35% de lucro extra.;;;Não;Não;Não;Não;Não;Não;Não;Não;1;0;2;0;1;1;2;3;Não;Não;;Não;0;85;30.06;1;Não
13629;E;;87039;MAKE B BAS LIQ PROT HYAL70 INVIS V3 30ml;MAQUIAGEM;MAQUIAGEM ROSTO;;202617;0;0;2;0;0;0;0;0;0;0;0;0;0;0;0;0;0;0;314;1;1;1;32.0;Franqueado: Ressarcimento via BSO. Consumidor/Revendedor: Itens selecionados com até 60% de desconto.;32.0;Franqueado: Ressarcimento via BSO. Consumidor/Revendedor: Itens selecionados com até 60% de desconto.;35.0;Compre itens selecionados e ganhe 35% de lucro extra.;;;Não;Não;Não;Não;Não;Não;Não;Não;0;0;1;0;1;1;2;3;Não;Não;;Não;0;85;34.69;1;Não
13629;C;;75754;MAKE B BAS PO MINERAL 20 5,5G;MAQUIAGEM;MAQUIAGEM ROSTO;;;0;0;4;0;0;1;0;0;1;0;1;0;1;1;1;0;0;0;55;1;1;1;25.0;Franqueado: ressarcimento via BSO. Consumidor/Revendedor: Itens selecionados de MAKE b. com até 30% de desconto.;25.0;Franqueado: ressarcimento via BSO. Consumidor/Revendedor: Itens selecionados de MAKE b. com até 30% de desconto.;;;;;Não;Não;Não;Não;Não;Não;Não;Não;1;0;2;0;1;1;2;3;Não;Não;;Não;0;120;36.57;1;Não
13629;E;;89552;MAKE B BASE LIQ HYALURONIC 120N 30ml;MAQUIAGEM;MAQUIAGEM ROSTO;202612;;0;0;0;0;0;0;0;0;0;0;0;0;0;0;0;6;0;0;27;0;0;1;;;;;;;;;Não;Não;Não;Não;Não;Não;Não;Não;5;0;1;0;0;0;0;0;Não;Não;;Não;0;85;30.06;0;Não
13629;E;;87792;MAKE B BASE LIQ HYALURONIC 170Q 30ml;MAQUIAGEM;MAQUIAGEM ROSTO;202612;;0;0;0;0;0;0;0;0;0;0;0;0;0;0;0;4;1;0;13;0;1;2;;;;;;;;;Não;Não;Não;Não;Não;Não;Não;Não;10;0;2;0;0;0;0;0;Não;Não;;Não;0;85;30.06;0;Não
13629;E;;87793;MAKE B BASE LIQ HYALURONIC 185F 30ml;MAQUIAGEM;MAQUIAGEM ROSTO;202612;;0;0;0;0;0;0;0;0;0;0;0;0;0;0;0;2;0;0;25;0;0;1;;;;;;;;;Não;Não;Não;Não;Não;Não;Não;Não;6;0;1;0;0;0;0;0;Não;Não;;Não;0;85;30.06;0;Não
13629;E;;87794;MAKE B BASE LIQ HYALURONIC 205N 30ml;MAQUIAGEM;MAQUIAGEM ROSTO;202612;;0;0;0;0;0;0;0;0;0;0;0;0;0;0;0;4;0;0;27;0;1;1;;;;;;;;;Não;Não;Não;Não;Não;Não;Não;Não;14;0;1;0;0;0;0;0;Não;Não;;Não;0;85;30.06;0;Não
13629;E;;87796;MAKE B BASE LIQ HYALURONIC 215Q 30ml;MAQUIAGEM;MAQUIAGEM ROSTO;202612;;0;0;0;0;0;0;0;0;0;0;0;0;0;0;0;1;0;0;38;0;0;1;;;;;;;;;Não;Não;Não;Não;Não;Não;Não;Não;10;0;1;0;0;0;0;0;Não;Não;;Não;0;85;30.06;0;Não
13629;E;;89067;MAKE B BASE LIQ HYALURONIC 250Q 30ml;MAQUIAGEM;MAQUIAGEM ROSTO;202612;;0;0;0;0;0;0;0;0;0;0;0;0;0;0;0;5;0;0;27;0;0;1;;;;;;;;;Não;Não;Não;Não;Não;Não;Não;Não;3;0;1;0;0;0;0;0;Não;Não;;Não;0;85;30.06;0;Não
13629;E;;89070;MAKE B BASE LIQ HYALURONIC 275N 30ml;MAQUIAGEM;MAQUIAGEM ROSTO;202612;;0;0;0;0;0;0;0;0;0;0;0;0;0;0;0;0;0;0;;0;0;1;;;;;;;;;Não;Não;Não;Não;Não;Não;Não;Não;6;0;1;0;0;0;0;0;Não;Não;;Não;0;85;30.06;0;Não
13629;E;;58982;MAKE B BASE LIQ RETIN 3 H 120N 26g;MAQUIAGEM;MAQUIAGEM ROSTO;;;6;1;0;0;0;0;0;0;0;0;0;0;0;0;0;0;0;0;345;1;1;2;;;;;;;"23.0
15.0";"Franqueado: ressarcimento via BSO. Consumidor/Revendedor: Itens selecionados com até 60% de desconto - Iscas Estratégicas.
Lucro Extra Progressivo em itens selecionados de Maquiagem da Linha MAKE B. RETINOL de acordo com a quantidade comprada: 10% de Lucro Extra em 2 unidades e 15% de Lucro Extra em 3 unidades ou mais.";Não;Não;Não;Não;Não;Não;Não;Não;0;0;2;2;0;0;1;3;Sim;Não;Crítico;Não;0;88;43.66;0;Não
13629;C;;58983;MAKE B BASE LIQ RETIN 3 H 170Q 26g;MAQUIAGEM;MAQUIAGEM ROSTO;;;5;0;1;4;0;3;0;1;1;1;0;1;1;1;0;2;1;0;16;1;1;2;;;;;;;"23.0
15.0";"Franqueado: ressarcimento via BSO. Consumidor/Revendedor: Itens selecionados com até 60% de desconto - Iscas Estratégicas.
Lucro Extra Progressivo em itens selecionados de Maquiagem da Linha MAKE B. RETINOL de acordo com a quantidade comprada: 10% de Lucro Extra em 2 unidades e 15% de Lucro Extra em 3 unidades ou mais.";Não;Não;Não;Não;Não;Não;Não;Não;0;0;2;2;0;0;1;3;Não;Não;;Não;0;88;43.66;0;Não
13629;C;;58993;MAKE B BASE LIQ RETIN 3 H 260N 26g;MAQUIAGEM;MAQUIAGEM ROSTO;;;6;0;1;0;0;1;0;0;1;0;0;0;2;0;1;2;1;0;11;1;1;1;;;;;;;"23.0
15.0";"Franqueado: ressarcimento via BSO. Consumidor/Revendedor: Itens selecionados com até 60% de desconto - Iscas Estratégicas.
Lucro Extra Progressivo em itens selecionados de Maquiagem da Linha MAKE B. RETINOL de acordo com a quantidade comprada: 10% de Lucro Extra em 2 unidades e 15% de Lucro Extra em 3 unidades ou mais.";Não;Não;Não;Não;Não;Não;Não;Não;0;0;2;1;1;1;2;3;Não;Não;;Não;0;88;43.66;1;Não
13629;C;;58981;MAKE B BASE LIQ RETIN 3 H INVISIVEL 26g;MAQUIAGEM;MAQUIAGEM ROSTO;;;7;1;0;3;0;0;10;0;2;0;0;0;2;0;1;1;0;0;33;1;1;2;;;;;;;"23.0
15.0";"Franqueado: ressarcimento via BSO. Consumidor/Revendedor: Itens selecionados com até 60% de desconto - Iscas Estratégicas.
Lucro Extra Progressivo em itens selecionados de Maquiagem da Linha MAKE B. RETINOL de acordo com a quantidade comprada: 10% de Lucro Extra em 2 unidades e 15% de Lucro Extra em 3 unidades ou mais.";Não;Não;Não;Não;Não;Não;Não;Não;0;0;2;2;0;0;1;3;Sim;Não;Crítico;Não;0;88;43.66;0;Não
13629;C;;82464;MAKE B BASE LIQ RETIN H COR 10 26g;MAQUIAGEM;MAQUIAGEM ROSTO;;;0;0;1;0;0;0;0;1;0;0;0;0;0;0;1;0;0;0;67;1;1;1;30.0;Itens selecionados com até 55% de lucro extra.;30.0;Itens selecionados com até 55% de lucro extra.;35.0;Compre itens selecionados e ganhe 35% de lucro extra.;;;Não;Não;Não;Não;Não;Não;Não;Não;0;0;2;0;2;2;3;4;Não;Não;;Não;0;88;35.91;2;Não
13629;E;;81640;MAKE B BASE LIQ RETIN H COR 53 26g;MAQUIAGEM;MAQUIAGEM ROSTO;;;0;0;1;0;0;0;1;1;0;0;0;0;0;0;0;0;0;0;198;1;1;1;30.0;Itens selecionados com até 55% de lucro extra.;30.0;Itens selecionados com até 55% de lucro extra.;;;;;Não;Não;Não;Não;Não;Não;Não;Não;0;0;1;0;1;1;2;3;Não;Não;;Não;0;88;39.68;1;Não
13629;E;;88515;MAKE B BAT CR C/AC POL ROS/CASHM V2 3,6g;MAQUIAGEM;MAQUIAGEM BOCA;;;0;0;2;0;0;0;0;0;0;0;0;0;0;0;0;0;0;0;299;1;1;2;;;;;;;"20.0
10.0";"Franqueado: ressarcimento via BSO. Consumidor/Revendedor: Itens selecionados com até 60% de desconto - Iscas Estratégicas.
10% de Lucro Extra em 2 ou mais unidades de itens selecionados de Maquiagem da Linha MAKE B.";Não;Não;Não;Não;Não;Não;Não;Não;3;0;2;0;0;0;0;2;Não;Não;;Não;0;360;20.9;0;Não
13629;C;;87818;MAKE B BAT EASY MATE WHISPER BEIGE 3,9g;MAQUIAGEM;MAQUIAGEM BOCA;;;0;0;0;0;0;0;0;0;0;0;8;6;4;2;6;7;2;0;16;2;1;1;"11.0
10.0";"Progressiva de itens selecionados, a partir de 2 itens 15% (desconto adicional 5,56%), 3 itens 20% (desconto adicional 11,11%).
Itens selecionados com 10% de desconto direto.";"11.0
10.0";"Progressiva de itens selecionados, a partir de 2 itens 15% (desconto adicional 5,56%), 3 itens 20% (desconto adicional 11,11%).
Itens selecionados com 10% de desconto direto.";"35.0
11.0
10.0";"Compre itens selecionados e ganhe 35% de lucro extra.
Progressiva de itens selecionados, a partir de 2 itens 15% (desconto adicional 5,56%), 3 itens 20% (desconto adicional 11,11%).
Itens selecionados com 10% de desconto direto.";;;Não;Não;Não;Não;Não;Não;Não;Não;11;0;2;0;0;0;0;0;Não;Não;;Não;0;360;21.65;0;Não
13629;C;;88521;MAKE B BAT GLOSSY C/AC POL ROSE V2 3,6g;MAQUIAGEM;MAQUIAGEM BOCA;;;2;2;0;0;0;0;2;1;2;0;0;1;0;0;0;1;1;0;6;1;1;1;;;;;;;20.0;Franqueado: ressarcimento via BSO. Consumidor/Revendedor: Itens selecionados com até 60% de desconto - Iscas Estratégicas.;Não;Não;Não;Não;Não;Não;Não;Não;1;0;2;0;1;1;2;3;Não;Não;;Não;0;360;18.86;1;Não
13629;C;;88554;MAKE B BAT LIQ DIAM C/AC POL PLAT V2 5ml;MAQUIAGEM;MAQUIAGEM BOCA;;;0;0;2;0;2;0;3;0;0;1;3;0;0;0;0;0;0;0;125;1;4;1;;;;;40.0;Franqueado: Ressarcimento via BSO. Revendedor: Compre itens selecionados com até 40% de desconto;;;Não;Não;Não;Não;Não;Não;Não;Não;0;0;3;0;3;3;7;8;Não;Não;;Não;0;234;20.39;3;Não
13629;C;;88010;MAKE B BAT LIQ MAT AC/POL DARK/RG V2 5ml;MAQUIAGEM;MAQUIAGEM BOCA;;;0;0;2;0;5;1;0;2;0;3;1;2;2;0;5;2;2;0;6;2;2;2;;;;;39.0;Franqueado: Ressarcimento via BSO. Revendedor: Compre itens selecionados com até 40% de desconto;;;Não;Não;Não;Não;Não;Não;Não;Não;0;0;3;2;1;1;3;5;Não;Não;;Não;0;234;20.31;1;Não
13629;C;;88015;MAKE B BAT LIQ MAT AC/POL DEEP/RO V2 5ml;MAQUIAGEM;MAQUIAGEM BOCA;;;0;0;0;1;0;0;0;0;1;2;1;0;0;2;2;2;1;0;10;1;2;1;;;;;39.0;Franqueado: Ressarcimento via BSO. Revendedor: Compre itens selecionados com até 40% de desconto;;;Não;Não;Não;Não;Não;Não;Não;Não;0;0;2;1;1;1;3;4;Não;Não;;Não;0;234;20.31;1;Não
13629;C;;59053;MAKE B BAT LIQ RETIN 3 H CARAM/CLASS 6ml;MAQUIAGEM;MAQUIAGEM BOCA;;;7;1;0;0;0;0;0;0;0;0;0;0;0;0;0;0;4;0;10;1;0;1;;;;;;;24.0;Franqueado: ressarcimento via BSO. Consumidor/Revendedor: Itens selecionados com até 60% de desconto - Iscas Estratégicas.;Não;Não;Não;Não;Não;Não;Não;Não;2;0;1;0;0;0;0;0;Não;Não;;Não;0;280;24.05;0;Não
13629;C;;81624;MAKE B BAT MATE C/AC POLIGL HOT BROWN 4g;MAQUIAGEM;MAQUIAGEM BOCA;;;0;3;0;1;0;0;1;0;2;1;0;1;0;1;1;0;0;0;67;1;1;8;;;;;;;"20.0
10.0";"Franqueado: ressarcimento via BSO. Consumidor/Revendedor: Itens selecionados com até 60% de desconto - Iscas Exaustão.
10% de Lucro Extra em 2 ou mais unidades de itens selecionados de Maquiagem da Linha MAKE B.";Não;Não;Não;Não;Não;Não;Não;Não;0;0;5;1;4;4;5;13;Não;Não;;Não;0;360;21.65;4;Não
13629;C;;55984;MAKE B BAT ST/PREN HYAL CAND TOF V3 3,4g;MAQUIAGEM;MAQUIAGEM BOCA;;202617;1;0;2;0;0;1;0;0;0;0;0;1;0;0;1;1;0;0;;1;1;0;20.0;Itens selecionados com até 55% de lucro extra.;20.0;Itens selecionados com até 55% de lucro extra.;20.0;Itens selecionados com até 35% de lucro extra.;20.0;Itens selecionados com até 60% de lucro extra.;Não;Não;Não;Não;Não;Não;Não;Não;0;0;;0;0;0;0;0;Não;Sim;;Não;0;532;24.05;0;Não
13629;C;;55981;MAKE B BAT ST/PREN HYAL RED/CLAS V3 3,4g;MAQUIAGEM;MAQUIAGEM BOCA;;202617;0;0;0;0;0;0;0;0;0;1;1;0;0;1;0;1;0;0;34;1;1;0;20.0;Itens selecionados com até 55% de lucro extra.;20.0;Itens selecionados com até 55% de lucro extra.;20.0;Itens selecionados com até 35% de lucro extra.;20.0;Itens selecionados com até 60% de lucro extra.;Não;Não;Não;Não;Não;Não;Não;Não;0;0;1;0;1;1;2;2;Não;Não;;Não;0;532;24.24;1;Não
13629;E;;87803;MAKE B BATOM PREENCH HYAL CINNAMON 4g;MAQUIAGEM;MAQUIAGEM BOCA;202612;;0;0;0;0;0;0;0;0;0;0;0;0;0;0;0;9;2;0;16;0;1;1;;;;;;;;;Não;Não;Não;Não;Não;Não;Não;Não;17;0;1;0;0;0;0;0;Não;Não;;Não;0;360;18.83;0;Não
13629;E;;87802;MAKE B BATOM PREENCH HYAL NUDE CHIC 4g;MAQUIAGEM;MAQUIAGEM BOCA;202612;;0;0;0;0;0;0;0;0;0;0;0;0;0;0;0;23;4;0;10;0;1;1;;;;;;;;;Não;Não;Não;Não;Não;Não;Não;Não;1;0;1;1;0;0;0;1;Sim;Não;Crítico;Não;0;360;18.83;0;Não
13629;E;;87804;MAKE B BATOM PREENCH HYAL RICH BROWN 4g;MAQUIAGEM;MAQUIAGEM BOCA;202612;;0;0;0;0;0;0;0;0;0;0;0;0;0;0;0;8;3;0;11;0;1;0;;;;;;;;;Não;Não;Não;Não;Não;Não;Não;Não;6;0;1;0;0;0;0;0;Não;Não;;Não;0;360;18.83;0;Não
13629;E;;87801;MAKE B BATOM PREENCH HYAL ROSA ROSE 4g;MAQUIAGEM;MAQUIAGEM BOCA;202612;;0;0;0;0;0;0;0;0;0;0;0;0;0;0;0;3;0;0;46;0;1;0;;;;;;;;;Não;Não;Não;Não;Não;Não;Não;Não;0;0;1;1;0;0;0;0;Sim;Não;Crítico;Não;0;360;18.83;0;Não
13629;C;;52794;MAKE B BB SEN MULTI 100 150 25g;MAQUIAGEM;MAQUIAGEM ROSTO;;;2;1;2;0;3;1;1;2;1;0;2;2;2;0;0;1;1;1;4;3;2;2;"15.0
15.0
4.0";"Revendedor: 15% de Lucro Extra em 2 ou mais unidades de itens selecionados de Maquiagem da Linha MAKE B.
Franqueado: ressarcimento via BSO. Consumidor/Revendedor: Itens selecionados de MAKE b. com até 30% de desconto.
Consumidor/Revendedor: Combo de itens selecionados Botik e Make B. DE: R$ 160,80 POR: R$ 129,90 com até 4,34462% de desconto adicional.";"15.0
15.0
4.0";"Revendedor: 15% de Lucro Extra em 2 ou mais unidades de itens selecionados de Maquiagem da Linha MAKE B.
Franqueado: ressarcimento via BSO. Consumidor/Revendedor: Itens selecionados de MAKE b. com até 30% de desconto.
Consumidor/Revendedor: Combo de itens selecionados Botik e Make B. DE: R$ 160,80 POR: R$ 129,90 com até 4,34462% de desconto adicional.";;;;;Não;Não;Não;Não;Não;Não;Não;Não;1;0;4;2;3;3;5;7;Não;Não;;Não;0;234;25.92;3;Não
13629;C;;52795;MAKE B BB SEN MULTI 160 220 25g;MAQUIAGEM;MAQUIAGEM ROSTO;;;8;2;4;2;5;6;8;4;5;6;2;1;4;2;1;11;0;0;27;6;2;3;"15.0
15.0";"Revendedor: 15% de Lucro Extra em 2 ou mais unidades de itens selecionados de Maquiagem da Linha MAKE B.
Franqueado: ressarcimento via BSO. Consumidor/Revendedor: Itens selecionados de MAKE b. com até 30% de desconto.";"15.0
15.0";"Revendedor: 15% de Lucro Extra em 2 ou mais unidades de itens selecionados de Maquiagem da Linha MAKE B.
Franqueado: ressarcimento via BSO. Consumidor/Revendedor: Itens selecionados de MAKE b. com até 30% de desconto.";;;;;Não;Não;Não;Não;Não;Não;Não;Não;1;0;6;6;1;1;3;6;Não;Não;;Não;0;234;25.92;1;Não
13629;C;;52798;MAKE B BB SEN MULTI 220 260 25g;MAQUIAGEM;MAQUIAGEM ROSTO;;;4;3;1;1;4;2;2;5;1;1;0;2;5;3;1;5;0;0;33;4;2;2;"15.0
15.0";"Revendedor: 15% de Lucro Extra em 2 ou mais unidades de itens selecionados de Maquiagem da Linha MAKE B.
Franqueado: ressarcimento via BSO. Consumidor/Revendedor: Itens selecionados de MAKE b. com até 30% de desconto.";"15.0
15.0";"Revendedor: 15% de Lucro Extra em 2 ou mais unidades de itens selecionados de Maquiagem da Linha MAKE B.
Franqueado: ressarcimento via BSO. Consumidor/Revendedor: Itens selecionados de MAKE b. com até 30% de desconto.";;;;;Não;Não;Não;Não;Não;Não;Não;Não;1;0;4;1;4;4;6;8;Não;Não;;Não;0;234;25.92;4;Não
13629;C;;52797;MAKE B BB SEN MULTI 270 330 25g;MAQUIAGEM;MAQUIAGEM ROSTO;;;0;0;2;1;3;0;1;2;0;0;0;0;2;1;3;0;0;0;58;2;1;1;"15.0
15.0";"Revendedor: 15% de Lucro Extra em 2 ou mais unidades de itens selecionados de Maquiagem da Linha MAKE B.
Franqueado: ressarcimento via BSO. Consumidor/Revendedor: Itens selecionados de MAKE b. com até 30% de desconto.";"15.0
15.0";"Revendedor: 15% de Lucro Extra em 2 ou mais unidades de itens selecionados de Maquiagem da Linha MAKE B.
Franqueado: ressarcimento via BSO. Consumidor/Revendedor: Itens selecionados de MAKE b. com até 30% de desconto.";;;;;Não;Não;Não;Não;Não;Não;Não;Não;2;0;2;0;1;2;3;4;Não;Não;;Não;0;234;25.92;1;Não
13629;C;;50704;MAKE B BLUSH PO C/A POLIG BERRY 5,5g;MAQUIAGEM;MAQUIAGEM ROSTO;;;1;2;0;3;2;1;1;0;2;1;2;1;0;1;1;3;1;0;12;1;1;2;;;;;;;30.0;Franqueado: ressarcimento via BSO. Consumidor/Revendedor: Itens selecionados com até 60% de desconto - Iscas Estratégicas.;Não;Não;Não;Não;Não;Não;Não;Não;0;0;2;2;0;0;1;3;Sim;Não;Crítico;Não;0;224;30.02;0;Não
13629;C;;76689;MAKE B CANET DEL OLH P/FIN PRET 1,2ml V3;MAQUIAGEM;MAQUIAGEM OLHOS;;;0;2;1;0;0;1;0;1;0;1;1;1;0;2;1;0;1;0;16;1;1;5;;;;;;;50.0;Franqueado: ressarcimento via BSO. Consumidor/Revendedor: Itens selecionados com até 60% de desconto - Iscas Estratégicas.;Não;Não;Não;Não;Não;Não;Não;Não;0;0;4;1;2;2;3;8;Não;Não;;Não;0;425;22.98;2;Não
13629;C;;58566;MAKE B CORRET LIQ FAC EFFECT 10 V2 5,7ml;MAQUIAGEM;MAQUIAGEM ROSTO;;202617;0;3;1;0;1;0;0;0;2;1;1;0;1;0;1;0;0;0;;1;1;1;"30.0
30.0";"Franqueado: Ressarcimento via BSO. Consumidor/Revendedor: Itens selecionados com até 60% de desconto.
Compre itens selecionados e ganhe lucro extra de até 45%. Válido entre os dias 05/10 a 12/10.";"30.0
30.0";"Franqueado: Ressarcimento via BSO. Consumidor/Revendedor: Itens selecionados com até 60% de desconto.
Compre itens selecionados e ganhe lucro extra de até 45%. Válido entre os dias 05/10 a 12/10.";35.0;Compre itens selecionados e ganhe 35% de lucro extra.;;;Não;Não;Não;Não;Não;Não;Não;Não;1;0;;0;0;0;0;0;Não;Sim;;Não;0;234;15.81;0;Não
13629;C;;58622;MAKE B CORRET LIQ FAC EFFECT 15 V2 5,7ml;MAQUIAGEM;MAQUIAGEM ROSTO;;202617;1;2;3;0;0;1;2;1;3;1;0;1;1;2;0;2;0;0;;2;2;2;30.0;Franqueado: Ressarcimento via BSO. Consumidor/Revendedor: Itens selecionados com até 60% de desconto.;30.0;Franqueado: Ressarcimento via BSO. Consumidor/Revendedor: Itens selecionados com até 60% de desconto.;35.0;Compre itens selecionados e ganhe 35% de lucro extra.;;;Não;Não;Não;Não;Não;Não;Não;Não;0;0;;0;0;0;0;0;Não;Sim;;Não;0;234;15.81;0;Não
13629;C;;58626;MAKE B CORRET LIQ FAC EFFECT 25 V2 5,7ml;MAQUIAGEM;MAQUIAGEM ROSTO;;202617;0;4;1;0;0;0;0;0;1;0;0;0;1;0;1;0;1;0;;1;1;1;30.0;Franqueado: Ressarcimento via BSO. Consumidor/Revendedor: Itens selecionados com até 60% de desconto.;30.0;Franqueado: Ressarcimento via BSO. Consumidor/Revendedor: Itens selecionados com até 60% de desconto.;35.0;Compre itens selecionados e ganhe 35% de lucro extra.;;;Não;Não;Não;Não;Não;Não;Não;Não;0;0;;0;0;0;0;0;Não;Sim;;Não;0;234;15.81;0;Não
13629;C;;58627;MAKE B CORRET LIQ FAC EFFECT 30 V2 5,7ml;MAQUIAGEM;MAQUIAGEM ROSTO;;202617;1;1;0;0;1;0;1;0;3;4;1;0;1;1;2;0;0;0;;1;1;1;;;;;;;;;Não;Não;Não;Não;Não;Não;Não;Não;3;0;;0;0;0;0;0;Não;Sim;;Não;0;234;15.81;0;Não
13629;C;;58628;MAKE B CORRET LIQ FAC EFFECT 40 V2 5,7ml;MAQUIAGEM;MAQUIAGEM ROSTO;;202617;1;1;1;1;2;0;0;2;2;0;1;0;0;2;1;0;0;0;;1;1;1;;;;;;;;;Não;Não;Não;Não;Não;Não;Não;Não;0;0;;0;0;0;0;0;Não;Sim;;Não;0;234;15.81;0;Não
13629;C;;58629;MAKE B CORRET LIQ FAC EFFECT 50 V2 5,7ml;MAQUIAGEM;MAQUIAGEM ROSTO;;202617;0;2;0;1;2;1;0;1;0;1;0;0;2;1;4;0;1;0;;1;1;0;30.0;Franqueado: Ressarcimento via BSO. Consumidor/Revendedor: Itens selecionados com até 60% de desconto.;30.0;Franqueado: Ressarcimento via BSO. Consumidor/Revendedor: Itens selecionados com até 60% de desconto.;35.0;Compre itens selecionados e ganhe 35% de lucro extra.;;;Não;Não;Não;Não;Não;Não;Não;Não;1;0;;0;0;0;0;0;Não;Sim;;Não;0;234;15.81;0;Não
13629;C;;58630;MAKE B CORRET LIQ FAC EFFECT 60 V2 5,7ml;MAQUIAGEM;MAQUIAGEM ROSTO;;202617;0;3;1;0;0;0;1;0;0;2;0;0;0;0;2;0;2;0;6;1;1;1;30.0;Franqueado: Ressarcimento via BSO. Consumidor/Revendedor: Itens selecionados com até 60% de desconto.;30.0;Franqueado: Ressarcimento via BSO. Consumidor/Revendedor: Itens selecionados com até 60% de desconto.;35.0;Compre itens selecionados e ganhe 35% de lucro extra.;;;Não;Não;Não;Não;Não;Não;Não;Não;0;0;2;0;2;2;3;4;Não;Não;;Não;0;234;15.81;2;Não
13629;E;;58631;MAKE B CORRET LIQ FAC EFFECT 70 V2 5,7ml;MAQUIAGEM;MAQUIAGEM ROSTO;;202617;0;1;0;0;0;0;0;0;0;0;0;0;0;0;0;0;0;0;345;1;1;1;30.0;Franqueado: Ressarcimento via BSO. Consumidor/Revendedor: Itens selecionados com até 60% de desconto.;30.0;Franqueado: Ressarcimento via BSO. Consumidor/Revendedor: Itens selecionados com até 60% de desconto.;35.0;Compre itens selecionados e ganhe 35% de lucro extra.;;;Não;Não;Não;Não;Não;Não;Não;Não;7;0;1;0;0;0;0;0;Não;Não;;Não;0;234;15.81;0;Não
13629;E;;58632;MAKE B CORRET LIQ FAC EFFECT 80 V2 5,7ml;MAQUIAGEM;MAQUIAGEM ROSTO;;202617;0;0;0;0;0;0;0;0;0;0;0;0;0;0;0;0;0;0;443;1;1;1;30.0;Franqueado: Ressarcimento via BSO. Consumidor/Revendedor: Itens selecionados com até 60% de desconto.;30.0;Franqueado: Ressarcimento via BSO. Consumidor/Revendedor: Itens selecionados com até 60% de desconto.;35.0;Compre itens selecionados e ganhe 35% de lucro extra.;;;Não;Não;Não;Não;Não;Não;Não;Não;8;0;1;0;0;0;0;0;Não;Não;;Não;0;234;15.81;0;Não
13629;E;;89028;MAKE B CORRET LIQ HYAL 170Q 6,8ml;MAQUIAGEM;MAQUIAGEM ROSTO;202612;;0;0;0;0;0;0;0;0;0;0;0;0;0;0;0;1;0;0;38;1;0;2;;;;;;;;;Não;Não;Não;Não;Não;Não;Não;Não;9;0;1;0;0;0;0;0;Não;Não;;Não;0;280;16.49;0;Não
13629;E;;89153;MAKE B CORRET LIQ HYAL 340Q 6,8ml;MAQUIAGEM;MAQUIAGEM ROSTO;202612;;0;0;0;0;0;0;0;0;0;0;0;0;0;0;0;1;0;0;26;0;0;1;;;;;;;;;Não;Não;Não;Não;Não;Não;Não;Não;4;0;1;0;0;0;0;0;Não;Não;;Não;0;280;16.49;0;Não
13629;E;;59040;MAKE B CORRET LIQ RETIN 3 H 120N 5,5ml;MAQUIAGEM;MAQUIAGEM ROSTO;;;4;0;1;0;1;0;0;0;0;0;0;0;0;0;0;0;0;0;254;1;1;1;;;;;;;"20.0
15.0";"Franqueado: ressarcimento via BSO. Consumidor/Revendedor: Itens selecionados com até 60% de desconto - Iscas Estratégicas.
Lucro Extra Progressivo em itens selecionados de Maquiagem da Linha MAKE B. RETINOL de acordo com a quantidade comprada: 10% de Lucro Extra em 2 unidades e 15% de Lucro Extra em 3 unidades ou mais.";Não;Não;Não;Não;Não;Não;Não;Não;1;0;1;1;0;0;1;2;Não;Não;;Não;0;216;29.59;0;Não
13629;E;;59045;MAKE B CORRET LIQ RETIN 3 H 260N 5,5ml;MAQUIAGEM;MAQUIAGEM ROSTO;;;0;0;0;1;0;0;1;0;0;0;0;0;0;0;0;0;0;0;213;1;1;1;;;;;;;"20.0
15.0";"Franqueado: ressarcimento via BSO. Consumidor/Revendedor: Itens selecionados com até 60% de desconto - Iscas Estratégicas.
Lucro Extra Progressivo em itens selecionados de Maquiagem da Linha MAKE B. RETINOL de acordo com a quantidade comprada: 10% de Lucro Extra em 2 unidades e 15% de Lucro Extra em 3 unidades ou mais.";Não;Não;Não;Não;Não;Não;Não;Não;1;0;1;1;0;0;1;2;Não;Não;;Não;0;216;29.59;0;Não
13629;C;;82815;MAKE B DEMAQ BIF MICLR 110ml V3;MAQUIAGEM;MAQUIAGEM ROSTO;;;0;0;5;0;3;0;0;1;2;0;2;0;2;1;2;2;0;0;31;4;1;2;30.0;Franqueado: ressarcimento via BSO. Consumidor/Revendedor: Itens selecionados de MAKE b. com até 30% de desconto.;30.0;Franqueado: ressarcimento via BSO. Consumidor/Revendedor: Itens selecionados de MAKE b. com até 30% de desconto.;;;;;Não;Não;Não;Não;Não;Não;Não;Não;3;0;4;1;2;2;3;5;Sim;Não;Crítico;Não;0;70;21.14;2;Não
13629;C;;57753;MAKE B ESPNJ FAC SUPER BLEND PU;ACESSÓRIOS;FUNCIONAIS MAQUIAGEM;;;7;4;3;2;1;1;0;2;0;2;3;1;1;4;4;2;2;0;10;2;1;4;;;;;;;30.0;Franqueado: ressarcimento via BSO. Consumidor/Revendedor: Itens selecionados com até 60% de desconto - Iscas Estratégicas.;Não;Não;Não;Não;Não;Não;Não;Não;2;0;4;1;2;2;3;7;Não;Não;;Não;0;128;16.59;2;Não
13629;C;;51173;MAKE B GLOS LAB C/AC POLIG ROS/LOVER 5ml;MAQUIAGEM;MAQUIAGEM BOCA;;;1;0;5;2;2;0;0;2;1;2;3;0;2;0;3;2;1;0;6;2;4;2;;;;;"25.0
15.0";"Franqueado: Ressarcimento via BSO. Revendedor: Compre itens selecionados com até 40% de desconto
Lucro Extra Progressivo em itens selecionados de Maquiagem da Linha MAKE B. de acordo com a quantidade comprada: 10% de Lucro Extra em 2 unidades e 15% de Lucro Extra em 3 unidades ou mais.";;;Não;Não;Não;Não;Não;Não;Não;Não;3;0;4;0;2;2;6;8;Não;Não;;Não;0;234;20.39;2;Não
13629;C;;56586;MAKE B KIT PINCEIS SILVER ESSENTIALS;ACESSÓRIOS;PINCÉIS;;;0;2;1;0;1;1;0;1;0;4;1;0;1;0;1;0;0;0;55;1;1;1;40.0;Franqueado: Ressarcimento via BSO. Consumidor/Revendedor: Itens selecionados com até 60% de desconto.;40.0;Franqueado: Ressarcimento via BSO. Consumidor/Revendedor: Itens selecionados com até 60% de desconto.;25.0;Compre itens selecionados e ganhe até 35% de lucro extra.;35.0;Itens selecionados com até 60% de lucro extra.;Não;Não;Não;Não;Não;Não;Não;Não;1;0;2;0;1;1;2;3;Não;Não;;Não;0;12;53.96;1;Não
13629;C;;27858;MAKE B LAP RETR P/OLH PRET PCK;MAQUIAGEM;MAQUIAGEM OLHOS;;;7;1;4;5;0;0;10;2;6;1;2;8;5;3;4;8;3;1;3;4;3;11;;;;;;;35.0;Franqueado: ressarcimento via BSO. Consumidor/Revendedor: Itens selecionados com até 60% de desconto - Iscas Estratégicas.;Não;Não;Não;Sim;Não;Não;Não;Não;5;0;9;0;6;6;9;20;Não;Não;;Não;0;1600;20.24;6;Não
13629;C;;55505;MAKE B LAP/OLH ULTRABLACK PRETO V2 1,2g;MAQUIAGEM;MAQUIAGEM OLHOS;;;4;1;0;7;1;4;4;5;0;0;4;3;5;5;2;5;0;0;40;3;2;3;;;;;;;;;Não;Não;Não;Não;Não;Não;Não;Não;0;0;5;4;1;1;3;6;Sim;Não;Crítico;Não;0;672;19.42;1;Não
13629;C;;89568;MAKE B MALETA CLASSICA PU;ACESSÓRIOS;ORGANIZADOR NÃO COSTURÁVEL;;;0;0;0;0;0;0;0;0;0;0;3;1;0;0;1;3;0;0;46;1;1;1;;;;;;;;;Não;Não;Não;Não;Não;Não;Não;Não;0;0;2;0;2;2;3;4;Não;Não;;Não;0;12;48.29;2;Não
13629;C;;56585;MAKE B MALETA MAQ C/ALCA PES;ACESSÓRIOS;ORGANIZADOR COSTURÁVEL;;;2;0;0;0;1;0;1;0;0;0;0;0;0;0;3;0;1;0;19;1;1;2;"45.0
25.0";"Franqueado: Ressarcimento via BSO. Consumidor/Revendedor: Itens selecionados com até 60% de desconto.
Revendedor Rubi/Esmeralda/Diamante: Compre 50 a 99 itens selecionados de Eudora ou Boti/QDB e tenha 15% LE Boti/QDB e 10,20% LE Eudora. Compre 100 a 199 itens selecionados de Eudora ou Boti/QDB e tenha 20% LE Boti/QDB e 13,6% LE Eudora. Compre 200 ou mais itens selecionados de Eudora ou Boti/QDB e tenha 25% LE Boti/QDB e 17% LE Eudora.";"45.0
25.0";"Franqueado: Ressarcimento via BSO. Consumidor/Revendedor: Itens selecionados com até 60% de desconto.
Revendedor Rubi/Esmeralda/Diamante: Compre 50 a 99 itens selecionados de Eudora ou Boti/QDB e tenha 15% LE Boti/QDB e 10,20% LE Eudora. Compre 100 a 199 itens selecionados de Eudora ou Boti/QDB e tenha 20% LE Boti/QDB e 13,6% LE Eudora. Compre 200 ou mais itens selecionados de Eudora ou Boti/QDB e tenha 25% LE Boti/QDB e 17% LE Eudora.";25.0;Compre itens selecionados e ganhe até 35% de lucro extra.;24.0;Franqueado: ressarcimento via BSO. Consumidor/Revendedor: Itens selecionados com até 60% de desconto - Iscas Estratégicas.;Não;Não;Não;Não;Não;Não;Não;Não;0;0;2;1;1;1;2;4;Não;Não;;Não;0;10;88.54;1;Não
13629;C;;52620;MAKE B MASC CIL EXP/EF C/NAN AC/HIAL 10g;MAQUIAGEM;MAQUIAGEM OLHOS;;;2;11;3;1;1;4;4;1;1;0;3;4;1;2;4;3;2;0;10;2;2;2;;;;;;;;;Não;Não;Não;Não;Não;Não;Não;Não;0;0;4;7;0;0;0;1;Não;Não;;Não;0;234;28.25;0;Não
13629;C;;55502;MAKE B MASC CIL EXPL GROW 10g;MAQUIAGEM;MAQUIAGEM OLHOS;;;1;1;1;2;1;2;2;0;0;1;0;0;0;3;1;1;0;2;3;2;1;1;20.0;Franqueado: ressarcimento via BSO. Consumidor/Revendedor: Itens selecionados de MAKE b. com até 30% de desconto.;20.0;Franqueado: ressarcimento via BSO. Consumidor/Revendedor: Itens selecionados de MAKE b. com até 30% de desconto.;;;;;Não;Não;Não;Não;Não;Não;Não;Não;3;0;2;0;0;0;1;2;Não;Não;;Não;0;234;28.28;0;Não
13629;B;BC;52619;MAKE B MASC CIL SCANDAL L C/OL COCO 10g;MAQUIAGEM;MAQUIAGEM OLHOS;;;8;1;8;5;1;6;10;0;6;25;3;3;10;1;3;20;6;1;5;2;2;5;;;;;;;;;Não;Não;Não;Não;Não;Não;Não;Não;13;0;4;0;0;0;0;0;Não;Não;;Não;0;204;28.23;0;Não
13629;C;;52618;MAKE B MASC CIL VOL EXTRM PRETA V2 10g;MAQUIAGEM;MAQUIAGEM OLHOS;;;2;2;7;2;3;1;7;2;2;9;2;2;3;4;2;10;0;0;38;3;3;19;;;;;;;50.0;Franqueado: ressarcimento via BSO. Consumidor/Revendedor: Itens selecionados com até 50% de desconto - Iscas Estratégicas.;Não;Não;Não;Não;Não;Não;Não;Não;0;0;11;4;8;8;11;30;Sim;Não;Crítico;Não;0;234;24.03;8;Não
13629;C;;50756;MAKE B MASC CILIO POSTICOS PRETA 10g V3;MAQUIAGEM;MAQUIAGEM OLHOS;;;0;1;1;0;1;3;7;4;1;3;4;0;0;1;1;1;0;0;34;2;2;10;;;;;;;40.0;Franqueado: ressarcimento via BSO. Consumidor/Revendedor: Itens selecionados com até 60% de desconto - Iscas Estratégicas.;Não;Não;Não;Sim;Não;Não;Não;Não;4;0;7;0;4;4;6;16;Não;Não;;Não;0;204;28.23;4;Não
13629;E;;73869;MAKE B MASC CILIOS VOL EXTREMO PRM 5g;SUPORTE À VENDA;PRM;;;33;0;0;3;0;0;0;0;0;0;0;0;0;0;3;0;1;0;;0;0;0;;;;;;;"0.0
0.0
0.0
0.0";"Revendedor Cobre/Bronze/Prata: Passe um pedido de R$600 e ganhe 2 PRMs selecionados. Limitado a 1 conquista por CPF.
Revendedor Ouro/Platina: Passe um pedido de R$800 e ganhe 4 PRMs selecionados. Limitado a 1 conquista por CPF.
Revendedor Rubi/Esmeralda: Passe um pedido de R$1.200 e ganhe 6 PRMs selecionados. Limitado a 1 conquista por CPF.
Revendedor Diamante: Passe um pedido de R$1.500 e ganhe 10 PRMs selecionados. Limitado a 1 conquista por CPF.";Não;Não;Não;Não;Não;Não;Não;Não;32;0;;0;0;0;0;0;Não;Não;;Não;0;560;5.35;0;Não
13629;E;;96419;MAKE B MASC/CILIOS SCANDAL FULL 10g;MAQUIAGEM;MAQUIAGEM OLHOS;202612;;0;0;0;0;0;0;0;0;0;0;0;0;0;0;0;55;4;0;13;1;1;1;;;;;;;;;Não;Não;Não;Não;Não;Não;Não;Não;8;0;1;0;0;0;0;0;Não;Não;;Não;0;234;28.23;0;Não
13629;C;;56837;MAKE B NECESSAIRE NYLON;ACESSÓRIOS;ORGANIZADOR COSTURÁVEL;;202617;4;0;1;1;1;1;2;0;0;2;0;1;0;1;0;1;0;0;25;1;1;1;35.0;Itens selecionados com até 55% de lucro extra.;35.0;Itens selecionados com até 55% de lucro extra.;20.0;Compre itens selecionados e ganhe até 35% de lucro extra.;"30.0
0.0";"Itens selecionados com até 60% de lucro extra.
Junte ao menos 5 embalagens de qualquer marca, leve ao Espaço do Revendedor durante o Ciclo 16/2026, utilizando o cupom ""Botirecicla5"" ao fazer um pedido mínimo e ganhe um produto selecionado para vender com 100% de lucro. Promoção não válida para cartuchos.";Não;Não;Não;Não;Não;Não;Não;Não;1;0;2;0;1;1;2;3;Não;Não;;Não;0;40;30.89;1;Não
13629;C;;85667;MAKE B PALETTE BLUSH CHERRY HIT V2 8g;MAQUIAGEM;MAQUIAGEM ROSTO;;202617;2;1;2;0;3;1;0;1;1;2;0;0;0;0;0;0;0;0;139;1;1;1;;;;;;;;;Não;Não;Não;Não;Não;Não;Não;Não;1;0;2;0;1;1;2;3;Não;Não;;Não;0;124;40.03;1;Não
13629;C;;51595;MAKE B PEDRA VULCANICA ABSORV OL;ACESSÓRIOS;FUNCIONAIS MAQUIAGEM;;;1;1;2;1;0;0;3;1;0;0;0;0;0;1;0;0;0;0;;2;1;2;30.0;Itens selecionados com até 55% de lucro extra.;30.0;Itens selecionados com até 55% de lucro extra.;;;;;Não;Não;Não;Não;Não;Não;Não;Não;0;0;;0;0;0;0;0;Não;Sim;;Não;0;300;34.76;0;Não
13629;C;;87352;MAKE B PINCEL DUPLO MULTIF SILVER PRO;ACESSÓRIOS;PINCÉIS;;;4;2;0;2;2;0;1;0;0;2;0;0;1;1;1;0;0;0;59;1;1;1;;;;;;;;;Não;Não;Não;Não;Não;Não;Não;Não;1;0;2;0;1;1;2;3;Não;Não;;Não;0;60;28.65;1;Não
13629;E;;40090;MAKE B PINCEL ESFUMAR SOMBRA;ACESSÓRIOS;PINCÉIS;;;1;0;0;1;2;0;0;0;0;0;0;0;0;0;0;0;0;0;256;1;1;3;30.0;Itens selecionados com até 55% de lucro extra.;30.0;Itens selecionados com até 55% de lucro extra.;;;30.0;Franqueado: ressarcimento via BSO. Consumidor/Revendedor: Itens selecionados com até 60% de desconto - Iscas Estratégicas.;Não;Não;Não;Não;Não;Não;Não;Não;0;0;2;1;1;1;2;5;Sim;Não;Crítico;Não;0;1360;14.48;1;Não
13629;C;;53906;MAKE B PINCEL ESPIRAL P/PELE ABS;ACESSÓRIOS;PINCÉIS;;;0;0;0;0;0;0;1;0;1;1;1;0;0;1;0;1;0;0;46;1;1;1;31.0;Franqueado: Ressarcimento via BSO. Consumidor/Revendedor: Itens selecionados com até 60% de desconto.;31.0;Franqueado: Ressarcimento via BSO. Consumidor/Revendedor: Itens selecionados com até 60% de desconto.;20.0;Compre itens selecionados e ganhe até 35% de lucro extra.;;;Não;Não;Não;Não;Não;Não;Não;Não;1;0;2;0;1;1;2;3;Não;Não;;Não;0;192;19.54;1;Não
13629;E;;89576;MAKE B PINCEL MULTIF;ACESSÓRIOS;PINCÉIS;202612;;0;0;0;0;0;0;0;0;0;0;0;0;0;0;0;11;0;0;;0;0;0;;;;;;;;;Não;Não;Não;Não;Não;Não;Não;Não;3;0;;0;0;0;0;0;Não;Sim;;Não;0;160;23.59;0;Não
13629;C;;53847;MAKE B PINCEL OLHOS DUPLO PS;ACESSÓRIOS;PINCÉIS;;;2;1;3;1;1;0;0;0;0;2;3;1;0;2;2;1;0;1;3;1;1;2;0.0;"Junte ao menos 5 embalagens de qualquer marca, leve ao Espaço do Revendedor durante o Ciclo 14/2026, utilizando o cupom ""Botirecicla5"" ao fazer um pedido mínimo e ganhe um produto selecionado para vender com 100% de lucro. Promoção não válida para cartuchos.";0.0;"Junte ao menos 5 embalagens de qualquer marca, leve ao Espaço do Revendedor durante o Ciclo 14/2026, utilizando o cupom ""Botirecicla5"" ao fazer um pedido mínimo e ganhe um produto selecionado para vender com 100% de lucro. Promoção não válida para cartuchos.";;;29.0;Franqueado: ressarcimento via BSO. Consumidor/Revendedor: Itens selecionados com até 60% de desconto - Iscas Estratégicas.;Não;Não;Não;Não;Não;Não;Não;Não;0;0;2;0;2;2;3;5;Não;Não;;Não;0;480;12.79;2;Não
13629;C;;53910;MAKE B PINCEL P/BASE ABS;ACESSÓRIOS;PINCÉIS;;;0;0;0;2;1;0;0;0;1;0;1;0;0;0;0;1;0;0;25;1;1;1;;;;;30.0;Compre itens selecionados e ganhe até 35% de lucro extra.;;;Não;Não;Não;Não;Não;Não;Não;Não;0;0;2;0;2;2;3;4;Sim;Não;Crítico;Não;0;192;28.65;2;Não
13629;C;;53936;MAKE B PINCEL P/BASE FIBRAS DUPLAS ABS;ACESSÓRIOS;PINCÉIS;;;0;1;0;1;0;0;1;0;0;0;1;0;1;0;1;1;0;0;25;1;1;1;"30.0
25.0";"Franqueado: Ressarcimento via BSO. Consumidor/Revendedor: Itens selecionados com até 60% de desconto.
Revendedor Rubi/Esmeralda/Diamante: Compre 50 a 99 itens selecionados de Eudora ou Boti/QDB e tenha 15% LE Boti/QDB e 10,20% LE Eudora. Compre 100 a 199 itens selecionados de Eudora ou Boti/QDB e tenha 20% LE Boti/QDB e 13,6% LE Eudora. Compre 200 ou mais itens selecionados de Eudora ou Boti/QDB e tenha 25% LE Boti/QDB e 17% LE Eudora.";"30.0
25.0";"Franqueado: Ressarcimento via BSO. Consumidor/Revendedor: Itens selecionados com até 60% de desconto.
Revendedor Rubi/Esmeralda/Diamante: Compre 50 a 99 itens selecionados de Eudora ou Boti/QDB e tenha 15% LE Boti/QDB e 10,20% LE Eudora. Compre 100 a 199 itens selecionados de Eudora ou Boti/QDB e tenha 20% LE Boti/QDB e 13,6% LE Eudora. Compre 200 ou mais itens selecionados de Eudora ou Boti/QDB e tenha 25% LE Boti/QDB e 17% LE Eudora.";20.0;Compre itens selecionados e ganhe até 35% de lucro extra.;;;Não;Não;Não;Não;Não;Não;Não;Não;3;0;2;0;0;0;0;1;Sim;Não;Crítico;Não;0;168;28.65;0;Não
13629;C;;53907;MAKE B PINCEL P/BLUSH ABS;ACESSÓRIOS;PINCÉIS;;;2;0;0;3;0;0;0;0;2;0;0;0;1;0;1;0;0;0;55;1;1;1;;;;;;;;;Não;Não;Não;Não;Não;Não;Não;Não;2;0;2;0;0;0;1;2;Não;Não;;Não;0;168;28.65;0;Não
13629;E;;53909;MAKE B PINCEL P/CORRETIVO ABS;ACESSÓRIOS;PINCÉIS;;;0;0;0;0;0;0;0;0;0;0;0;0;0;0;0;0;0;0;0;1;1;1;;;;;;;;;Não;Não;Não;Não;Não;Não;Não;Não;0;0;1;0;1;1;2;3;Não;Não;;Não;0;0;17.85;1;Não
13629;C;;53904;MAKE B PINCEL P/PO ABS;ACESSÓRIOS;PINCÉIS;;;1;0;1;3;0;0;0;0;0;0;1;0;1;0;0;0;0;0;93;0;0;0;;;;;;;;;Não;Não;Não;Não;Não;Não;Não;Não;2;0;0;0;0;0;0;0;Não;Não;;Não;0;144;28.65;0;Não
13629;E;;53908;MAKE B PINCEL P/SOMBRA ABS;ACESSÓRIOS;PINCÉIS;;;0;0;0;0;0;0;0;0;0;0;0;0;0;0;0;0;0;0;;1;1;1;;;;;;;;;Não;Não;Não;Não;Não;Não;Não;Não;0;0;;0;0;0;0;0;Não;Sim;;Não;0;0;17.85;0;Não
13629;C;;05546;MAKE B PRIMER FAC ANTIOL SALICYLIC 30g;MAQUIAGEM;MAQUIAGEM ROSTO;;;1;1;2;2;2;1;2;0;0;0;4;1;0;2;0;2;0;0;46;1;2;1;;;;;40.0;Franqueado: Ressarcimento via BSO. Revendedor: Compre itens selecionados com até 40% de desconto;;;Não;Não;Não;Não;Não;Não;Não;Não;2;0;2;0;1;1;3;4;Não;Não;;Não;0;165;23.52;1;Não
13629;C;;94875;MAKE B PRIMER FAC DRPS OF BEAUTY V2 30ml;MAQUIAGEM;MAQUIAGEM ROSTO;202613;;0;0;5;0;2;0;2;0;0;1;0;1;1;1;1;0;1;0;16;1;1;1;30.0;Franqueado: ressarcimento via BSO. Consumidor/Revendedor: Exaustão de Itens selecionados make b. com até 30% de desconto.;30.0;Franqueado: ressarcimento via BSO. Consumidor/Revendedor: Exaustão de Itens selecionados make b. com até 30% de desconto.;;;;;Não;Não;Não;Não;Não;Não;Não;Não;0;0;2;1;1;1;2;3;Não;Não;;Não;0;63;34.0;1;Não
13629;C;;48015;MAKE B PRIMER FAC HYAL 16ml;MAQUIAGEM;MAQUIAGEM ROSTO;;;0;0;7;1;1;3;1;1;1;4;0;1;1;0;0;2;0;0;40;1;1;2;;;;;;;;;Não;Não;Não;Não;Não;Não;Não;Não;1;0;2;1;1;1;2;4;Sim;Não;Crítico;Não;0;280;23.53;1;Não
13629;E;;87805;MAKE B PRIMER ROLLON HYALURONIC 45ml;MAQUIAGEM;MAQUIAGEM ROSTO;202612;;0;0;0;0;0;0;0;0;0;0;0;0;0;0;0;12;3;0;;0;1;1;;;;;;;;;Não;Não;Não;Não;Não;Não;Não;Não;14;0;;0;0;0;0;0;Não;Sim;;Não;0;72;31.5;0;Não
13629;C;;57493;MAKE B SRUM CIL/SOBRANC EXPL GROW 5g;MAQUIAGEM;MAQUIAGEM SOBRANCELHAS;;;5;3;1;4;2;0;6;1;0;2;3;1;1;1;2;3;2;0;12;3;1;2;25.0;Franqueado: ressarcimento via BSO. Consumidor/Revendedor: Itens selecionados de MAKE b. com até 30% de desconto.;25.0;Franqueado: ressarcimento via BSO. Consumidor/Revendedor: Itens selecionados de MAKE b. com até 30% de desconto.;;;20.0;Itens selecionados com até 60% de lucro extra.;Não;Não;Não;Não;Não;Não;Não;Não;0;0;3;3;1;1;2;4;Não;Não;;Não;0;540;19.77;1;Não
13629;C;;59024;MALBEC BALM POS BARB SENSIT CUID V3 100g;CUIDADOS COM A BARBA;PÓS-BARBEAR;;;1;0;12;0;0;1;2;1;1;1;0;8;2;0;6;4;2;0;6;1;4;2;;;;;19.0;Franqueado: ressarcimento via BSO. Revendedor: Itens selecionados de Cuidados Masculinos Malbec com até 19% de desconto.;;;Não;Não;Não;Não;Não;Não;Não;Não;3;0;4;0;2;1;5;7;Não;Não;;Não;0;80;24.28;2;Não
13629;C;;59034;MALBEC COND TRAT ANTIC CUIDADOS V3 250ml;CABELOS;CONDICIONADOR;;;3;0;7;0;0;1;1;1;1;0;0;9;1;0;7;0;1;0;10;1;1;5;;;;;;;29.0;Franqueado: ressarcimento via BSO. Consumidor/Revendedor: Itens selecionados com até 60% de desconto - Iscas Estratégicas.;Não;Não;Não;Não;Não;Não;Não;Não;38;0;4;0;0;0;0;0;Não;Não;;Não;0;54;17.39;0;Não
13629;C;;59037;MALBEC COND TRAT ANTIQ CUIDADOS V3 250ml;CABELOS;CONDICIONADOR;;;4;0;8;2;0;4;1;2;1;1;2;0;2;0;1;0;1;1;6;1;1;6;;;;;;;29.0;Franqueado: ressarcimento via BSO. Consumidor/Revendedor: Itens selecionados com até 60% de desconto - Iscas Estratégicas.;Não;Não;Não;Não;Não;Não;Não;Não;1;0;5;1;3;3;4;10;Não;Não;;Não;0;54;17.39;3;Não
13629;E;;89518;MALBEC CR HID FAC ANTIS 50ml;CUIDADOS FACIAIS;HIDRATANTES E TRATAMENTOS;202611;;0;0;0;0;0;0;0;0;0;0;0;0;0;0;5;0;2;0;19;1;1;2;;;;;;;;;Não;Não;Não;Não;Não;Não;Não;Não;73;0;2;0;0;0;0;0;Não;Não;;Não;0;140;28.16;0;Não
13629;C;;56688;MALBEC CR MULTIPR FAC FPS30 ANTIOL 40ml;CUIDADOS FACIAIS;HIDRATANTES E TRATAMENTOS;;;1;0;1;0;0;1;0;3;0;0;0;0;3;1;1;0;0;0;47;1;2;1;;;;;19.0;Franqueado: ressarcimento via BSO. Revendedor: Itens selecionados de Cuidados Masculinos Malbec com até 19% de desconto.;;;Não;Não;Não;Não;Não;Não;Não;Não;1;0;2;0;2;2;4;5;Não;Não;;Não;0;80;24.25;2;Não
13629;C;;59029;MALBEC CREM BARB SENSIT CUIDADOS V3 100g;CUIDADOS COM A BARBA;PRÉ-BARBEAR;;;0;0;10;5;1;0;0;0;0;0;0;2;1;1;5;2;2;0;6;2;3;3;;;;;19.0;Franqueado: ressarcimento via BSO. Revendedor: Itens selecionados de Cuidados Masculinos Malbec com até 19% de desconto.;35.0;A cada duas unidades ganhe 35% de lucro extra em itens selecionados. Válido entre os dias 16/11/2026 e 18/11/2026.;Não;Não;Não;Não;Não;Não;Não;Não;0;0;4;1;3;3;6;9;Não;Não;;Não;0;80;24.03;3;Não
13629;C;;49362;MALBEC DES ANTIT AER 75g/125ml V10;DESODORANTES;DESODORANTE MASCULINO;;;3;3;42;5;5;2;10;1;17;1;5;10;2;20;8;8;1;2;2;6;6;12;;;;;;;;;Não;Não;Não;Não;Não;Não;Não;Não;2;0;14;9;6;6;12;24;Não;Não;;Não;0;72;12.35;6;Não
13629;C;;53927;MALBEC DES ANTIT AER MAGNET V3 75g;DESODORANTES;DESODORANTE MASCULINO;;;1;2;1;2;2;0;0;1;5;1;0;0;0;0;0;0;0;0;151;3;2;24;;;;;;;40.0;Franqueado: ressarcimento via BSO. Consumidor/Revendedor: Itens selecionados com até 40% de desconto - Iscas Exaustão.;Não;Não;Não;Não;Não;Não;Não;Não;2;0;16;0;16;16;18;42;Sim;Não;Crítico;Não;0;72;12.35;16;Não
13629;B;BB;88560;MALBEC DES ANTIT ROLL V10 55ml;DESODORANTES;DESODORANTE MASCULINO;202611;;59;49;65;31;1;5;30;12;27;68;20;49;1;30;138;0;34;0;13;25;28;38;;;;;;;;;Não;Não;Não;Não;Não;Não;Não;Não;0;0;48;46;11;11;39;77;Sim;Não;Crítico;Não;0;144;7.19;11;Não
13629;C;;48785;MALBEC DES BDY SPR 100ml V4 PCK;DESODORANTES;DESODORANTE MASCULINO;;;11;25;33;31;6;20;0;15;2;3;12;33;15;21;23;0;4;1;6;9;7;10;35.0;Na compra de itens selecionados de desodorantes malbec no primeiro pedido, ganhe 35% de lucro extra. Limitado a 1 unidade por CPF. Válido para revendedores selecionados.;35.0;Na compra de itens selecionados de desodorantes malbec no primeiro pedido, ganhe 35% de lucro extra. Limitado a 1 unidade por CPF. Válido para revendedores selecionados.;35.0;Na compra de itens selecionados de desodorantes malbec no primeiro pedido, ganhe 35% de lucro extra. Limitado a 1 unidade por CPF. Válido para revendedores selecionados.;35.0;Na compra de itens selecionados de desodorantes malbec no primeiro pedido, ganhe 35% de lucro extra. Limitado a 1 unidade por CPF. Válido para revendedores selecionados.;Não;Não;Não;Não;Não;Não;Não;Não;0;0;14;25;0;0;0;9;Não;Não;;Não;0;85;13.49;0;Não
13629;E;;85481;MALBEC DES COL BLACK LEGEND PRM 10ml;SUPORTE À VENDA;PRM;;;0;0;0;0;0;0;0;0;0;1;2;13;0;0;0;0;0;0;;0;0;0;;;;;0.0;Em compras acima de R$500,00 ganhe 1 PRM selecionado.;;;Não;Não;Não;Não;Não;Não;Não;Não;20;0;;0;0;0;0;0;Não;Não;;Não;0;450;5.09;0;Não
13629;A;;89294;MALBEC DES COL BLACK V3 100ml;PERFUMARIA;PERFUMARIA MASCULINA;;;25;16;39;26;28;70;28;31;18;32;16;47;18;17;25;93;16;2;3;20;19;128;20.0;Lucro Extra Progressivo em itens selecionados de Malbec Perfumaria (Icon, Gold, Black, Legend e Bleu), de acordo com a quantidade comprada: 10% de Lucro Extra de 3 a 5 unidades e 20% de Lucro Extra de 6 a 15 unidades.;20.0;Lucro Extra Progressivo em itens selecionados de Malbec Perfumaria (Icon, Gold, Black, Legend e Bleu), de acordo com a quantidade comprada: 10% de Lucro Extra de 3 a 5 unidades e 20% de Lucro Extra de 6 a 15 unidades.;;;20.0;Franqueado: ressarcimento via BSO. Consumidor/Revendedor: Itens selecionados com até 60% de desconto - Iscas Estratégicas.;Não;Não;Não;Sim;Não;Não;Não;Não;109;0;104;0;10;11;30;158;Não;Não;;Não;0;35;69.91;10;Não
13629;B;BA;84400;MALBEC DES COL BLEU V2 100ml;PERFUMARIA;PERFUMARIA MASCULINA;;;8;31;23;42;5;2;10;17;5;11;27;17;1;36;8;5;5;1;4;11;9;13;20.0;Lucro Extra Progressivo em itens selecionados de Malbec Perfumaria (Icon, Gold, Black, Legend e Bleu), de acordo com a quantidade comprada: 10% de Lucro Extra de 3 a 5 unidades e 20% de Lucro Extra de 6 a 15 unidades.;20.0;Lucro Extra Progressivo em itens selecionados de Malbec Perfumaria (Icon, Gold, Black, Legend e Bleu), de acordo com a quantidade comprada: 10% de Lucro Extra de 3 a 5 unidades e 20% de Lucro Extra de 6 a 15 unidades.;;;;;Não;Não;Não;Não;Não;Não;Não;Não;19;3;20;3;3;3;12;25;Não;Não;;Não;0;35;64.53;3;Não
13629;B;BC;84399;MALBEC DES COL FLAME V2 100ml;PERFUMARIA;PERFUMARIA MASCULINA;;;2;4;14;2;1;3;4;6;3;9;5;0;1;6;3;4;2;0;6;3;3;6;;;;;;;;;Não;Não;Não;Não;Não;Não;Não;Não;54;0;7;0;0;0;0;0;Sim;Não;Crítico;Não;0;35;70.37;0;Não
13629;A;;84391;MALBEC DES COL GOLD V3 100ml;PERFUMARIA;PERFUMARIA MASCULINA;;;31;101;45;44;22;25;47;30;153;30;8;136;7;15;24;90;8;2;3;19;18;128;20.0;Lucro Extra Progressivo em itens selecionados de Malbec Perfumaria (Icon, Gold, Black, Legend e Bleu), de acordo com a quantidade comprada: 10% de Lucro Extra de 3 a 5 unidades e 20% de Lucro Extra de 6 a 15 unidades.;20.0;Lucro Extra Progressivo em itens selecionados de Malbec Perfumaria (Icon, Gold, Black, Legend e Bleu), de acordo com a quantidade comprada: 10% de Lucro Extra de 3 a 5 unidades e 20% de Lucro Extra de 6 a 15 unidades.;;;20.0;Franqueado: ressarcimento via BSO. Consumidor/Revendedor: Itens selecionados com até 50% de desconto - Iscas Estratégicas.;Não;Não;Não;Sim;Não;Não;Não;Não;87;0;95;10;12;12;30;158;Não;Não;;Não;0;35;70.37;12;Não
13629;B;BA;89272;MALBEC DES COL ICON V2 100ml;PERFUMARIA;PERFUMARIA MASCULINA;;;12;52;214;80;7;7;11;49;33;6;5;112;7;11;6;76;6;0;6;9;52;11;20.0;Lucro Extra Progressivo em itens selecionados de Malbec Perfumaria (Icon, Gold, Black, Legend e Bleu), de acordo com a quantidade comprada: 10% de Lucro Extra de 3 a 5 unidades e 20% de Lucro Extra de 6 a 15 unidades.;20.0;Lucro Extra Progressivo em itens selecionados de Malbec Perfumaria (Icon, Gold, Black, Legend e Bleu), de acordo com a quantidade comprada: 10% de Lucro Extra de 3 a 5 unidades e 20% de Lucro Extra de 6 a 15 unidades.;"15.0
10.0";"Franqueado: Ressarcimento via BSO. Consumidor/Revendedor: Itens selecionados PERFUMARIA  (L'eau de Lily e Malbec Icon) com até 15% de desconto.
Compre perfumarias selecionadas (L'eau de Lily e Malbec Icon) e ganhe até 10% lucro extra .";;;Não;Não;Não;Não;Não;Não;Não;Não;194;0;48;36;0;0;0;0;Não;Não;;Não;0;35;60.31;0;Não
13629;A;;84390;MALBEC DES COL MAGNETIC V3 100ml;PERFUMARIA;PERFUMARIA MASCULINA;;;141;16;42;55;176;27;21;39;133;36;81;51;20;25;30;113;21;22;2;145;21;118;"15.0
15.0";"Multiplique seus Lucros em Malbec Magnetic de acordo com a quantidade comprada: 10% de Lucro Extra em 2 unidades e 15% de Lucro Extra em 3 ou mais unidades.
Franqueado: ressarcimento via BSO. Consumidor/Revendedor: Itens Selecionados de Malbec (MAGNETIC) com até 15% de desconto";"15.0
15.0";"Multiplique seus Lucros em Malbec Magnetic de acordo com a quantidade comprada: 10% de Lucro Extra em 2 unidades e 15% de Lucro Extra em 3 ou mais unidades.
Franqueado: ressarcimento via BSO. Consumidor/Revendedor: Itens Selecionados de Malbec (MAGNETIC) com até 15% de desconto";;;15.0;Franqueado: ressarcimento via BSO. Consumidor/Revendedor: Itens selecionados com até 50% de desconto - Iscas Estratégicas.;Não;Não;Não;Não;Não;Não;Não;Não;52;35;136;70;88;94;115;233;Não;Não;;Não;0;35;69.91;88;Não
13629;B;BA;89269;MALBEC DES COL NOIR V4 100ml;PERFUMARIA;PERFUMARIA MASCULINA;202611;;22;11;20;45;8;7;6;9;58;10;7;7;4;5;12;7;6;0;9;7;37;11;;;;;"15.0
12.0
12.0
11.0
10.0
10.0
8.0
8.0";"Revendedor Diamante: 15% de Lucro Extra em Itens Selecionados de Malbec Perfumaria na compra de 10 ou mais unidades.
Revendedor Esmeralda: 12% de Lucro Extra em Itens Selecionados de Malbec Perfumaria na compra de 6 ou mais unidades.
Revendedor Rubi: 12% de Lucro Extra em Itens Selecionados de Malbec Perfumaria na compra de 6 ou mais unidades.
Franqueado: ressarcimento via BSO. Revendedor: Itens selecionados de Malbec (X e Noir) com até 11% de desconto.
Revendedor Ouro: 10% de Lucro Extra em Itens Selecionados de Malbec Perfumaria na compra de 3 ou mais unidades.
Revendedor Platina: 10% de Lucro Extra em Itens Selecionados de Malbec Perfumaria na compra de 3 ou mais unidades.
Revendedor Prata: 8% de Lucro Extra em Itens Selecionados de Malbec Perfumaria na compra de 2 ou mais unidades.
Revendedores Cobre e Bronze: 8% de Lucro Extra em Itens Selecionados de Malbec Perfumaria na compra de 2 ou mais unidades.";;;Não;Não;Não;Não;Não;Não;Não;Não;41;0;34;25;0;0;10;21;Não;Não;;Não;0;35;71.09;0;Não
13629;E;;59585;MALBEC DES COL PRM V5 100ml;SUPORTE À VENDA;PRM;;;0;0;0;0;0;0;0;0;0;0;0;0;0;0;0;0;0;0;;0;0;0;;;;;0.0;Em compras acima de R$500,00 ganhe 1 PRM selecionado.;;;Não;Não;Não;Não;Não;Não;Não;Não;0;0;;0;0;0;0;0;Não;Sim;;Não;0;35;54.83;0;Não
13629;A;;58506;MALBEC DES COL PURE GOLD 100ml;PERFUMARIA;PERFUMARIA MASCULINA;;;0;0;0;0;0;0;0;0;0;87;127;49;19;14;11;8;16;1;;7;7;8;;;;;;;;;Não;Não;Não;Não;Não;Não;Não;Não;172;0;;0;0;0;0;0;Não;Sim;;Não;0;35;71.28;0;Não
13629;B;BA;54231;MALBEC DES COL ULTRA BLEU V2 100ml;PERFUMARIA;PERFUMARIA MASCULINA;;;19;26;6;64;5;4;11;50;9;11;9;8;34;14;16;11;5;3;5;7;7;9;;;;;;;;;Não;Não;Não;Não;Não;Não;Não;Não;25;0;15;20;0;0;0;0;Não;Não;;Não;0;35;69.98;0;Não
13629;A;;90513;MALBEC DES COL V7 100ml;PERFUMARIA;PERFUMARIA MASCULINA;;;102;78;346;93;36;204;311;116;81;461;81;107;410;74;128;83;356;9;2;85;90;107;35.0;Na compra de itens selecionados de perfumaria malbec no primeiro pedido, ganhe 35% de lucro extra. Limitado a 1 unidade por CPF. Válido para revendedores selecionados.;35.0;Na compra de itens selecionados de perfumaria malbec no primeiro pedido, ganhe 35% de lucro extra. Limitado a 1 unidade por CPF. Válido para revendedores selecionados.;35.0;Na compra de itens selecionados de perfumaria malbec no primeiro pedido, ganhe 35% de lucro extra. Limitado a 1 unidade por CPF. Válido para revendedores selecionados.;35.0;Na compra de itens selecionados de perfumaria malbec no primeiro pedido, ganhe 35% de lucro extra. Limitado a 1 unidade por CPF. Válido para revendedores selecionados.;Não;Não;Não;Não;Não;Não;Não;Não;209;0;195;70;0;0;73;180;Não;Não;;Não;0;35;60.31;0;Não
13629;B;BA;54101;MALBEC DES COL X V2 100ml;PERFUMARIA;PERFUMARIA MASCULINA;;;46;13;13;26;110;9;8;6;63;8;5;9;15;27;5;13;17;0;4;9;45;11;;;;;"15.0
12.0
12.0
10.0
10.0
10.0
8.0
8.0";"Revendedor Diamante: 15% de Lucro Extra em Itens Selecionados de Malbec Perfumaria na compra de 10 ou mais unidades.
Revendedor Esmeralda: 12% de Lucro Extra em Itens Selecionados de Malbec Perfumaria na compra de 6 ou mais unidades.
Revendedor Rubi: 12% de Lucro Extra em Itens Selecionados de Malbec Perfumaria na compra de 6 ou mais unidades.
Revendedor Ouro: 10% de Lucro Extra em Itens Selecionados de Malbec Perfumaria na compra de 3 ou mais unidades.
Revendedor Platina: 10% de Lucro Extra em Itens Selecionados de Malbec Perfumaria na compra de 3 ou mais unidades.
Franqueado: ressarcimento via BSO. Revendedor: Itens selecionados de Malbec (X e Noir) com até 11% de desconto.
Revendedor Prata: 8% de Lucro Extra em Itens Selecionados de Malbec Perfumaria na compra de 2 ou mais unidades.
Revendedores Cobre e Bronze: 8% de Lucro Extra em Itens Selecionados de Malbec Perfumaria na compra de 2 ou mais unidades.";;;Não;Não;Não;Não;Não;Não;Não;Não;107;0;41;0;0;0;0;0;Não;Não;;Não;0;35;71.28;0;Não
13629;E;;55357;MALBEC EDP 90ml;PERFUMARIA;PERFUMARIA MASCULINA;202611;;0;0;0;0;0;0;0;0;0;0;0;0;0;426;438;63;46;16;2;11;17;13;14.0;Franqueado: Ressarcimento via BSO. Consumidor/Revendedor: Itens selecionados PERFUMARIA com até 14% de desconto.;14.0;Franqueado: Ressarcimento via BSO. Consumidor/Revendedor: Itens selecionados PERFUMARIA com até 14% de desconto.;;;;;Não;Não;Não;Não;Não;Não;Não;Não;1;0;11;4;11;11;28;41;Não;Não;;Não;0;30;66.2;11;Não
13629;E;;55358;MALBEC EDP PRM 10ml;SUPORTE À VENDA;PRM;;;0;0;0;0;0;0;0;0;0;0;0;0;0;0;3;4;14;0;;0;0;0;;;;;;;"0.0
0.0
0.0
0.0";"Revendedor Cobre/Bronze/Prata: Passe um pedido de R$600 e ganhe 2 PRMs selecionados. Limitado a 1 conquista por CPF.
Revendedor Ouro/Platina: Passe um pedido de R$800 e ganhe 4 PRMs selecionados. Limitado a 1 conquista por CPF.
Revendedor Rubi/Esmeralda: Passe um pedido de R$1.200 e ganhe 6 PRMs selecionados. Limitado a 1 conquista por CPF.
Revendedor Diamante: Passe um pedido de R$1.500 e ganhe 10 PRMs selecionados. Limitado a 1 conquista por CPF.";Não;Não;Não;Não;Não;Não;Não;Não;40;0;;0;0;0;0;0;Não;Não;;Não;0;450;4.47;0;Não
13629;A;;84385;MALBEC EDP SIGNATURE V3 90ml;PERFUMARIA;PERFUMARIA MASCULINA;;;12;17;17;10;0;0;19;13;20;30;5;39;13;15;15;30;7;0;4;28;15;28;10.0;Compre itens selecionados e ganhe lucro extra de até 45%. Válido entre os dias 05/10 a 12/10.;10.0;Compre itens selecionados e ganhe lucro extra de até 45%. Válido entre os dias 05/10 a 12/10.;;;;;Não;Não;Não;Não;Não;Não;Não;Não;35;2;45;7;22;23;38;66;Não;Não;;Não;0;42;102.25;22;Não
13629;C;;89782;MALBEC ESPUM P/BARB SENSIT CUID V4 200ml;CUIDADOS COM A BARBA;PRÉ-BARBEAR;;;5;1;14;0;4;2;3;0;2;2;0;11;0;0;9;3;1;0;12;2;7;3;;;;;19.0;Franqueado: ressarcimento via BSO. Revendedor: Itens selecionados de Cuidados Masculinos Malbec com até 19% de desconto.;;;Não;Não;Não;Não;Não;Não;Não;Não;0;0;7;3;4;4;11;14;Sim;Não;Crítico;Não;0;50;23.35;4;Não
13629;C;;56690;MALBEC GEL LIMP FAC ANTIOL 150g;CUIDADOS FACIAIS;LIMPEZA;;;2;2;5;0;0;3;1;3;0;0;0;0;0;1;1;0;0;0;47;1;4;2;;;;;19.0;Franqueado: ressarcimento via BSO. Revendedor: Itens selecionados de Cuidados Masculinos Malbec com até 19% de desconto.;;;Não;Não;Não;Não;Não;Não;Não;Não;3;0;4;0;1;1;5;7;Não;Não;;Não;0;48;17.77;1;Não
13629;B;BB;59019;MALBEC LOC DES HID CPO CUIDADOS V3 200ml;CUIDADOS COM A PELE;CUIDADOS COM O CORPO;;;13;12;24;58;2;21;0;7;16;25;16;43;9;31;49;0;0;0;60;13;13;68;;;;;;;29.0;Franqueado: ressarcimento via BSO. Consumidor/Revendedor: Itens selecionados com até 60% de desconto - Iscas Estratégicas.;Não;Não;Não;Sim;Não;Não;Não;Não;0;0;44;40;8;8;21;89;Não;Não;;Não;0;40;19.85;8;Não
13629;C;;84688;MALBEC LOC DES HID CPO PURE GOLD 200ml;CUIDADOS COM A PELE;CUIDADOS COM O CORPO;;;0;0;0;0;0;0;0;0;0;0;0;9;0;0;0;0;0;0;;3;3;6;20.0;Compre itens selecionados de Cuidados, Óleos, Sabonetes, Desodorantes e ganhe lucro extra de até 35%.;20.0;Compre itens selecionados de Cuidados, Óleos, Sabonetes, Desodorantes e ganhe lucro extra de até 35%.;20.0;Compre itens selecionados de Cuidados, Óleos, Desodorantes e ganhe lucro extra de até 35%.;;;Não;Não;Não;Não;Não;Não;Não;Não;0;0;;0;0;0;0;0;Não;Sim;;Não;0;40;19.85;0;Não
13629;B;BB;74965;MALBEC LOC DES HID CPO RPCK 200ml;CUIDADOS COM A PELE;CUIDADOS COM O CORPO;;;9;21;95;1;20;10;15;30;18;57;0;0;0;0;56;25;9;0;18;12;14;38;;;;;;;;;Não;Não;Não;Não;Não;Não;Não;Não;0;0;32;25;11;11;25;63;Sim;Não;Crítico;Não;0;40;19.85;11;Não
13629;C;;53901;MALBEC NECESSAIRE REG PU;ACESSÓRIOS;ORGANIZADOR COSTURÁVEL;;;2;0;6;0;2;1;0;1;1;0;0;2;1;0;1;0;2;0;18;1;1;1;;;;;;;;;Não;Não;Não;Não;Não;Não;Não;Não;0;0;2;2;0;0;1;2;Não;Não;;Não;0;40;30.89;0;Não
13629;C;;59030;MALBEC OLEO P/BARBA CUIDADOS V4 25ml;CUIDADOS COM A BARBA;PÓS-BARBEAR;;;3;2;9;2;2;2;1;2;0;0;0;0;0;2;1;0;1;0;4;1;1;3;;;;;;;35.0;A cada duas unidades ganhe 35% de lucro extra em itens selecionados. Válido entre os dias 16/11/2026 e 18/11/2026.;Não;Não;Não;Não;Não;Não;Não;Não;0;0;3;2;1;1;2;5;Sim;Não;Crítico;Não;0;99;23.35;1;Não
13629;C;;76756;MALBEC SAB BARRA 2x80g;SABONETE CORPO;CORPO;;;7;17;19;6;3;9;0;4;11;38;3;12;2;7;39;6;39;0;4;8;8;25;;;;;;;29.0;Franqueado: ressarcimento via BSO. Consumidor/Revendedor: Itens selecionados com até 60% de desconto - Iscas Estratégicas.;Não;Não;Não;Não;Não;Não;Não;Não;0;0;20;12;10;10;18;43;Não;Não;;Não;0;70;9.09;10;Não
13629;C;;84682;MALBEC SAB BARRA CUIDADOS 2x80g;SABONETE CORPO;CORPO;;;5;2;14;10;2;14;3;5;0;0;11;19;3;6;36;0;0;0;51;4;17;8;;;;;18.0;Franqueado: ressarcimento via BSO. Revendedor: Itens selecionados de Cuidados Masculinos Malbec com até 19% de desconto.;;;Não;Não;Não;Não;Não;Não;Não;Não;0;0;14;8;8;7;24;32;Sim;Não;Crítico;Não;0;70;9.09;8;Não
13629;C;;87452;MALBEC SAB BARRA CUIDADOS 4x80g;SABONETE CORPO;CORPO;;;4;3;5;22;2;1;5;4;0;8;1;7;1;8;5;0;0;0;;5;4;5;30.0;Itens selecionados com até 55% de lucro extra.;30.0;Itens selecionados com até 55% de lucro extra.;;;;;Não;Não;Não;Não;Não;Não;Não;Não;0;0;;0;0;0;0;0;Não;Sim;;Não;0;25;15.36;0;Não
13629;C;;59021;MALBEC SAB LIQ CPO CUIDADOS V2 250g;SABONETE CORPO;CORPO;;;1;0;1;24;1;5;2;2;0;2;0;6;0;0;49;2;8;1;2;1;2;8;;;;;;;28.0;Franqueado: ressarcimento via BSO. Consumidor/Revendedor: Itens selecionados com até 60% de desconto - Iscas Estratégicas.;Não;Não;Não;Não;Não;Não;Não;Não;44;0;6;0;0;0;0;0;Não;Não;;Não;0;48;15.57;0;Não
13629;C;;56687;MALBEC SERUM FAC ANTIOL 30ml;CUIDADOS FACIAIS;HIDRATANTES E TRATAMENTOS;;;0;1;1;0;0;0;1;2;0;0;0;0;0;1;1;0;0;0;47;1;2;2;;;;;19.0;Franqueado: ressarcimento via BSO. Revendedor: Itens selecionados de Cuidados Masculinos Malbec com até 19% de desconto.;;;Não;Não;Não;Não;Não;Não;Não;Não;4;0;3;0;0;0;1;3;Não;Não;;Não;0;63;38.4;0;Não
13629;C;;59035;MALBEC SHAMP ANTIC CUIDADOS V3 250ml;CABELOS;SHAMPOO/PRÉ-SHAMPOO;;;7;0;8;0;0;7;0;0;2;1;0;0;0;0;0;2;0;0;25;2;2;13;;;;;;;28.0;Franqueado: ressarcimento via BSO. Consumidor/Revendedor: Itens selecionados com até 60% de desconto - Iscas Estratégicas.;Não;Não;Não;Não;Não;Não;Não;Não;0;0;8;3;5;5;7;20;Sim;Não;Crítico;Não;0;54;17.39;5;Não
13629;C;;89780;MALBEC SHAMP ANTIQUEDA CUIDADOS V4 250ml;CABELOS;SHAMPOO/PRÉ-SHAMPOO;;;7;1;5;4;1;3;2;0;0;4;3;3;1;1;9;1;0;1;6;2;2;6;;;;;;;28.0;Franqueado: ressarcimento via BSO. Consumidor/Revendedor: Itens selecionados com até 60% de desconto - Iscas Estratégicas.;Não;Não;Não;Não;Não;Não;Não;Não;3;0;5;0;3;3;5;11;Sim;Não;Crítico;Não;0;54;17.39;3;Não
13629;C;;59031;MALBEC SHAMP CAB OL CUIDADOS V2 250ml;CABELOS;SHAMPOO/PRÉ-SHAMPOO;;;4;0;0;0;0;0;0;0;1;6;0;0;0;0;0;0;0;0;144;1;1;6;;;;;;;28.0;Franqueado: ressarcimento via BSO. Consumidor/Revendedor: Itens selecionados com até 60% de desconto - Iscas Estratégicas.;Não;Não;Não;Não;Não;Não;Não;Não;0;0;4;1;3;3;4;10;Sim;Não;Crítico;Não;0;54;17.7;3;Não
13629;C;;59033;MALBEC SHAMP ESF ANTIC CUIDADOS V3 150ml;CABELOS;SHAMPOO/PRÉ-SHAMPOO;;;2;1;4;1;0;3;0;0;0;1;0;4;1;0;0;0;0;0;89;1;1;3;;;;;;;29.0;Franqueado: ressarcimento via BSO. Consumidor/Revendedor: Itens selecionados com até 60% de desconto - Iscas Estratégicas.;Não;Não;Não;Não;Não;Não;Não;Não;15;0;3;0;0;0;0;0;Não;Não;;Não;0;48;18.64;0;Não
13629;C;;59493;MALBEC SHAMP GRISALHOS CUIDADOS V4 250ml;CABELOS;SHAMPOO/PRÉ-SHAMPOO;;;2;1;2;2;1;1;0;0;2;1;3;2;0;0;0;0;0;0;109;1;1;8;;;;;;;28.0;Franqueado: ressarcimento via BSO. Consumidor/Revendedor: Itens selecionados com até 60% de desconto - Iscas Estratégicas.;Não;Não;Não;Não;Não;Não;Não;Não;0;0;5;2;3;3;4;12;Sim;Não;Crítico;Não;0;54;17.39;3;Não
13629;C;;86336;MALBEC SHW GEL CAB/CPO 200g;SABONETE CORPO;MULTIFUNCIONAL;;;0;1;0;0;0;0;0;0;0;0;0;0;0;0;17;0;2;0;16;1;1;1;;;;;;;;;Não;Não;Não;Não;Não;Não;Não;Não;0;0;2;2;0;0;1;2;Não;Não;;Não;0;48;14.34;0;Não
13629;C;;59036;MALBEC TON CAP ANTIQ CUIDADOS V3 100ml;CABELOS;TRATAMENTO CABELOS;;;3;0;1;0;0;1;2;1;0;1;0;0;0;1;3;0;1;0;16;1;1;3;;;;;;;29.0;Franqueado: ressarcimento via BSO. Consumidor/Revendedor: Itens selecionados com até 60% de desconto - Iscas Estratégicas.;Não;Não;Não;Não;Não;Não;Não;Não;0;0;3;1;2;2;3;6;Não;Não;;Não;0;70;32.4;2;Não
13629;C;;49379;MATCH ACIDIFICANTE 100ml;CABELOS;TRATAMENTO CABELOS;;;0;1;4;1;0;0;0;0;0;2;0;0;1;0;0;0;0;0;13;1;1;1;;;;;;;;;Não;Não;Não;Não;Não;Não;Não;Não;0;0;2;1;1;1;2;3;Não;Não;;Não;0;70;18.28;1;Não
13629;E;;94962;MATCH AMP CAP SCIENCE RECONS V3 30ml;CABELOS;TRATAMENTO CABELOS;202612;;2;0;1;0;1;0;0;0;0;0;0;0;0;0;0;0;0;0;271;1;1;4;;;;;;;28.0;Franqueado: ressarcimento via BSO. Consumidor/Revendedor: Itens selecionados com até 60% de desconto - Iscas Exaustão.;Não;Não;Não;Não;Não;Não;Não;Não;0;0;2;0;2;2;3;7;Não;Não;;Não;0;96;9.34;2;Não
13629;C;;86665;MATCH BOOSTER CAP NUTR CIEN/CURV V2 90ml;CABELOS;TRATAMENTO CABELOS;;;0;0;1;0;1;2;1;3;6;6;8;0;6;3;2;2;1;0;18;1;1;6;;;;;;;39.0;Franqueado: ressarcimento via BSO. Consumidor/Revendedor: Itens selecionados com até 60% de desconto - Iscas Estratégicas.;Não;Não;Não;Sim;Não;Não;Não;Não;5;0;5;0;0;0;1;7;Não;Não;;Não;0;81;11.49;0;Não
13629;C;;86666;MATCH BOOSTER CAP REC CIEN/CURV V2 90ml;CABELOS;TRATAMENTO CABELOS;;;0;1;1;1;0;2;0;1;0;0;0;0;0;0;0;0;1;0;11;1;1;5;;;;;;;39.0;Consumidor/Revendedor: Itens selecionados de MATCH com até 39% de desconto - Iscas Estratégica - Ciclo todo;Não;Não;Não;Não;Não;Não;Não;Não;0;0;4;1;3;3;4;9;Não;Não;;Não;0;81;11.49;3;Não
13629;B;BB;89694;MATCH COND ESC/HID 280ml;CABELOS;CONDICIONADOR;;;0;0;0;0;0;0;0;0;0;0;0;0;174;20;3;4;11;1;4;8;6;9;;;;;;;;;Não;Não;Não;Não;Não;Não;Não;Não;73;0;12;0;0;0;0;0;Não;Não;;Não;0;48;15.15;0;Não
13629;C;;87768;MATCH COND HID ANTIF V2 280ml;CABELOS;CONDICIONADOR;;;0;0;0;0;0;0;0;0;1;2;0;0;0;0;0;0;1;0;11;2;2;4;;;;;;;;;Não;Não;Não;Não;Não;Não;Não;Não;0;0;5;1;4;4;6;10;Não;Não;;Não;0;48;15.15;4;Não
13629;C;;86668;MATCH COND HID CIEN/CURV V2 300ml;CABELOS;CONDICIONADOR;;;8;7;6;1;8;9;22;6;7;5;2;2;7;3;0;9;3;1;3;3;4;7;;;;;;;;;Não;Não;Não;Não;Não;Não;Não;Não;7;0;8;0;3;3;7;14;Não;Não;;Não;0;48;14.99;3;Não
13629;C;;90322;MATCH COND HIDR/BRILH V2 280ml;CABELOS;CONDICIONADOR;;;6;2;7;8;0;1;0;0;0;0;0;0;0;0;0;0;1;2;4;10;2;3;"18.0
15.0";"Franqueado: Ressarcimento via BSO. Consumidor/Revendedor: Itens selecionados de Match com até 20% de desconto.
Compre itens de CABELOS selecionados da linha MATCH , no mesmo pedido, e ganhe lucro progressivo de acordo com a quantidade: 2 itens: 10% LE, 3 ou mais itens: 15% LE.";"18.0
15.0";"Franqueado: Ressarcimento via BSO. Consumidor/Revendedor: Itens selecionados de Match com até 20% de desconto.
Compre itens de CABELOS selecionados da linha MATCH , no mesmo pedido, e ganhe lucro progressivo de acordo com a quantidade: 2 itens: 10% LE, 3 ou mais itens: 15% LE.";;;;;Não;Não;Não;Não;Não;Não;Não;Não;1;0;6;0;9;10;12;15;Não;Não;;Não;0;48;15.15;9;Não
13629;C;;88003;MATCH COND LISO PROLONGADO V2 280ml;CABELOS;CONDICIONADOR;;;1;0;5;4;1;0;4;3;0;3;1;0;3;2;1;4;1;0;17;2;1;9;;;;;;;40.0;Franqueado: ressarcimento via BSO. Consumidor/Revendedor: Itens selecionados com até 50% de desconto - Iscas Estratégicas.;Não;Não;Não;Não;Não;Não;Não;Não;2;0;7;0;6;6;7;16;Não;Não;;Não;0;48;14.99;6;Não
13629;C;;88006;MATCH COND LOIRO REPARADO V2 280ml;CABELOS;CONDICIONADOR;;;3;2;6;0;1;9;1;4;9;5;0;5;7;0;0;1;1;0;13;3;2;5;;;;;;;"40.0
35.0";"Consumidor/Revendedor: Itens selecionados de MATCH com até 40% de desconto - Iscas Estratégica Final de Semana BW
A cada duas unidades ganhe 35% de lucro extra em itens selecionados. Válido entre os dias 16/11/2026 e 18/11/2026.";Não;Não;Não;Não;Não;Não;Não;Não;7;0;5;0;0;0;2;7;Não;Não;;Não;0;48;15.45;0;Não
13629;C;;59582;MATCH COND NUTRICAO REGEN V2 280ml;CABELOS;CONDICIONADOR;;;0;0;0;2;0;0;2;9;6;3;2;5;3;6;4;2;14;1;4;2;2;4;;;;;;;;;Não;Não;Não;Não;Não;Não;Não;Não;55;0;5;0;0;0;0;0;Não;Não;;Não;0;48;15.15;0;Não
13629;C;;94626;MATCH COND OL CONTROLADA V2 280ml;CABELOS;CONDICIONADOR;;;2;2;3;2;1;0;3;0;1;0;3;0;1;1;0;1;6;0;4;1;2;2;;;;;;;;;Não;Não;Não;Não;Não;Não;Não;Não;7;0;3;0;0;0;0;1;Sim;Não;Crítico;Não;0;48;15.16;0;Não
13629;E;;72521;MATCH COND RESP/LISOS 250ml;CABELOS;CONDICIONADOR;;202617;0;0;6;0;0;1;0;0;0;0;0;0;0;0;0;0;0;0;248;0;0;2;;;;;;;;;Não;Não;Não;Não;Não;Não;Não;Não;0;0;1;1;0;0;0;2;Sim;Não;Crítico;Não;0;48;14.38;0;Não
13629;C;;88007;MATCH COND SCIENCE CRESCIMENTO V3 280ml;CABELOS;CONDICIONADOR;;;1;3;8;0;5;0;0;6;1;6;8;3;1;0;2;2;4;0;9;25;4;5;"20.0
15.0";"Franqueado: Ressarcimento via BSO. Consumidor/Revendedor: Itens selecionados de Match com até 20% de desconto.
Compre itens de CABELOS selecionados da linha MATCH , no mesmo pedido, e ganhe lucro progressivo de acordo com a quantidade: 2 itens: 10% LE, 3 ou mais itens: 15% LE.";"20.0
15.0";"Franqueado: Ressarcimento via BSO. Consumidor/Revendedor: Itens selecionados de Match com até 20% de desconto.
Compre itens de CABELOS selecionados da linha MATCH , no mesmo pedido, e ganhe lucro progressivo de acordo com a quantidade: 2 itens: 10% LE, 3 ou mais itens: 15% LE.";;;;;Não;Não;Não;Não;Não;Não;Não;Não;0;0;14;3;19;20;24;29;Não;Não;;Não;0;48;14.99;19;Não
13629;C;;94530;MATCH COND SCIENCE PRE/POS QUIM V2 280ml;CABELOS;CONDICIONADOR;202614;;5;2;26;9;6;4;0;0;13;5;5;6;5;1;10;2;6;0;11;5;5;4;;;;;;;20.0;Itens selecionados com até 60% de lucro extra.;Não;Não;Não;Não;Não;Não;Não;Não;5;0;7;7;0;0;4;8;Não;Não;;Não;0;48;14.99;0;Não
13629;C;;94531;MATCH COND SCIENCE RECONSTRUCAO V2 280ml;CABELOS;CONDICIONADOR;;;3;1;2;4;7;2;1;3;3;5;0;8;17;1;6;3;4;0;9;3;4;3;25.0;Franqueado: Ressarcimento via BSO. Consumidor/Revendedor: Itens selecionados com até 50% de desconto.;25.0;Franqueado: Ressarcimento via BSO. Consumidor/Revendedor: Itens selecionados com até 50% de desconto.;;;;;Não;Não;Não;Não;Não;Não;Não;Não;4;0;6;1;3;3;7;10;Não;Não;;Não;0;48;14.99;3;Não
13629;C;;94617;MATCH CR P/PENT CACH CIEN/CURV V2 450ml;CABELOS;FINALIZADOR;;;8;15;37;5;14;12;3;9;0;12;1;0;0;22;10;11;7;2;3;6;7;7;;;;;;;;;Não;Não;Não;Não;Não;Não;Não;Não;6;0;11;1;8;8;15;22;Não;Não;;Não;0;28;17.81;8;Não
13629;C;;86670;MATCH CR P/PENT CRESP CIEN/CURV V2 450ml;CABELOS;FINALIZADOR;;;4;6;6;1;0;0;0;0;6;5;2;2;5;0;0;2;2;0;6;2;2;7;;;;;;;40.0;Franqueado: ressarcimento via BSO. Consumidor/Revendedor: Itens selecionados com até 60% de desconto - Iscas Exaustão.;Não;Não;Não;Não;Não;Não;Não;Não;4;0;6;0;4;4;6;13;Não;Não;;Não;0;28;17.83;4;Não
13629;C;;86673;MATCH FIN CAP JELLY CIEN/CURV V2 350g;CABELOS;STYLING;;;2;2;4;1;1;1;10;0;0;0;0;0;0;0;0;0;1;0;17;1;1;1;;;;;;;;;Não;Não;Não;Não;Não;Não;Não;Não;2;0;2;0;0;0;1;2;Não;Não;;Não;0;28;22.47;0;Não
13629;C;;86667;MATCH LEAV IN CAP LEVE CIEN/CUR V2 250ml;CABELOS;FINALIZADOR;;;3;1;1;4;3;5;17;10;1;0;0;0;0;0;0;0;2;1;4;1;1;2;;;;;;;;;Não;Não;Não;Não;Não;Não;Não;Não;0;0;3;3;0;0;1;3;Não;Não;;Não;0;48;14.39;0;Não
13629;B;BC;90750;MATCH LEAV IN ESC/HID 150ml;CABELOS;FINALIZADOR;;;0;0;0;0;0;0;0;0;0;0;0;0;111;12;0;1;14;0;10;4;6;8;;;;;;;;;Não;Não;Não;Não;Não;Não;Não;Não;1;3;10;3;6;6;12;20;Não;Não;;Não;0;60;17.2;6;Não
13629;C;;94200;MATCH MASC C H 2AB 3AB CIEN/CURV V2 350g;CABELOS;TRATAMENTO CABELOS;;;3;4;14;0;3;3;5;5;3;4;2;4;8;2;1;1;3;0;4;2;2;2;;;;;;;;;Não;Não;Não;Não;Não;Não;Não;Não;4;0;3;0;1;1;3;5;Não;Não;;Não;0;28;19.19;1;Não
13629;C;;86273;MATCH MASC CAP LISO PROLONGADO V2 250g;CABELOS;TRATAMENTO CABELOS;202613;;4;2;3;4;0;0;0;0;1;2;0;0;0;0;0;0;0;0;151;1;1;5;;;;;;;29.0;Franqueado: ressarcimento via BSO. Consumidor/Revendedor: Itens selecionados com até 50% de desconto - Iscas Estratégicas.;Não;Não;Não;Não;Não;Não;Não;Não;0;0;4;1;3;3;4;9;Não;Não;;Não;0;45;19.15;3;Não
13629;C;;59577;MATCH MASC CAP NUTR PROFUNDA V2 250g;CABELOS;TRATAMENTO CABELOS;;;3;1;5;1;0;0;2;2;0;0;0;0;0;2;0;0;2;0;11;1;1;1;;;;;;;;;Não;Não;Não;Não;Não;Não;Não;Não;0;0;2;2;0;0;1;2;Não;Não;;Não;0;45;19.15;0;Não
13629;E;;86314;MATCH MASC CAP NUTR/REGEN PRM V2 50ml;SUPORTE À VENDA;PRM;202613;;0;0;2;0;0;0;0;0;0;0;0;0;0;0;0;0;0;0;;0;0;0;;;;;;;;;Não;Não;Não;Não;Não;Não;Não;Não;0;0;;0;0;0;0;0;Não;Não;;Não;0;140;5.33;0;Não
13629;C;;59581;MATCH MASC CAP NUTR/REGEN V2 250g;CABELOS;TRATAMENTO CABELOS;;;3;2;6;1;0;5;6;12;5;6;1;2;0;0;0;3;1;0;19;5;4;7;;;;;;;;;Não;Não;Não;Não;Não;Não;Não;Não;0;0;9;7;3;3;7;14;Não;Não;;Não;0;45;19.15;3;Não
13629;C;;89789;MATCH MASC CAP NUTRICAO PROFUNDA V3 70g;CABELOS;TRATAMENTO CABELOS;;;2;1;2;0;0;1;0;0;0;3;2;1;0;2;0;2;1;0;18;1;1;1;;;;;;;;;Não;Não;Não;Não;Não;Não;Não;Não;1;0;2;0;1;1;2;3;Sim;Não;Crítico;Não;0;105;9.85;1;Não
13629;C;;56811;MATCH MASC CAP SCIENCE CRESC V2 250g;CABELOS;TRATAMENTO CABELOS;;;4;3;4;3;10;2;4;3;6;4;3;1;6;1;3;4;1;0;24;8;2;5;"20.0
15.0";"Franqueado: Ressarcimento via BSO. Consumidor/Revendedor: Itens selecionados de Match com até 20% de desconto.
Compre itens de CABELOS selecionados da linha MATCH , no mesmo pedido, e ganhe lucro progressivo de acordo com a quantidade: 2 itens: 10% LE, 3 ou mais itens: 15% LE.";"20.0
15.0";"Franqueado: Ressarcimento via BSO. Consumidor/Revendedor: Itens selecionados de Match com até 20% de desconto.
Compre itens de CABELOS selecionados da linha MATCH , no mesmo pedido, e ganhe lucro progressivo de acordo com a quantidade: 2 itens: 10% LE, 3 ou mais itens: 15% LE.";;;;;Não;Não;Não;Não;Não;Não;Não;Não;2;4;7;0;7;7;9;14;Não;Não;;Não;0;45;19.72;7;Não
13629;C;;90151;MATCH MASC CAP SCIENCE RECONS V4 250g;CABELOS;TRATAMENTO CABELOS;;;5;4;5;4;28;6;3;7;6;7;1;11;22;7;8;4;2;0;9;5;4;7;;;;;;;;;Não;Não;Não;Não;Não;Não;Não;Não;0;0;9;8;2;2;6;13;Sim;Não;Crítico;Não;0;45;21.83;2;Não
13629;C;;59580;MATCH OL BIFASICO NUTR REGEN V2 90ml;CABELOS;FINALIZADOR;;;0;1;2;2;0;0;1;2;1;0;2;0;2;1;0;0;0;0;83;1;1;1;;;;;;;;;Não;Não;Não;Não;Não;Não;Não;Não;0;0;2;1;1;1;2;3;Sim;Não;Crítico;Não;0;70;26.87;1;Não
13629;C;;86674;MATCH OL MULTIBEN CIEN/CURV V2 50ml;CABELOS;FINALIZADOR;;;0;0;4;0;0;3;6;2;0;0;0;2;0;0;0;0;0;0;108;1;1;1;;;;;;;;;Não;Não;Não;Não;Não;Não;Não;Não;9;0;2;0;0;0;0;0;Sim;Não;Crítico;Não;0;88;26.87;0;Não
13629;C;;59574;MATCH OLEO CAP NUTR/PROF V2 50ml;CABELOS;FINALIZADOR;;;1;1;0;0;0;1;0;4;0;0;0;1;2;0;0;0;0;0;103;1;1;2;;;;;;;35.0;A cada duas unidades ganhe 35% de lucro extra em itens selecionados. Válido entre os dias 16/11/2026 e 18/11/2026.;Não;Não;Não;Não;Não;Não;Não;Não;0;0;3;1;2;2;3;5;Sim;Não;Crítico;Não;0;88;26.87;2;Não
13629;C;;86671;MATCH SHAMP CIEN/CURV V2 300ml;CABELOS;SHAMPOO/PRÉ-SHAMPOO;;;10;8;7;5;5;10;28;8;4;8;2;2;12;7;0;4;0;1;3;6;6;10;;;;;;;35.0;A cada duas unidades ganhe 35% de lucro extra em itens selecionados. Válido entre os dias 16/11/2026 e 18/11/2026.;Não;Não;Não;Não;Não;Não;Não;Não;11;0;11;0;4;4;10;20;Não;Não;;Não;0;48;15.2;4;Não
13629;B;BB;89693;MATCH SHAMP ESC/HID 300ml;CABELOS;SHAMPOO/PRÉ-SHAMPOO;;;0;0;0;0;0;0;0;0;0;0;0;0;184;23;4;4;12;1;2;10;6;9;;;;;;;;;Não;Não;Não;Não;Não;Não;Não;Não;67;0;12;0;0;0;0;0;Não;Não;;Não;0;48;15.18;0;Não
13629;C;;86663;MATCH SHAMP HID ANTIFRIZZ V2 300ml;CABELOS;SHAMPOO/PRÉ-SHAMPOO;;;3;0;8;1;0;6;12;0;0;0;0;0;0;0;0;3;2;0;9;2;2;3;;;;;;;30.0;Itens selecionados com até 60% de lucro extra.;Não;Não;Não;Não;Não;Não;Não;Não;0;0;4;3;1;2;4;7;Não;Não;;Não;0;48;15.18;1;Não
13629;C;;89819;MATCH SHAMP HIDRATACAO/BRILHO V2 300ml;CABELOS;SHAMPOO/PRÉ-SHAMPOO;;;10;4;7;16;0;3;0;0;0;0;0;0;0;0;0;0;1;0;5;13;3;4;"19.0
15.0";"Franqueado: Ressarcimento via BSO. Consumidor/Revendedor: Itens selecionados de Match com até 20% de desconto.
Compre itens de CABELOS selecionados da linha MATCH , no mesmo pedido, e ganhe lucro progressivo de acordo com a quantidade: 2 itens: 10% LE, 3 ou mais itens: 15% LE.";"19.0
15.0";"Franqueado: Ressarcimento via BSO. Consumidor/Revendedor: Itens selecionados de Match com até 20% de desconto.
Compre itens de CABELOS selecionados da linha MATCH , no mesmo pedido, e ganhe lucro progressivo de acordo com a quantidade: 2 itens: 10% LE, 3 ou mais itens: 15% LE.";;;;;Não;Não;Não;Não;Não;Não;Não;Não;3;0;8;9;3;4;7;11;Não;Não;;Não;0;48;15.18;3;Não
13629;C;;86658;MATCH SHAMP LIS/PROL V2 300ml;CABELOS;SHAMPOO/PRÉ-SHAMPOO;;;2;0;3;1;0;3;10;11;1;3;0;1;1;6;1;5;0;0;34;2;2;7;;;;;;;39.0;Franqueado: ressarcimento via BSO. Consumidor/Revendedor: Itens selecionados com até 50% de desconto - Iscas Estratégicas.;Não;Não;Não;Não;Não;Não;Não;Não;0;0;6;3;4;4;6;13;Sim;Não;Crítico;Não;0;48;14.99;4;Não
13629;C;;84739;MATCH SHAMP NUTR PROFUNDA V2 50ml;CABELOS;SHAMPOO/PRÉ-SHAMPOO;;;0;0;0;0;1;0;0;0;0;0;0;0;0;0;0;2;0;0;37;1;1;1;;;;;;;;;Não;Não;Não;Não;Não;Não;Não;Não;0;0;2;1;1;1;2;3;Não;Não;;Não;0;80;5.99;1;Não
13629;C;;90704;MATCH SHAMP NUTR/PROF V3 300ml;CABELOS;SHAMPOO/PRÉ-SHAMPOO;;;9;2;4;0;3;6;1;5;3;21;7;3;7;5;7;24;6;4;2;3;4;5;;;;;;;;;Não;Não;Não;Não;Não;Não;Não;Não;85;0;7;0;0;0;0;0;Não;Não;;Não;0;48;15.18;0;Não
13629;C;;59583;MATCH SHAMP NUTR/REGEN V2 300ml;CABELOS;SHAMPOO/PRÉ-SHAMPOO;;;1;0;4;1;0;0;3;10;7;5;2;7;3;3;2;2;20;0;4;3;3;4;;;;;;;;;Não;Não;Não;Não;Não;Não;Não;Não;2;0;6;3;3;3;6;10;Não;Não;;Não;0;48;15.18;3;Não
13629;C;;83697;MATCH SHAMP OL CONTROLADA 300ml;CABELOS;SHAMPOO/PRÉ-SHAMPOO;;;1;3;5;2;2;0;4;0;1;0;0;0;0;0;0;0;2;0;13;1;1;3;;;;;;;;;Não;Não;Não;Não;Não;Não;Não;Não;0;0;3;2;1;1;2;5;Não;Não;;Não;0;48;15.19;1;Não
13629;C;;88008;MATCH SHAMP SCIENCE CRESCIMENTO V2 300ml;CABELOS;SHAMPOO/PRÉ-SHAMPOO;;;11;6;14;4;28;4;6;10;12;8;16;6;4;0;0;2;7;2;6;43;7;6;"18.0
15.0";"Franqueado: Ressarcimento via BSO. Consumidor/Revendedor: Itens selecionados de Match com até 20% de desconto.
Compre itens de CABELOS selecionados da linha MATCH , no mesmo pedido, e ganhe lucro progressivo de acordo com a quantidade: 2 itens: 10% LE, 3 ou mais itens: 15% LE.";"18.0
15.0";"Franqueado: Ressarcimento via BSO. Consumidor/Revendedor: Itens selecionados de Match com até 20% de desconto.
Compre itens de CABELOS selecionados da linha MATCH , no mesmo pedido, e ganhe lucro progressivo de acordo com a quantidade: 2 itens: 10% LE, 3 ou mais itens: 15% LE.";;;;;Não;Não;Não;Não;Não;Não;Não;Não;4;0;21;5;31;32;39;45;Sim;Não;Crítico;Não;0;48;15.2;31;Não
13629;C;;94866;MATCH SHAMP SCIENCE RECONST V2 300ml;CABELOS;SHAMPOO/PRÉ-SHAMPOO;;;3;2;6;3;11;0;0;0;0;6;0;7;9;2;6;0;4;0;10;3;5;6;25.0;Franqueado: Ressarcimento via BSO. Consumidor/Revendedor: Itens selecionados com até 50% de desconto.;25.0;Franqueado: Ressarcimento via BSO. Consumidor/Revendedor: Itens selecionados com até 50% de desconto.;;;;;Não;Não;Não;Não;Não;Não;Não;Não;5;0;8;0;5;5;10;16;Não;Não;;Não;0;48;15.2;5;Não
13629;C;;86272;MATCH SPR BRLH HID/BRILHO V3 100ml;CABELOS;FINALIZADOR;;;1;1;2;1;0;2;0;2;2;0;0;0;0;0;0;0;0;0;166;3;1;1;"20.0
15.0";"Franqueado: Ressarcimento via BSO. Consumidor/Revendedor: Itens selecionados de Match com até 20% de desconto.
Compre itens de CABELOS selecionados da linha MATCH , no mesmo pedido, e ganhe lucro progressivo de acordo com a quantidade: 2 itens: 10% LE, 3 ou mais itens: 15% LE.";"20.0
15.0";"Franqueado: Ressarcimento via BSO. Consumidor/Revendedor: Itens selecionados de Match com até 20% de desconto.
Compre itens de CABELOS selecionados da linha MATCH , no mesmo pedido, e ganhe lucro progressivo de acordo com a quantidade: 2 itens: 10% LE, 3 ou mais itens: 15% LE.";;;;;Não;Não;Não;Não;Não;Não;Não;Não;0;0;3;1;2;2;3;4;Sim;Não;Crítico;Não;0;66;16.12;2;Não
13629;C;;56812;MATCH TON CAP SCIENCE CRESC V2 65ml;CABELOS;TRATAMENTO CABELOS;;202614;3;1;2;1;6;3;3;7;7;2;9;1;3;3;0;1;0;0;39;8;1;3;"19.0
15.0";"Franqueado: Ressarcimento via BSO. Consumidor/Revendedor: Itens selecionados de Match com até 20% de desconto.
Compre itens de CABELOS selecionados da linha MATCH , no mesmo pedido, e ganhe lucro progressivo de acordo com a quantidade: 2 itens: 10% LE, 3 ou mais itens: 15% LE.";"19.0
15.0";"Franqueado: Ressarcimento via BSO. Consumidor/Revendedor: Itens selecionados de Match com até 20% de desconto.
Compre itens de CABELOS selecionados da linha MATCH , no mesmo pedido, e ganhe lucro progressivo de acordo com a quantidade: 2 itens: 10% LE, 3 ou mais itens: 15% LE.";;;;;Não;Não;Não;Não;Não;Não;Não;Não;0;0;5;0;7;8;9;12;Não;Não;;Não;0;140;16.01;7;Não
13629;C;;89495;MEN CREM HID ANTIATRITO SPORT V2 100g;CUIDADOS COM A PELE;CUIDADOS COM O CORPO;;;1;0;1;1;0;0;0;4;1;0;0;0;0;0;2;0;1;0;13;5;1;2;19.0;Franqueado: ressarcimento via BSO. Consumidor/Revendedor: Itens selecionados de cuidados masculinos Boticário Men com até 21% de desconto;19.0;Franqueado: ressarcimento via BSO. Consumidor/Revendedor: Itens selecionados de cuidados masculinos Boticário Men com até 21% de desconto;;;;;Não;Não;Não;Não;Não;Não;Não;Não;10;0;4;0;0;0;0;0;Não;Não;;Não;0;108;12.14;0;Não
13629;C;;94867;MEN CREM POS BARBA  AZULEN V12 40g;CUIDADOS COM A BARBA;PÓS-BARBEAR;;;0;0;0;0;0;0;1;2;0;3;0;0;0;0;3;0;1;0;11;3;1;1;18.0;Franqueado: ressarcimento via BSO. Consumidor/Revendedor: Itens selecionados de cuidados masculinos Boticário Men com até 21% de desconto;18.0;Franqueado: ressarcimento via BSO. Consumidor/Revendedor: Itens selecionados de cuidados masculinos Boticário Men com até 21% de desconto;;;;;Não;Não;Não;Não;Não;Não;Não;Não;1;0;3;0;3;3;4;5;Não;Não;;Não;0;110;15.68;3;Não
13629;C;;56005;MEN CREM PRE/POS BARBA 150g;CUIDADOS COM A BARBA;PRÉ-BARBEAR;;;1;0;7;3;1;1;1;5;2;3;1;4;2;1;6;2;0;0;26;5;2;2;19.0;Franqueado: ressarcimento via BSO. Consumidor/Revendedor: Itens selecionados de cuidados masculinos Boticário Men com até 21% de desconto;19.0;Franqueado: ressarcimento via BSO. Consumidor/Revendedor: Itens selecionados de cuidados masculinos Boticário Men com até 21% de desconto;;;;;Não;Não;Não;Não;Não;Não;Não;Não;0;0;5;3;3;3;5;7;Não;Não;;Não;0;48;16.18;3;Não
13629;C;;56004;MEN DES AER P/PES SPORT 125ml;CUIDADOS COM A PELE;CUIDADOS COM OS PÉS;;;1;0;1;5;1;1;1;0;0;0;0;5;1;0;8;2;0;0;37;1;1;2;;;;;;;;;Não;Não;Não;Não;Não;Não;Não;Não;3;0;3;0;0;0;1;3;Não;Não;;Não;0;72;12.74;0;Não
13629;C;;47150;MEN DES ANTIT AER COOL PROTECT 90g/150ml;DESODORANTES;DESODORANTE MASCULINO;;;0;0;0;2;2;5;1;0;2;1;5;2;2;2;9;4;0;0;;1;5;2;;;;;"20.0
12.0";"Franqueado: ressarcimento via BSO. Revendedor: Itens selecionados de desodorantes com até 21% de desconto.
Lucro Extra Progressivo em AEROSSOIS selecionados de acordo com a quantidade comprada: 10% de Lucro Extra em 2 unidades e 12% de Lucro Extra em 3 unidades ou mais.";;;Não;Não;Não;Não;Não;Não;Não;Não;0;0;;0;0;0;0;0;Sim;Sim;Crítico;Não;0;72;12.1;0;Não
13629;C;;47152;MEN DES ANTIT AER INV PROTECT 90g/150ml;DESODORANTES;DESODORANTE MASCULINO;;;4;7;0;37;2;16;1;2;0;14;0;6;3;6;15;7;2;0;16;1;7;2;;;;;"20.0
12.0";"Franqueado: ressarcimento via BSO. Revendedor: Itens selecionados de desodorantes com até 21% de desconto.
Lucro Extra Progressivo em AEROSSOIS selecionados de acordo com a quantidade comprada: 10% de Lucro Extra em 2 unidades e 12% de Lucro Extra em 3 unidades ou mais.";20.0;Itens selecionados com até 60% de lucro extra.;Não;Não;Não;Não;Não;Não;Não;Não;0;0;8;8;0;0;6;8;Não;Não;;Não;0;72;12.1;0;Não
13629;C;;76666;MEN DES COL GALBE 100ml V2;PERFUMARIA;PERFUMARIA MASCULINA;;;5;1;4;17;2;2;1;6;2;2;0;11;0;0;6;2;2;0;12;3;2;5;;;;;;;;;Não;Não;Não;Não;Não;Não;Não;Não;9;0;6;3;0;0;0;3;Sim;Não;Crítico;Não;0;46;47.73;0;Não
13629;C;;53933;MEN DES ROLL V4 55ml;DESODORANTES;DESODORANTE MASCULINO;;;0;1;5;4;0;9;0;3;4;9;2;1;0;2;8;3;4;0;6;3;3;4;;;;;;;;;Não;Não;Não;Não;Não;Não;Não;Não;1;0;6;4;3;3;6;10;Não;Não;;Não;0;144;9.44;3;Não
13629;C;;89493;MEN LOC DES HID CPO V2 200ml;CUIDADOS COM A PELE;CUIDADOS COM O CORPO;;;8;13;6;20;3;6;7;16;3;14;1;25;3;10;14;12;0;0;26;23;6;16;19.0;Franqueado: ressarcimento via BSO. Consumidor/Revendedor: Itens selecionados de cuidados masculinos Boticário Men com até 21% de desconto;19.0;Franqueado: ressarcimento via BSO. Consumidor/Revendedor: Itens selecionados de cuidados masculinos Boticário Men com até 21% de desconto;;;;;Não;Não;Não;Não;Não;Não;Não;Não;0;0;21;10;19;20;26;42;Sim;Não;Crítico;Não;0;60;10.43;19;Não
13629;C;;89262;MEN POMAD MODEL CAP V2 100g;CABELOS;STYLING;;;5;2;3;1;2;0;1;5;2;1;0;3;3;3;6;0;0;0;47;4;2;2;18.0;Franqueado: ressarcimento via BSO. Consumidor/Revendedor: Itens selecionados de cuidados masculinos Boticário Men com até 21% de desconto;18.0;Franqueado: ressarcimento via BSO. Consumidor/Revendedor: Itens selecionados de cuidados masculinos Boticário Men com até 21% de desconto;;;;;Não;Não;Não;Não;Não;Não;Não;Não;0;0;4;3;2;2;4;6;Sim;Não;Crítico;Não;0;105;16.21;2;Não
13629;C;;94750;MEN SAB BARRA V4 2x90g;SABONETE CORPO;CORPO;202611;;2;4;25;27;3;8;5;14;3;7;0;16;7;7;22;5;10;3;4;24;6;7;18.0;Franqueado: ressarcimento via BSO. Consumidor/Revendedor: Itens selecionados de cuidados masculinos Boticário Men com até 21% de desconto;18.0;Franqueado: ressarcimento via BSO. Consumidor/Revendedor: Itens selecionados de cuidados masculinos Boticário Men com até 21% de desconto;;;;;Não;Não;Não;Não;Não;Não;Não;Não;0;0;17;1;23;24;30;37;Não;Não;;Não;0;72;7.95;23;Não
13629;C;;55968;MEN SHAMP 2/1 ANTIC 250ml;CABELOS;2 EM 1;;;5;1;1;2;1;0;4;4;3;2;0;1;1;1;3;0;0;0;54;6;3;3;19.0;Franqueado: ressarcimento via BSO. Consumidor/Revendedor: Itens selecionados de cuidados masculinos Boticário Men com até 21% de desconto;19.0;Franqueado: ressarcimento via BSO. Consumidor/Revendedor: Itens selecionados de cuidados masculinos Boticário Men com até 21% de desconto;;;;;Não;Não;Não;Não;Não;Não;Não;Não;0;0;6;2;6;6;9;12;Sim;Não;Crítico;Não;0;48;14.21;6;Não
13629;C;;55975;MEN SHAMP/COND 2/1 250ml;CABELOS;2 EM 1;;;7;2;1;3;3;4;5;10;1;6;2;3;0;3;5;4;1;0;18;10;4;5;18.0;Franqueado: ressarcimento via BSO. Consumidor/Revendedor: Itens selecionados de cuidados masculinos Boticário Men com até 21% de desconto;18.0;Franqueado: ressarcimento via BSO. Consumidor/Revendedor: Itens selecionados de cuidados masculinos Boticário Men com até 21% de desconto;;;;;Não;Não;Não;Não;Não;Não;Não;Não;0;8;10;1;8;8;12;17;Não;Não;;Não;0;48;13.57;8;Não
13629;C;;89494;MEN SHW GEL CAB/CPO V6 205g;SABONETE CORPO;MULTIFUNCIONAL;;;5;0;13;13;3;2;3;12;2;2;4;7;3;3;15;3;3;3;4;6;3;5;18.0;Franqueado: ressarcimento via BSO. Consumidor/Revendedor: Itens selecionados de cuidados masculinos Boticário Men com até 21% de desconto;18.0;Franqueado: ressarcimento via BSO. Consumidor/Revendedor: Itens selecionados de cuidados masculinos Boticário Men com até 21% de desconto;;;;;Não;Não;Não;Não;Não;Não;Não;Não;0;0;7;3;6;6;9;14;Não;Não;;Não;0;48;11.01;6;Não
13629;E;;56839;NECESSEIRE MEN COLLAB NBA PES;ACESSÓRIOS;ORGANIZADOR COSTURÁVEL;;;0;1;10;0;0;0;0;0;0;0;0;0;0;0;0;0;0;0;;1;1;1;;;;;;;;;Não;Não;Não;Não;Não;Não;Não;Não;0;0;;0;0;0;0;0;Não;Sim;;Não;0;40;28.96;0;Não
13629;E;;88509;NEXT COL TOY STORY RODEIO/XERIFE 75ml;INFANTIL;PERFUMARIA;202614;;0;0;0;0;0;0;0;0;0;0;0;0;0;0;0;0;0;139;;147;14;11;"16.0
15.0
10.0";"Franqueado: ressarcimento via BSO. Consumidor/Revendedor: Progressiva de itens selecionados de infantil (incluindo os lançamentos: Dr. Botica Porção da Diversão, Next Toy Story e Sophie Pixar). Na compra de 2 itens: 15% (desconto adicional 5,56%) 3 ou mais: 25% (desconto adicional 16,67%).
Revendedor: compre itens selecionados da linha SOPHIE e QUASAR NEXT, no mesmo pedido, e ganhe lucro progressivo de acordo com a quantidade: 2 itens ganhe 10% de lucro extra, 3 ou mais itens, ganhe 15% de lucro extra.
Franqueado: ressarcimento via BSO. Consumidor/Revendedor: Compre itens selecionados de infantil (incluindo os lançamentos: Dr. Botica Porção da Diversão, Next Toy Story e Sophie Pixar) e ganhe 10% de desconto direto a partir da primeira unidade.";"16.0
15.0
10.0";"Franqueado: ressarcimento via BSO. Consumidor/Revendedor: Progressiva de itens selecionados de infantil (incluindo os lançamentos: Dr. Botica Porção da Diversão, Next Toy Story e Sophie Pixar). Na compra de 2 itens: 15% (desconto adicional 5,56%) 3 ou mais: 25% (desconto adicional 16,67%).
Revendedor: compre itens selecionados da linha SOPHIE e QUASAR NEXT, no mesmo pedido, e ganhe lucro progressivo de acordo com a quantidade: 2 itens ganhe 10% de lucro extra, 3 ou mais itens, ganhe 15% de lucro extra.
Franqueado: ressarcimento via BSO. Consumidor/Revendedor: Compre itens selecionados de infantil (incluindo os lançamentos: Dr. Botica Porção da Diversão, Next Toy Story e Sophie Pixar) e ganhe 10% de desconto direto a partir da primeira unidade.";;;;;Sim;Sim;Não;Não;Sim;Sim;Não;Não;153;0;;0;0;0;0;0;Sim;Sim;Crítico;Não;0;48;28.34;0;Não
13629;B;BB;55083;NEXT COLONIA 75ml;INFANTIL;PERFUMARIA;;;56;8;56;20;8;94;11;13;15;16;13;21;5;18;61;25;28;27;2;33;11;82;"16.0
10.0";"Franqueado: ressarcimento via BSO. Consumidor/Revendedor: Progressiva de itens selecionados de infantil (incluindo os lançamentos: Dr. Botica Porção da Diversão, Next Toy Story e Sophie Pixar). Na compra de 2 itens: 15% (desconto adicional 5,56%) 3 ou mais: 25% (desconto adicional 16,67%).
Franqueado: ressarcimento via BSO. Consumidor/Revendedor: Compre itens selecionados de infantil (incluindo os lançamentos: Dr. Botica Porção da Diversão, Next Toy Story e Sophie Pixar) e ganhe 10% de desconto direto a partir da primeira unidade.";"16.0
10.0";"Franqueado: ressarcimento via BSO. Consumidor/Revendedor: Progressiva de itens selecionados de infantil (incluindo os lançamentos: Dr. Botica Porção da Diversão, Next Toy Story e Sophie Pixar). Na compra de 2 itens: 15% (desconto adicional 5,56%) 3 ou mais: 25% (desconto adicional 16,67%).
Franqueado: ressarcimento via BSO. Consumidor/Revendedor: Compre itens selecionados de infantil (incluindo os lançamentos: Dr. Botica Porção da Diversão, Next Toy Story e Sophie Pixar) e ganhe 10% de desconto direto a partir da primeira unidade.";;;24.0;Franqueado: ressarcimento via BSO. Consumidor/Revendedor: Itens selecionados com até 60% de desconto - Iscas Estratégicas.;Sim;Sim;Não;Sim;Não;Não;Não;Não;9;0;51;19;43;45;56;138;Não;Não;;Não;0;48;27.83;43;Não
13629;C;;55253;NEXT DESODORANTE CREME 80g;INFANTIL;DESODORANTE;;;30;2;13;6;1;24;1;6;4;2;11;20;2;2;17;6;9;3;4;7;4;23;"16.0
10.0";"Franqueado: ressarcimento via BSO. Consumidor/Revendedor: Progressiva de itens selecionados de infantil (incluindo os lançamentos: Dr. Botica Porção da Diversão, Next Toy Story e Sophie Pixar). Na compra de 2 itens: 15% (desconto adicional 5,56%) 3 ou mais: 25% (desconto adicional 16,67%).
Franqueado: ressarcimento via BSO. Consumidor/Revendedor: Compre itens selecionados de infantil (incluindo os lançamentos: Dr. Botica Porção da Diversão, Next Toy Story e Sophie Pixar) e ganhe 10% de desconto direto a partir da primeira unidade.";"16.0
10.0";"Franqueado: ressarcimento via BSO. Consumidor/Revendedor: Progressiva de itens selecionados de infantil (incluindo os lançamentos: Dr. Botica Porção da Diversão, Next Toy Story e Sophie Pixar). Na compra de 2 itens: 15% (desconto adicional 5,56%) 3 ou mais: 25% (desconto adicional 16,67%).
Franqueado: ressarcimento via BSO. Consumidor/Revendedor: Compre itens selecionados de infantil (incluindo os lançamentos: Dr. Botica Porção da Diversão, Next Toy Story e Sophie Pixar) e ganhe 10% de desconto direto a partir da primeira unidade.";;;28.0;Franqueado: ressarcimento via BSO. Consumidor/Revendedor: Itens selecionados com até 50% de desconto - Iscas Estratégicas.;Não;Não;Não;Não;Não;Não;Não;Não;14;0;15;0;6;6;10;33;Não;Não;;Não;0;80;9.4;6;Não
13629;C;;85452;NEXT PASTA MODEL CAP 150g;INFANTIL;CABELOS;;;14;2;2;1;0;8;0;0;6;2;3;22;1;1;5;3;3;2;2;1;1;11;;;;;;;29.0;Franqueado: ressarcimento via BSO. Consumidor/Revendedor: Itens selecionados com até 50% de desconto - Iscas Estratégicas.;Não;Não;Não;Não;Não;Não;Não;Não;16;0;7;0;0;0;0;3;Não;Não;;Não;0;48;17.18;0;Não
13629;E;;88510;NEXT SAB LIQ TOY STORY GOSM INTERG 150ml;INFANTIL;SABONETES;202614;;0;0;0;0;0;0;0;0;0;0;0;0;0;0;0;0;0;44;2;37;1;2;"16.0
15.0
10.0";"Franqueado: ressarcimento via BSO. Consumidor/Revendedor: Progressiva de itens selecionados de infantil (incluindo os lançamentos: Dr. Botica Porção da Diversão, Next Toy Story e Sophie Pixar). Na compra de 2 itens: 15% (desconto adicional 5,56%) 3 ou mais: 25% (desconto adicional 16,67%).
Revendedor: compre itens selecionados da linha SOPHIE e QUASAR NEXT, no mesmo pedido, e ganhe lucro progressivo de acordo com a quantidade: 2 itens ganhe 10% de lucro extra, 3 ou mais itens, ganhe 15% de lucro extra.
Franqueado: ressarcimento via BSO. Consumidor/Revendedor: Compre itens selecionados de infantil (incluindo os lançamentos: Dr. Botica Porção da Diversão, Next Toy Story e Sophie Pixar) e ganhe 10% de desconto direto a partir da primeira unidade.";"16.0
15.0
10.0";"Franqueado: ressarcimento via BSO. Consumidor/Revendedor: Progressiva de itens selecionados de infantil (incluindo os lançamentos: Dr. Botica Porção da Diversão, Next Toy Story e Sophie Pixar). Na compra de 2 itens: 15% (desconto adicional 5,56%) 3 ou mais: 25% (desconto adicional 16,67%).
Revendedor: compre itens selecionados da linha SOPHIE e QUASAR NEXT, no mesmo pedido, e ganhe lucro progressivo de acordo com a quantidade: 2 itens ganhe 10% de lucro extra, 3 ou mais itens, ganhe 15% de lucro extra.
Franqueado: ressarcimento via BSO. Consumidor/Revendedor: Compre itens selecionados de infantil (incluindo os lançamentos: Dr. Botica Porção da Diversão, Next Toy Story e Sophie Pixar) e ganhe 10% de desconto direto a partir da primeira unidade.";;;;;Sim;Sim;Não;Não;Sim;Sim;Não;Não;39;0;5;0;0;0;0;0;Não;Não;;Não;0;35;13.67;0;Não
13629;C;;55194;NEXT SHAMP REFRESC CAB/CPO 230ml;INFANTIL;CABELOS;;;0;0;0;0;0;0;0;0;1;2;5;1;0;2;3;0;2;0;16;2;2;11;;;;;;;29.0;Franqueado: ressarcimento via BSO. Consumidor/Revendedor: Itens selecionados com até 50% de desconto - Iscas Estratégicas.;Não;Não;Não;Não;Não;Não;Não;Não;0;0;8;1;7;7;9;20;Sim;Não;Crítico;Não;0;48;15.82;7;Não
13629;E;;95802;NSPA ACUC ESF CPO AMEIX/INT 180g;CUIDADOS COM A PELE;CUIDADOS COM O CORPO;202613;;0;0;0;0;0;0;0;0;0;0;0;0;0;0;0;0;173;5;3;27;10;16;;;;;;;;;Não;Não;Não;Não;Não;Não;Não;Não;57;0;14;0;0;0;0;4;Não;Não;;Não;0;38;21.42;0;Não
13629;C;;56841;NSPA BANHEIRINHA TRANSP PS V2;ACESSÓRIOS;ORGANIZADOR NÃO COSTURÁVEL;;202616;16;4;2;18;1;2;1;7;0;9;0;2;4;3;1;12;5;0;11;5;2;3;15.0;Itens selecionados com até 55% de lucro extra.;15.0;Itens selecionados com até 55% de lucro extra.;;;20.0;Itens selecionados com até 60% de lucro extra.;Não;Não;Não;Não;Não;Não;Não;Não;0;0;5;6;0;0;2;5;Não;Não;;Não;0;45;15.43;0;Não
13629;C;;87917;NSPA CR HID MAO AMEI/NEG V3 75g;CUIDADOS COM A PELE;CUIDADOS COM AS MÃOS;;;3;2;5;2;1;1;1;8;0;1;4;1;0;5;4;1;0;1;5;4;4;4;"11.0
10.0";"Progressiva de itens selecionados, a partir de 2 itens 15% (desconto adicional 5,56%), 3 itens 20% (desconto adicional 11,11%).
Itens selecionados com 10% de desconto direto.";"11.0
10.0";"Progressiva de itens selecionados, a partir de 2 itens 15% (desconto adicional 5,56%), 3 itens 20% (desconto adicional 11,11%).
Itens selecionados com 10% de desconto direto.";"11.0
10.0";"Progressiva de itens selecionados, a partir de 2 itens 15% (desconto adicional 5,56%), 3 itens 20% (desconto adicional 11,11%).
Itens selecionados com 10% de desconto direto.";41.0;Franqueado: ressarcimento via BSO. Consumidor/Revendedor: Itens selecionados com até 40% de desconto - Iscas Exaustão.;Não;Não;Não;Não;Não;Não;Não;Não;0;0;7;5;3;3;7;11;Não;Não;;Não;0;108;17.09;3;Não
13629;A;;59823;NSPA CR PERF DES CPO ORQ/LUMIER 400ml;CUIDADOS COM A PELE;CUIDADOS COM O CORPO;;;0;882;24;124;0;18;54;0;17;24;12;13;522;348;8;14;10;4;2;33;65;8;;;;;14.0;Franqueado: Ressarcimento via BSO. Revendedor: Itens selecionados NATIVA SPA - SABONETE CORPO e CUIDADOS COM A PELE com até 15% de desconto.;;;Não;Não;Não;Não;Não;Não;Não;Não;180;0;54;0;0;0;0;0;Não;Não;;Não;0;30;24.64;0;Não
13629;E;;95798;NSPA CR PERF DES HID CP AMEIX/INT 180ml;CUIDADOS COM A PELE;CUIDADOS COM O CORPO;202613;;0;0;0;0;0;0;0;0;0;0;0;0;0;0;0;0;95;0;4;6;2;3;;;;;;;;;Não;Não;Não;Não;Não;Não;Não;Não;54;0;3;0;0;0;0;0;Não;Não;;Não;0;48;17.77;0;Não
13629;E;;95795;NSPA CR PERF DES HID CPO AMEIX/INT 400ml;CUIDADOS COM A PELE;CUIDADOS COM O CORPO;202613;;0;0;0;0;0;0;0;0;0;0;0;0;0;0;0;297;423;9;2;17;25;35;;;;;;;;;Não;Não;Não;Não;Não;Não;Não;Não;500;0;27;0;0;0;0;0;Não;Não;;Não;0;30;23.9;0;Não
13629;C;;52948;NSPA CREM ESF CPO AMEI DOUR 200g;CUIDADOS COM A PELE;CUIDADOS COM O CORPO;;;8;3;14;4;0;6;3;6;4;1;5;4;0;1;2;3;0;0;;4;3;5;15.0;Itens selecionados com até 55% de lucro extra.;15.0;Itens selecionados com até 55% de lucro extra.;;;37.0;Franqueado: ressarcimento via BSO. Consumidor/Revendedor: Itens selecionados com até 40% de desconto - Iscas Exaustão.;Não;Não;Não;Não;Não;Não;Não;Não;0;0;;0;0;0;0;0;Não;Sim;;Não;0;38;20.49;0;Não
13629;C;;52016;NSPA CREM HID MAOS AMEI DOUR 75g;CUIDADOS COM A PELE;CUIDADOS COM AS MÃOS;;;2;0;4;2;0;6;1;0;1;8;0;0;0;0;0;0;0;0;145;2;2;1;"11.0
10.0";"Progressiva de itens selecionados, a partir de 2 itens 15% (desconto adicional 5,56%), 3 itens 20% (desconto adicional 11,11%).
Itens selecionados com 10% de desconto direto.";"11.0
10.0";"Progressiva de itens selecionados, a partir de 2 itens 15% (desconto adicional 5,56%), 3 itens 20% (desconto adicional 11,11%).
Itens selecionados com 10% de desconto direto.";"11.0
10.0";"Progressiva de itens selecionados, a partir de 2 itens 15% (desconto adicional 5,56%), 3 itens 20% (desconto adicional 11,11%).
Itens selecionados com 10% de desconto direto.";20.0;Itens selecionados com até 60% de lucro extra.;Não;Não;Não;Não;Não;Não;Não;Não;0;0;3;0;3;3;5;6;Não;Não;;Não;0;108;17.48;3;Não
13629;B;BA;48280;NSPA DES COL BDY SPLSH AMEI/NEG 200ml V2;PERFUMARIA;PERFUMARIA FEMININA;;;88;27;48;75;10;17;45;7;31;12;15;83;20;18;88;19;23;4;3;102;15;21;15.0;Franqueado: ressarcimento via BSO. Consumidor/Revendedor: Itens selecionados de desodorantes e splashes com até 25% de desconto.;15.0;Franqueado: ressarcimento via BSO. Consumidor/Revendedor: Itens selecionados de desodorantes e splashes com até 25% de desconto.;;;;;Não;Não;Não;Não;Não;Não;Não;Não;45;60;50;0;22;26;41;62;Não;Não;;Não;0;60;24.09;22;Não
13629;E;;90981;NSPA DES COL BDY SPLSH AMEIX/INT 200ml;PERFUMARIA;PERFUMARIA FEMININA;202613;;0;0;0;0;0;0;0;0;0;0;0;0;0;0;0;200;325;3;2;26;31;37;;;;;;;;;Não;Não;Não;Não;Não;Não;Não;Não;465;0;25;0;0;0;0;0;Não;Não;;Não;0;60;24.09;0;Não
13629;B;BB;88563;NSPA DES COL BDY SPLSH AMEIXA V3 200ml;PERFUMARIA;PERFUMARIA FEMININA;;;12;9;15;24;2;71;6;21;9;38;98;8;7;46;11;6;12;0;9;13;10;12;;;;;;;;;Não;Não;Não;Não;Não;Não;Não;Não;43;0;19;0;0;0;0;8;Não;Não;;Não;0;60;24.23;0;Não
13629;B;BB;58135;NSPA DES COL BDY SPLSH CER/ROUGE 200ml;PERFUMARIA;PERFUMARIA FEMININA;;;6;2;2;14;3;4;4;0;4;21;10;1;2;4;9;35;3;0;9;3;18;4;;;;;20.0;Franqueado: ressarcimento via BSO. Consumidor/Revendedor: Exaustão de itens selecionados de deos com até 25% de desconto;;;Não;Não;Não;Não;Não;Não;Não;Não;2;15;12;0;0;0;15;19;Não;Não;;Não;0;60;24.23;0;Não
13629;B;BB;53353;NSPA DES COL BDY SPLSH LILAC 200ml;PERFUMARIA;PERFUMARIA FEMININA;;;40;3;9;14;2;5;5;4;5;72;10;3;5;5;1;25;4;1;2;6;4;7;;;;;;;;;Não;Não;Não;Não;Não;Não;Não;Não;14;7;9;0;0;0;0;4;Não;Não;;Não;0;60;24.23;0;Não
13629;C;;88027;NSPA DES COL BDY SPLSH M/RUBY V2 200ml;PERFUMARIA;PERFUMARIA FEMININA;;;6;1;4;18;0;2;2;6;1;3;5;1;1;12;2;2;3;0;12;4;3;4;;;;;;;;;Não;Não;Não;Não;Não;Não;Não;Não;3;0;6;1;5;5;8;12;Não;Não;;Não;0;60;28.78;5;Não
13629;B;BA;86369;NSPA DES COL BDY SPLSH ORQ/LUMIERE 200ml;PERFUMARIA;PERFUMARIA FEMININA;;;0;166;39;91;17;21;21;12;15;34;42;15;8;83;4;10;20;0;4;11;104;14;;;;;24.0;Franqueado: Ressarcimento via BSO. Consumidor/revendedor: Compre Combo nativa spa (Body splash Orquídea Noire+ Orquídea Lumiere). Preço DE: 219,80 POR: R$ 164,90 - Com 24,97725% de desconto.;;;Não;Não;Não;Não;Não;Não;Não;Não;240;0;66;0;0;0;0;0;Sim;Não;Crítico;Não;0;60;24.23;0;Não
13629;B;BA;89366;NSPA DES COL BDY SPLSH ROSAS/SCRT 200ml;PERFUMARIA;PERFUMARIA FEMININA;;;0;0;0;0;0;0;0;23;332;69;52;28;6;10;12;9;29;2;2;12;13;17;;;;;;;;;Não;Não;Não;Não;Não;Não;Não;Não;60;0;25;0;0;0;0;4;Não;Não;;Não;0;60;24.23;0;Não
13629;B;BA;87272;NSPA DES COL BDY SPLSH UVA MERLOT 200ml;PERFUMARIA;PERFUMARIA FEMININA;;;33;19;24;109;6;18;17;21;15;157;14;13;12;61;18;16;7;2;3;16;13;19;;;;;;;;;Não;Não;Não;Não;Não;Não;Não;Não;51;0;30;2;0;0;3;22;Não;Não;;Não;0;60;29.53;0;Não
13629;B;BB;94610;NSPA DES COL BDY/SPL ORQ/NOIRE V2 200ml;PERFUMARIA;PERFUMARIA FEMININA;;;13;19;18;11;29;17;16;12;5;0;6;33;9;12;40;13;5;1;3;16;53;20;;;;;24.0;Franqueado: Ressarcimento via BSO. Consumidor/revendedor: Compre Combo nativa spa (Body splash Orquídea Noire+ Orquídea Lumiere). Preço DE: 219,80 POR: R$ 164,90 - Com 24,97725% de desconto.;;;Não;Não;Não;Não;Não;Não;Não;Não;32;0;54;0;35;33;86;106;Não;Não;;Não;0;60;28.99;35;Não
13629;B;BB;82052;NSPA DES COL BODY SPLASH JAS/SAMB 200ml;PERFUMARIA;PERFUMARIA FEMININA;;;18;8;21;32;12;11;14;13;9;90;6;12;5;37;9;9;52;0;5;14;11;14;;;;;;;;;Não;Não;Não;Não;Não;Não;Não;Não;1;0;21;28;0;0;9;23;Não;Não;;Não;0;60;29.53;0;Não
13629;E;;01634;NSPA GEL ESF CPO MORANGO RUBY 175G;CUIDADOS COM A PELE;CUIDADOS COM O CORPO;;;0;2;0;0;0;0;0;0;0;0;0;0;0;0;0;0;0;0;;1;1;1;;;;;;;20.0;Itens selecionados com até 60% de lucro extra.;Não;Não;Não;Não;Não;Não;Não;Não;0;0;;0;0;0;0;0;Não;Sim;;Não;0;48;16.43;0;Não
13629;B;BB;57829;NSPA LOC DES AVELUD CPO CER/ROUGE 400ml;CUIDADOS COM A PELE;CUIDADOS COM O CORPO;;;7;19;52;30;7;19;5;29;4;35;5;16;15;4;9;40;15;1;2;7;12;31;;;;;20.0;Lucro Extra Progressivo em itens selecionados de Loções Nativa SPA, de acordo com quantidade comprada: 20% de Lucro Extra em 5 a 15 unidades. Válido para Revendedores Selecionados.;33.0;Franqueado: ressarcimento via BSO. Consumidor/Revendedor: Itens selecionados com até 50% de desconto - Iscas Exaustão;Não;Não;Não;Não;Não;Não;Não;Não;197;0;23;0;0;0;0;0;Não;Não;;Não;0;30;22.92;0;Não
13629;B;BB;86765;NSPA LOC DES HID CP FIRM QUINOA V3 400ml;CUIDADOS COM A PELE;CUIDADOS COM O CORPO;;;15;93;6;9;4;30;63;27;28;18;10;23;11;24;16;15;13;4;2;14;17;111;;;;;;;22.0;Franqueado: ressarcimento via BSO. Consumidor/Revendedor: Itens selecionados com até 60% de desconto - Iscas Estratégicas.;Não;Não;Não;Não;Não;Não;Não;Não;11;0;71;17;54;54;71;182;Não;Não;;Não;0;30;24.68;54;Não
13629;E;;48679;NSPA LOC DES HID CPO AMEI 400ml V6 PRM;SUPORTE À VENDA;PRM;;;0;0;0;0;0;0;0;0;0;0;0;0;0;0;0;0;0;0;;0;0;0;;;;;0.0;Em compras acima de R$500,00 ganhe 1 PRM selecionado.;;;Não;Não;Não;Não;Não;Não;Não;Não;0;0;;0;0;0;0;0;Não;Não;;Não;0;30;23.82;0;Não
13629;C;;48672;NSPA LOC DES HID CPO AMEI/NEG 200ml V4;CUIDADOS COM A PELE;CUIDADOS COM O CORPO;;;3;11;20;8;22;7;4;13;0;1;1;64;0;3;2;5;3;3;4;3;4;7;25.0;Lucro Extra Progressivo em itens selecionados de Cuidados Nativa SPA (Ameixa e Ameixa Negra), de acordo com a quantidade comprada: 20% de Lucro Extra de 1 a 2 unidades e 25 % de Lucro Extra de 3 a 5 unidades.;25.0;Lucro Extra Progressivo em itens selecionados de Cuidados Nativa SPA (Ameixa e Ameixa Negra), de acordo com a quantidade comprada: 20% de Lucro Extra de 1 a 2 unidades e 25 % de Lucro Extra de 3 a 5 unidades.;20.0;Lucro Extra Progressivo em itens selecionados de Loções Nativa SPA, de acordo com quantidade comprada: 20% de Lucro Extra em 5 a 15 unidades. Válido para Revendedores Selecionados.;28.0;Franqueado: ressarcimento via BSO. Consumidor/Revendedor: Itens selecionados com até 50% de desconto - Iscas Exaustão.;Não;Não;Não;Não;Não;Não;Não;Não;2;0;8;8;0;0;4;11;Não;Não;;Não;0;48;18.58;0;Não
13629;A;;88082;NSPA LOC DES HID CPO AMEIX/NEG V4 400ml;CUIDADOS COM A PELE;CUIDADOS COM O CORPO;;;44;92;75;68;260;35;39;385;32;185;267;55;1102;980;42;46;29;6;2;300;103;431;25.0;Lucro Extra Progressivo em itens selecionados de Cuidados Nativa SPA (Ameixa e Ameixa Negra), de acordo com a quantidade comprada: 20% de Lucro Extra de 1 a 2 unidades e 25 % de Lucro Extra de 3 a 5 unidades.;25.0;Lucro Extra Progressivo em itens selecionados de Cuidados Nativa SPA (Ameixa e Ameixa Negra), de acordo com a quantidade comprada: 20% de Lucro Extra de 1 a 2 unidades e 25 % de Lucro Extra de 3 a 5 unidades.;20.0;Lucro Extra Progressivo em itens selecionados de Loções Nativa SPA, de acordo com quantidade comprada: 20% de Lucro Extra em 5 a 15 unidades. Válido para Revendedores Selecionados.;32.0;Franqueado: ressarcimento via BSO. Consumidor/Revendedor: Itens selecionados com até 50% de desconto - Iscas Estratégicas.;Não;Não;Não;Não;Não;Não;Não;Não;530;0;378;30;45;56;159;590;Não;Não;;Não;0;30;23.9;45;Não
13629;C;;88079;NSPA LOC DES HID CPO AMEIXA V6 200ml;CUIDADOS COM A PELE;CUIDADOS COM O CORPO;;;3;0;0;17;0;11;4;0;1;25;1;2;0;0;2;0;0;0;58;5;5;6;;;;;20.0;Lucro Extra Progressivo em itens selecionados de Loções Nativa SPA, de acordo com quantidade comprada: 20% de Lucro Extra em 5 a 15 unidades. Válido para Revendedores Selecionados.;;;Não;Não;Não;Não;Não;Não;Não;Não;7;0;9;0;6;6;11;17;Não;Não;;Não;0;48;19.16;6;Não
13629;A;;88077;NSPA LOC DES HID CPO AMEIXA V7 400ml;CUIDADOS COM A PELE;CUIDADOS COM O CORPO;;;36;51;107;329;27;219;41;60;49;188;222;41;870;582;41;32;41;12;2;50;358;81;"35.0
35.0
25.0";"Na compra de itens selecionados de cuidados com a pele nativa spa no primeiro pedido, ganhe 35% de lucro extra. Limitado a 1 unidade por CPF. Válido para revendedores selecionados.
Revendedor selecionado Inícios de Berçário (até 3 ciclos de vida), ganhe 35% de Lucro Extra em itens selecionados. Limitado a 1 unidade por CPF em seu primeiro pedido no ciclo.
Lucro Extra Progressivo em itens selecionados de Cuidados Nativa SPA (Ameixa e Ameixa Negra), de acordo com a quantidade comprada: 20% de Lucro Extra de 1 a 2 unidades e 25 % de Lucro Extra de 3 a 5 unidades.";"35.0
35.0
25.0";"Na compra de itens selecionados de cuidados com a pele nativa spa no primeiro pedido, ganhe 35% de lucro extra. Limitado a 1 unidade por CPF. Válido para revendedores selecionados.
Revendedor selecionado Inícios de Berçário (até 3 ciclos de vida), ganhe 35% de Lucro Extra em itens selecionados. Limitado a 1 unidade por CPF em seu primeiro pedido no ciclo.
Lucro Extra Progressivo em itens selecionados de Cuidados Nativa SPA (Ameixa e Ameixa Negra), de acordo com a quantidade comprada: 20% de Lucro Extra de 1 a 2 unidades e 25 % de Lucro Extra de 3 a 5 unidades.";"35.0
30.0";"Na compra de itens selecionados de cuidados com a pele nativa spa no primeiro pedido, ganhe 35% de lucro extra. Limitado a 1 unidade por CPF. Válido para revendedores selecionados.
Franqueado: Ressarcimento via BSO. Consumidor/Revendedor: Itens selecionados de Nativa Spa com até 30% de desconto.";35.0;Na compra de itens selecionados de cuidados com a pele nativa spa no primeiro pedido, ganhe 35% de lucro extra. Limitado a 1 unidade por CPF. Válido para revendedores selecionados.;Não;Não;Não;Não;Não;Não;Não;Não;948;0;344;0;0;0;0;0;Não;Não;;Não;0;30;24.64;0;Não
13629;B;BB;53346;NSPA LOC DES HID CPO LILAC 400ml;CUIDADOS COM A PELE;CUIDADOS COM O CORPO;;;13;4;37;2;3;6;6;3;4;69;2;3;3;3;3;27;8;1;2;5;6;37;;;;;;;22.0;Franqueado: ressarcimento via BSO. Consumidor/Revendedor: Itens selecionados com até 60% de desconto - Iscas Estratégicas.;Não;Não;Não;Não;Não;Não;Não;Não;27;0;22;0;0;0;5;42;Não;Não;;Não;0;30;24.74;0;Não
13629;C;;89421;NSPA LOC DES HID CPO ORQ/NOIRE V2 200ml;CUIDADOS COM A PELE;CUIDADOS COM O CORPO;;;2;3;4;11;0;0;0;0;1;19;3;20;0;0;0;1;2;0;13;2;7;4;;;;;14.0;Franqueado: Ressarcimento via BSO. Revendedor: Itens selecionados NATIVA SPA - SABONETE CORPO e CUIDADOS COM A PELE com até 15% de desconto.;;;Não;Não;Não;Não;Não;Não;Não;Não;8;0;9;0;2;2;9;13;Não;Não;;Não;0;48;19.13;2;Não
13629;A;;89422;NSPA LOC DES HID CPO ORQ/NOIRE V2 400ml;CUIDADOS COM A PELE;CUIDADOS COM O CORPO;;;19;63;23;70;15;238;14;22;16;25;6;36;464;320;15;51;77;2;2;19;99;0;;;;;30.0;Franqueado: Ressarcimento via BSO. Consumidor/Revendedor: Itens selecionados de Nativa Spa com até 30% de desconto.;35.0;A cada duas unidades ganhe 35% de lucro extra em itens selecionados. Válido entre os dias 16/11/2026 e 18/11/2026.;Não;Não;Não;Não;Não;Não;Não;Não;256;0;169;0;0;0;27;64;Não;Não;;Não;0;30;24.64;0;Não
13629;A;;58978;NSPA LOC NUTR DES CPO UVA MERLOT 400ml;CUIDADOS COM A PELE;CUIDADOS COM O CORPO;;;21;37;198;140;14;15;15;17;28;170;14;16;445;342;18;46;9;2;3;15;107;157;;;;;22.0;Franqueado: Ressarcimento via BSO. Consumidor/Revendedor: Itens selecionados com até 50% de desconto.;22.0;Franqueado: ressarcimento via BSO. Consumidor/Revendedor: Itens selecionados com até 60% de desconto - Iscas Estratégicas.;Não;Não;Não;Sim;Não;Não;Não;Não;281;0;155;0;0;0;0;150;Não;Não;;Não;0;30;24.64;0;Não
13629;E;;48994;NSPA MASC CAP QUINOA 200g V3;CABELOS;TRATAMENTO CABELOS;;;8;1;6;0;0;0;0;0;0;0;0;0;0;0;0;0;0;0;;1;1;5;;;;;;;19.0;Franqueado: ressarcimento via BSO. Consumidor/Revendedor: Itens selecionados com até 60% de desconto - Iscas Exaustão.;Não;Não;Não;Não;Não;Não;Não;Não;0;0;;0;0;0;0;0;Não;Sim;;Não;0;38;17.05;0;Não
13629;C;;87364;NSPA NECESS PREMIUM PES;ACESSÓRIOS;ORGANIZADOR COSTURÁVEL;;;0;20;1;0;0;0;5;1;0;1;0;1;0;1;1;0;1;0;18;1;1;1;;;;;;;;;Não;Não;Não;Não;Não;Não;Não;Não;2;0;2;0;0;0;1;2;Não;Não;;Não;0;35;32.82;0;Não
13629;C;;58987;NSPA OL BIF DES HID CPO UVA MERL 200ml;ÓLEOS;CUIDADOS COM O CORPO;;;0;0;0;4;0;1;6;1;10;6;4;31;0;0;0;0;4;0;6;4;4;3;30.0;Compre itens selecionados de Cuidados, Óleos, Sabonetes, Desodorantes e ganhe lucro extra de até 35%.;30.0;Compre itens selecionados de Cuidados, Óleos, Sabonetes, Desodorantes e ganhe lucro extra de até 35%.;30.0;Compre itens selecionados de Cuidados, Óleos, Desodorantes e ganhe lucro extra de até 35%.;;;Não;Não;Não;Não;Não;Não;Não;Não;1;0;7;4;4;4;8;11;Sim;Não;Crítico;Não;0;40;29.0;4;Não
13629;C;;85423;NSPA OL CREM CPO ROSAS SECRETAS 175g;ÓLEOS;CUIDADOS COM O CORPO;;;0;0;0;0;0;0;0;0;83;5;2;0;0;8;1;0;0;0;;3;3;4;30.0;Compre itens selecionados de Cuidados, Óleos, Sabonetes, Desodorantes e ganhe lucro extra de até 35%.;30.0;Compre itens selecionados de Cuidados, Óleos, Sabonetes, Desodorantes e ganhe lucro extra de até 35%.;"35.0
30.0";"A cada duas unidades ganhe 35% de lucro extra em itens selecionados. Válido entre os dias 19/10/26 e 21/10/26.
Compre itens selecionados de Cuidados, Óleos, Desodorantes e ganhe lucro extra de até 35%.";;;Não;Não;Não;Não;Não;Não;Não;Não;0;0;;10;0;0;0;0;Não;Sim;;Não;0;38;23.23;0;Não
13629;B;BB;48997;NSPA OL DES HID CPO AMEI 200ml V3;ÓLEOS;CUIDADOS COM O CORPO;;;11;14;7;5;0;22;7;18;11;15;3;61;2;13;6;6;6;0;11;14;15;23;;;;;;;20.0;Itens selecionados com até 60% de lucro extra.;Não;Não;Não;Não;Não;Não;Não;Não;3;0;27;27;5;5;20;43;Sim;Não;Crítico;Não;0;40;27.53;5;Não
13629;E;;95801;NSPA OL GLOR DES HID CPO AMEIX/INT 200ml;ÓLEOS;CUIDADOS COM O CORPO;202613;;0;0;0;0;0;0;0;0;0;0;0;0;0;0;0;0;190;0;4;14;9;11;;;;;;;;;Não;Não;Não;Não;Não;Não;Não;Não;10;0;11;4;7;8;17;28;Não;Não;;Não;0;40;27.53;7;Não
13629;B;BB;85097;NSPA OL GLOR DES HID CPO AMEIX/NEG 200ml;ÓLEOS;CUIDADOS COM O CORPO;;;0;0;92;9;50;2;4;18;9;7;8;61;7;14;21;8;16;1;3;9;14;75;;;;;;;;;Não;Não;Não;Não;Não;Não;Não;Não;18;1;55;11;32;32;46;121;Não;Não;;Não;0;40;25.51;32;Não
13629;B;BC;85099;NSPA OL GLOR DES HID CPO AMEN/QUIN 200ml;ÓLEOS;CUIDADOS COM O CORPO;;;0;0;60;4;4;6;11;1;11;6;6;41;0;3;9;7;6;1;2;5;6;9;;;;;;;;;Não;Não;Não;Não;Não;Não;Não;Não;12;0;11;4;0;0;5;14;Não;Não;;Não;0;40;25.51;0;Não
13629;B;BB;95920;NSPA OL GLOR DES HID CPO BAUN EXCL 200ml;CUIDADOS COM A PELE;CUIDADOS COM O CORPO;;202614;0;0;0;0;0;0;0;0;0;0;0;126;2;2;0;0;0;0;;7;0;0;;;;;;;;;Não;Não;Não;Não;Não;Não;Não;Não;0;0;;0;0;0;0;0;Não;Sim;;Não;0;40;25.51;0;Não
13629;C;;88730;NSPA OL GLOR DES HID CPO CER/ROUGE 200ml;ÓLEOS;CUIDADOS COM O CORPO;;;0;0;24;4;0;1;1;1;0;0;0;0;2;2;2;0;0;0;55;4;5;3;30.0;Compre itens selecionados de Cuidados, Óleos, Sabonetes, Desodorantes e ganhe lucro extra de até 35%.;30.0;Compre itens selecionados de Cuidados, Óleos, Sabonetes, Desodorantes e ganhe lucro extra de até 35%.;30.0;Compre itens selecionados de Cuidados, Óleos, Desodorantes e ganhe lucro extra de até 35%.;;;Não;Não;Não;Não;Não;Não;Não;Não;4;0;5;0;4;4;9;12;Não;Não;;Não;0;40;25.51;4;Não
13629;C;;85098;NSPA OL GLOR DES HID CPO ORQ/NOIRE 200ml;ÓLEOS;CUIDADOS COM O CORPO;;;0;0;28;0;2;0;2;3;2;0;2;28;1;5;2;5;1;0;16;3;4;20;;;;;;;;;Não;Não;Não;Não;Não;Não;Não;Não;0;0;15;5;11;11;15;35;Não;Não;;Não;0;40;25.51;11;Não
13629;B;BC;85096;NSPA OL GLORIOSO DES HID CPO AMEIX 200ml;ÓLEOS;CUIDADOS COM O CORPO;;;0;0;63;7;3;43;3;5;7;5;6;33;3;8;9;8;4;1;4;6;12;15;;;;;;;;;Não;Não;Não;Não;Não;Não;Não;Não;20;0;19;0;3;3;15;30;Não;Não;;Não;0;40;25.51;3;Não
13629;C;;87050;NSPA OL MULTIF AMEIXA NEGRA V2 85ml;ÓLEOS;MULTIFUNCIONAL;;;5;1;8;5;7;2;0;12;4;5;9;3;0;5;4;1;1;1;3;3;2;12;;;;;;;;;Não;Não;Não;Não;Não;Não;Não;Não;5;0;9;0;6;6;8;20;Não;Não;;Não;0;54;42.06;6;Não
13629;C;;87051;NSPA OL MULTIF AMEIXA V2 85ml;ÓLEOS;MULTIFUNCIONAL;;;4;3;3;1;2;1;1;2;3;2;0;0;2;0;0;0;1;0;16;3;2;4;;;;;;;;;Não;Não;Não;Não;Não;Não;Não;Não;3;0;5;0;4;4;6;10;Não;Não;;Não;0;54;42.06;4;Não
13629;C;;88365;NSPA SAB BARRA AMEIXA V5 3x90g;SABONETE CORPO;CORPO;;;14;1;9;11;3;14;0;5;0;0;0;0;0;0;0;3;6;0;5;6;8;9;;;;;;;;;Não;Não;Não;Não;Não;Não;Não;Não;4;0;14;0;14;14;22;31;Não;Não;;Não;0;38;11.98;14;Não
13629;E;;95803;NSPA SAB BARRA CP AMEIX/INT 90g;SABONETE CORPO;CORPO;202613;;0;0;0;0;0;0;0;0;0;0;0;0;0;0;0;0;194;0;4;28;4;4;;;;;;;;;Não;Não;Não;Não;Não;Não;Não;Não;106;0;7;0;0;0;0;0;Não;Não;;Não;0;116;4.72;0;Não
13629;C;;49963;NSPA SAB ESF CPO ORQ NOIRE 175ml;SABONETE CORPO;CORPO;;;2;9;4;3;0;7;1;2;0;0;0;0;0;0;0;0;1;0;;1;4;2;;;;;15.0;Franqueado: Ressarcimento via BSO. Revendedor: Itens selecionados NATIVA SPA - SABONETE CORPO e CUIDADOS COM A PELE com até 15% de desconto.;;;Não;Não;Não;Não;Não;Não;Não;Não;0;0;;2;0;0;0;0;Não;Sim;;Não;0;48;16.59;0;Não
13629;B;BC;86761;NSPA SAB LIQ CPO AMEIXA V2 250ml;SABONETE CORPO;CORPO;;;3;3;4;24;1;8;2;6;2;11;12;4;1;2;6;67;3;0;5;3;7;6;;;;;;;;;Não;Não;Não;Não;Não;Não;Não;Não;14;1;10;15;0;0;0;0;Não;Não;;Não;0;42;16.76;0;Não
13629;C;;85421;NSPA SAB LIQ CPO PERF ROS/SECRETAS 250ml;SABONETE CORPO;CORPO;;;0;0;0;0;0;0;0;0;79;6;0;4;2;1;1;8;2;0;17;3;4;3;20.0;Compre itens selecionados de Cuidados, Óleos, Sabonetes, Desodorantes e ganhe lucro extra de até 35%.;20.0;Compre itens selecionados de Cuidados, Óleos, Sabonetes, Desodorantes e ganhe lucro extra de até 35%.;20.0;Compre itens selecionados de Cuidados, Óleos, Desodorantes e ganhe lucro extra de até 35%.;;;Não;Não;Não;Não;Não;Não;Não;Não;8;0;6;0;0;0;4;7;Não;Não;;Não;0;42;16.92;0;Não
13629;C;;48286;NSPA SAB LIQ MAO AMEI 400ml V2;SABONETE CORPO;MÃOS;;;0;0;0;0;0;2;1;0;0;2;1;1;1;0;1;0;0;0;;2;1;2;30.0;Franqueado: Ressarcimento via BSO. Consumidor/Revendedor: Itens selecionados com até 60% de desconto.;30.0;Franqueado: Ressarcimento via BSO. Consumidor/Revendedor: Itens selecionados com até 60% de desconto.;;;48.0;Franqueado: ressarcimento via BSO. Consumidor/Revendedor: Itens selecionados com até 50% de desconto - Iscas Exaustão;Não;Não;Não;Não;Não;Não;Não;Não;0;0;;0;0;0;0;0;Não;Sim;;Não;0;30;18.38;0;Não
13629;C;;86757;NSPA SAB LIQ PERF AMEIXA NEGRA V2 250ml;SABONETE CORPO;CORPO;;;1;3;2;4;41;2;5;0;0;1;15;0;0;1;3;10;1;0;12;9;9;5;;;;;;;;;Não;Não;Não;Não;Não;Não;Não;Não;0;0;13;6;10;10;19;24;Não;Não;;Não;0;42;16.92;10;Não
13629;C;;59830;NSPA SAB LIQ PERF CPO ORQ/LUMIER 250ml;SABONETE CORPO;CORPO;;;0;181;9;2;1;2;29;5;4;28;0;0;1;5;5;1;2;0;16;2;6;2;;;;;15.0;Franqueado: Ressarcimento via BSO. Revendedor: Itens selecionados NATIVA SPA - SABONETE CORPO e CUIDADOS COM A PELE com até 15% de desconto.;;;Não;Não;Não;Não;Não;Não;Não;Não;4;0;7;13;0;0;0;0;Sim;Não;Crítico;Não;0;42;16.76;0;Não
13629;B;BC;86755;NSPA SAB LIQ PERF ORQ/NOIRE V2 250ml;SABONETE CORPO;CORPO;;;2;1;25;2;20;5;2;0;1;25;3;17;8;3;4;36;6;0;6;4;14;6;;;;;15.0;Franqueado: Ressarcimento via BSO. Revendedor: Itens selecionados NATIVA SPA - SABONETE CORPO e CUIDADOS COM A PELE com até 15% de desconto.;;;Não;Não;Não;Não;Não;Não;Não;Não;1;14;15;0;3;3;17;23;Não;Não;;Não;0;42;16.92;3;Não
13629;E;;52296;NSPA SRUM CPO ORQ NOIRE 30ml;CUIDADOS COM A PELE;CUIDADOS COM O CORPO;;;2;0;1;0;0;1;0;0;0;0;0;0;0;0;0;0;0;0;;0;1;0;;;;;"35.0
25.0";"A cada duas unidades ganhe 35% de lucro extra em itens selecionados. Válido entre os dias 19/10/26 e 21/10/26.
Compre itens selecionados e ganhe até 35% de lucro extra.";;;Não;Não;Não;Não;Não;Não;Não;Não;0;0;;0;0;0;0;0;Não;Sim;;Não;0;99;16.81;0;Não
13629;B;BB;89484;NSPA TRIO SAB BARR BES SEL COLL 3x100g;SABONETE CORPO;CORPO;;;0;0;0;0;0;0;0;0;51;103;0;6;4;5;5;3;2;1;6;6;6;11;;;;;;;;;Não;Não;Não;Não;Não;Não;Não;Não;4;0;13;14;0;0;5;16;Não;Não;;Não;0;31;18.12;0;Não
13629;C;;46442;O BOTI FRASQ OFF WHITE VDA;ACESSÓRIOS;ORGANIZADOR COSTURÁVEL;;;0;0;0;0;1;0;0;0;0;0;1;1;0;0;1;1;1;0;11;1;1;1;"40.0
25.0";"Franqueado: Ressarcimento via BSO. Consumidor/Revendedor: Itens selecionados com até 60% de desconto.
Revendedor Rubi/Esmeralda/Diamante: Compre 50 a 99 itens selecionados de Eudora ou Boti/QDB e tenha 15% LE Boti/QDB e 10,20% LE Eudora. Compre 100 a 199 itens selecionados de Eudora ou Boti/QDB e tenha 20% LE Boti/QDB e 13,6% LE Eudora. Compre 200 ou mais itens selecionados de Eudora ou Boti/QDB e tenha 25% LE Boti/QDB e 17% LE Eudora.";"40.0
25.0";"Franqueado: Ressarcimento via BSO. Consumidor/Revendedor: Itens selecionados com até 60% de desconto.
Revendedor Rubi/Esmeralda/Diamante: Compre 50 a 99 itens selecionados de Eudora ou Boti/QDB e tenha 15% LE Boti/QDB e 10,20% LE Eudora. Compre 100 a 199 itens selecionados de Eudora ou Boti/QDB e tenha 20% LE Boti/QDB e 13,6% LE Eudora. Compre 200 ou mais itens selecionados de Eudora ou Boti/QDB e tenha 25% LE Boti/QDB e 17% LE Eudora.";;;29.0;Franqueado: ressarcimento via BSO. Consumidor/Revendedor: Itens selecionados com até 60% de desconto - Iscas Exaustão.;Não;Não;Não;Não;Não;Não;Não;Não;0;0;2;1;1;1;2;3;Não;Não;;Não;0;16;50.22;1;Não
13629;C;;90366;PMPCK BOTICOLL DES BODY SPRAY PORTINARI;DESODORANTES;DESODORANTE MASCULINO;;;0;0;0;0;0;0;0;0;0;0;0;0;0;33;22;0;0;0;;0;2;2;;;;;;;;;Não;Não;Não;Não;Não;Não;Não;Não;0;0;;0;0;0;0;0;Não;Sim;;Não;0;40;17.23;0;Não
13629;C;;90370;PMPCK EGEO DES BDY SPR BLUE;DESODORANTES;DESODORANTE MASCULINO;;;0;0;0;0;0;0;0;3;1;2;0;0;0;1;0;1;0;0;40;4;4;1;25.0;Compre itens selecionados de Cuidados, Óleos, Sabonetes, Desodorantes e ganhe lucro extra de até 35%.;25.0;Compre itens selecionados de Cuidados, Óleos, Sabonetes, Desodorantes e ganhe lucro extra de até 35%.;25.0;Compre itens selecionados de Cuidados, Óleos, Desodorantes e ganhe lucro extra de até 35%.;;;Não;Não;Não;Não;Não;Não;Não;Não;0;0;4;1;4;4;8;9;Sim;Não;Crítico;Não;0;40;24.61;4;Não
13629;C;;55763;PMPCK ELYSEE DES ANT AER 2x75g/125ml;DESODORANTES;DESODORANTE FEMININO;;;32;21;41;29;29;6;2;18;17;2;0;0;0;0;0;0;0;0;158;21;19;14;;;;;;;;;Não;Não;Não;Não;Não;Não;Não;Não;0;0;25;20;12;13;32;46;Sim;Não;Crítico;Não;0;32;17.92;12;Não
13629;B;BB;90378;PMPCK FLORATTA DES BODY SPRAY RED;DESODORANTES;DESODORANTE FEMININO;;;0;0;0;0;0;0;0;0;0;0;0;0;0;172;2;0;0;0;;4;2;3;;;;;;;;;Não;Não;Não;Não;Não;Não;Não;Não;0;0;;0;0;0;0;0;Não;Sim;;Não;0;40;23.22;0;Não
13629;B;BA;01302;PMPCK LILY DES ANTIT AER 2x75g;DESODORANTES;DESODORANTE FEMININO;;;51;45;126;102;60;91;58;46;66;100;51;87;53;67;72;95;78;16;1;95;65;114;;;;;;;;;Não;Não;Não;Não;Não;Não;Não;Não;72;0;167;32;136;138;203;317;Não;Não;;Não;0;32;17.92;136;Não
13629;E;;95405;PMPCK LILY DES B/SPR LEAU/LILY BLANC;DESODORANTES;DESODORANTE FEMININO;202613;;0;0;0;0;0;0;0;0;0;0;0;0;0;0;0;0;180;0;;25;18;6;;;;;;;;;Não;Não;Não;Não;Não;Não;Não;Não;0;0;;0;0;0;0;0;Não;Sim;;Não;0;40;24.61;0;Não
13629;C;;88299;PMPCK MALBEC CUIDADOS V4;GIFTS;ESTOJO REGULAR;202612;;0;0;1;3;0;1;0;1;3;3;1;1;0;2;0;0;0;0;69;2;1;2;;;;;;;;;Não;Não;Não;Não;Não;Não;Não;Não;0;0;3;1;2;2;3;5;Sim;Não;Crítico;Não;0;11;31.96;2;Não
13629;B;BA;01317;PMPCK MALBEC DES ANTIT AER 2x75g;DESODORANTES;DESODORANTE MASCULINO;;;64;43;105;102;87;75;91;80;71;85;61;80;57;57;1;78;100;8;2;65;48;83;;;;;;;;;Não;Não;Não;Não;Não;Não;Não;Não;74;0;121;32;64;65;113;196;Não;Não;;Não;0;32;18.43;64;Não
13629;C;;90379;PMPCK MALBEC DES BDY SPR ULTRA BLEU;DESODORANTES;DESODORANTE MASCULINO;;;0;0;0;0;0;0;0;4;2;0;0;0;0;1;0;0;0;0;68;4;3;1;20.0;Compre itens selecionados de Cuidados, Óleos, Sabonetes, Desodorantes e ganhe lucro extra de até 35%.;20.0;Compre itens selecionados de Cuidados, Óleos, Sabonetes, Desodorantes e ganhe lucro extra de até 35%.;20.0;Compre itens selecionados de Cuidados, Óleos, Desodorantes e ganhe lucro extra de até 35%.;;;Não;Não;Não;Não;Não;Não;Não;Não;0;0;3;1;3;3;6;7;Sim;Não;Crítico;Não;0;40;20.23;3;Não
13629;E;;90381;PMPCK MALBEC DES BODY SPRAY;DESODORANTES;DESODORANTE MASCULINO;202613;;0;0;0;0;0;0;0;0;0;0;0;0;0;0;0;0;141;5;2;11;9;1;;;;;;;;;Não;Não;Não;Não;Não;Não;Não;Não;30;0;5;0;0;0;0;0;Não;Não;;Não;0;40;20.24;0;Não
13629;C;;89830;PMPCK MALBEC V3;GIFTS;ESTOJO REGULAR;;;1;0;1;1;0;1;1;0;0;0;0;0;0;2;2;1;0;0;39;1;1;2;;;;;;;;;Não;Não;Não;Não;Não;Não;Não;Não;0;0;3;1;2;2;3;5;Sim;Não;Crítico;Não;0;10;40.57;2;Não
13629;C;;89831;PMPCK MALBEC V4;GIFTS;ESTOJO REGULAR;202612;;0;3;3;1;1;2;2;0;1;2;0;4;3;2;0;0;0;0;86;2;2;2;;;;;;;;;Não;Não;Não;Não;Não;Não;Não;Não;0;0;3;2;2;2;4;6;Sim;Não;Crítico;Não;0;7;56.18;2;Não
13629;C;;56000;PMPCK MEN CABELOS;GIFTS;ESTOJO REGULAR;;;0;0;2;3;1;1;3;2;2;3;3;3;1;2;6;4;0;0;30;3;2;2;;;;;;;;;Não;Não;Não;Não;Não;Não;Não;Não;0;0;4;3;2;2;4;6;Sim;Não;Crítico;Não;0;22;25.56;2;Não
13629;C;;90376;PMPCK QUASAR DES BODY SPRAY RUSH;DESODORANTES;DESODORANTE MASCULINO;;;0;0;0;0;0;0;0;0;0;0;0;0;0;14;5;0;0;0;;2;2;2;;;;;;;;;Não;Não;Não;Não;Não;Não;Não;Não;0;0;;0;0;0;0;0;Não;Sim;;Não;0;40;22.82;0;Não
13629;C;;01314;PMPCK ZAAD DES ANTIT AER 2x75g;DESODORANTES;DESODORANTE MASCULINO;;;32;18;40;34;43;34;37;23;26;24;0;0;0;0;0;0;0;0;145;23;22;34;;;;;;;;;Não;Não;Não;Não;Não;Não;Não;Não;0;26;43;3;31;32;54;88;Não;Não;;Não;0;32;18.43;31;Não
13629;E;;88308;QUASAR DES BDY SPR CLASSIC 100ml;DESODORANTES;DESODORANTE MASCULINO;;;0;0;0;0;0;0;0;0;0;0;0;0;0;0;0;0;0;0;0;2;2;2;;;;;;;;;Não;Não;Não;Não;Não;Não;Não;Não;0;0;2;5;0;0;0;1;Sim;Não;Crítico;Não;0;85;14.6;0;Não
13629;E;;51250;QUASAR DES BDY SPR ICE V2 100ml;DESODORANTES;DESODORANTE MASCULINO;;;0;0;0;0;0;0;0;0;0;0;0;0;0;0;0;0;0;0;;1;1;0;35.0;Itens selecionados com até 55% de lucro extra.;35.0;Itens selecionados com até 55% de lucro extra.;15.0;Compre itens selecionados e ganhe lucro extra de até 25%.;;;Não;Não;Não;Não;Não;Não;Não;Não;0;0;;0;0;0;0;0;Não;Sim;;Não;0;85;16.13;0;Não
13629;B;BA;51244;QUASAR DES COL BLUE V4 100ml;PERFUMARIA;PERFUMARIA MASCULINA;;;7;10;3;8;3;30;6;4;7;61;0;19;5;3;11;25;12;1;3;6;6;411;;;;;;;60.0;Franqueado: ressarcimento via BSO. Consumidor/Revendedor: Itens selecionados com até 60% de desconto - Iscas Estratégicas.;Não;Não;Não;Sim;Não;Não;Não;Não;11;0;202;22;173;173;179;590;Não;Não;;Não;0;44;46.8;173;Não
13629;B;BB;88364;QUASAR DES COL CLASSIC V2 100ml;PERFUMARIA;PERFUMARIA MASCULINA;;;11;11;17;60;3;10;71;12;11;15;18;0;0;5;6;59;3;1;3;8;9;61;;;;;;;40.0;Franqueado: ressarcimento via BSO. Consumidor/Revendedor: Itens selecionados com até 50% de desconto - Iscas Estratégicas.;Não;Não;Não;Não;Não;Não;Não;Não;29;1;35;1;10;10;19;80;Sim;Não;Crítico;Não;0;44;48.85;10;Não
13629;B;BB;58526;QUASAR DES COL DEEP BLUE 100ml;PERFUMARIA;PERFUMARIA MASCULINA;;;16;1;5;38;0;27;6;4;2;5;4;12;4;14;6;2;14;1;4;3;3;41;;;;;;;40.0;Franqueado: ressarcimento via BSO. Consumidor/Revendedor: Itens selecionados com até 50% de desconto - Iscas Estratégicas.;Não;Não;Não;Não;Não;Não;Não;Não;46;0;23;0;0;0;0;23;Não;Não;;Não;0;44;46.8;0;Não
13629;C;;87773;QUASAR DES COL RUSH V3 100ml;PERFUMARIA;PERFUMARIA MASCULINA;;;1;1;36;2;44;0;0;7;2;1;5;2;0;3;0;1;1;0;11;17;2;0;"21.0
15.0
12.0
12.0
10.0
10.0
8.0
8.0
8.0";"Franqueado: ressarcimento via BSO. Consumidor/Revendedor: Itens selecionados de Quasar (Vision e Rush) com até 25% de desconto.
Revendedor Diamante: 15% de Lucro Extra em Itens Selecionados de Quasar Perfumaria na compra de 15 ou mais unidades.
Revendedor Rubi: 12% de Lucro Extra em Itens Selecionados de Quasar Perfumaria na compra de 5 ou mais unidades.
Revendedor Esmeralda: 12% de Lucro Extra em Itens Selecionados de Quasar Perfumaria na compra de 5 ou mais unidades.
Revendedor Ouro: 10% de Lucro Extra em Itens Selecionados de Quasar Perfumaria na compra de 3 ou mais unidades.
Revendedor Platina: 10% de Lucro Extra em Itens Selecionados de Quasar Perfumaria na compra de 3 ou mais unidades.
Revendedor Bronze: 8% de Lucro Extra em Itens Selecionados de Quasar Perfumaria na compra de 2 ou mais unidades.
Revendedor Prata: 8% de Lucro Extra em Itens Selecionados de Quasar Perfumaria na compra de 2 ou mais unidades.
Revendedor Cobre: 8% de Lucro Extra em Itens Selecionados de Quasar Perfumaria na compra de 2 ou mais unidades.";"21.0
15.0
12.0
12.0
10.0
10.0
8.0
8.0
8.0";"Franqueado: ressarcimento via BSO. Consumidor/Revendedor: Itens selecionados de Quasar (Vision e Rush) com até 25% de desconto.
Revendedor Diamante: 15% de Lucro Extra em Itens Selecionados de Quasar Perfumaria na compra de 15 ou mais unidades.
Revendedor Rubi: 12% de Lucro Extra em Itens Selecionados de Quasar Perfumaria na compra de 5 ou mais unidades.
Revendedor Esmeralda: 12% de Lucro Extra em Itens Selecionados de Quasar Perfumaria na compra de 5 ou mais unidades.
Revendedor Ouro: 10% de Lucro Extra em Itens Selecionados de Quasar Perfumaria na compra de 3 ou mais unidades.
Revendedor Platina: 10% de Lucro Extra em Itens Selecionados de Quasar Perfumaria na compra de 3 ou mais unidades.
Revendedor Bronze: 8% de Lucro Extra em Itens Selecionados de Quasar Perfumaria na compra de 2 ou mais unidades.
Revendedor Prata: 8% de Lucro Extra em Itens Selecionados de Quasar Perfumaria na compra de 2 ou mais unidades.
Revendedor Cobre: 8% de Lucro Extra em Itens Selecionados de Quasar Perfumaria na compra de 2 ou mais unidades.";;;;;Não;Não;Não;Não;Não;Não;Não;Não;8;0;7;0;12;13;15;17;Não;Não;;Não;0;44;49.07;12;Não
13629;C;;50662;QUASAR DES COL VISION 100ml;PERFUMARIA;PERFUMARIA MASCULINA;;;0;13;19;4;46;1;4;27;0;6;2;3;2;1;8;1;2;1;3;21;3;21;"21.0
15.0
12.0
12.0
10.0
10.0
8.0
8.0
8.0";"Franqueado: ressarcimento via BSO. Consumidor/Revendedor: Itens selecionados de Quasar (Vision e Rush) com até 25% de desconto.
Revendedor Diamante: 15% de Lucro Extra em Itens Selecionados de Quasar Perfumaria na compra de 15 ou mais unidades.
Revendedor Rubi: 12% de Lucro Extra em Itens Selecionados de Quasar Perfumaria na compra de 5 ou mais unidades.
Revendedor Esmeralda: 12% de Lucro Extra em Itens Selecionados de Quasar Perfumaria na compra de 5 ou mais unidades.
Revendedor Ouro: 10% de Lucro Extra em Itens Selecionados de Quasar Perfumaria na compra de 3 ou mais unidades.
Revendedor Platina: 10% de Lucro Extra em Itens Selecionados de Quasar Perfumaria na compra de 3 ou mais unidades.
Revendedor Bronze: 8% de Lucro Extra em Itens Selecionados de Quasar Perfumaria na compra de 2 ou mais unidades.
Revendedor Prata: 8% de Lucro Extra em Itens Selecionados de Quasar Perfumaria na compra de 2 ou mais unidades.
Revendedor Cobre: 8% de Lucro Extra em Itens Selecionados de Quasar Perfumaria na compra de 2 ou mais unidades.";"21.0
15.0
12.0
12.0
10.0
10.0
8.0
8.0
8.0";"Franqueado: ressarcimento via BSO. Consumidor/Revendedor: Itens selecionados de Quasar (Vision e Rush) com até 25% de desconto.
Revendedor Diamante: 15% de Lucro Extra em Itens Selecionados de Quasar Perfumaria na compra de 15 ou mais unidades.
Revendedor Rubi: 12% de Lucro Extra em Itens Selecionados de Quasar Perfumaria na compra de 5 ou mais unidades.
Revendedor Esmeralda: 12% de Lucro Extra em Itens Selecionados de Quasar Perfumaria na compra de 5 ou mais unidades.
Revendedor Ouro: 10% de Lucro Extra em Itens Selecionados de Quasar Perfumaria na compra de 3 ou mais unidades.
Revendedor Platina: 10% de Lucro Extra em Itens Selecionados de Quasar Perfumaria na compra de 3 ou mais unidades.
Revendedor Bronze: 8% de Lucro Extra em Itens Selecionados de Quasar Perfumaria na compra de 2 ou mais unidades.
Revendedor Prata: 8% de Lucro Extra em Itens Selecionados de Quasar Perfumaria na compra de 2 ou mais unidades.
Revendedor Cobre: 8% de Lucro Extra em Itens Selecionados de Quasar Perfumaria na compra de 2 ou mais unidades.";;;30.0;Franqueado: ressarcimento via BSO. Consumidor/Revendedor: Itens selecionados com até 50% de desconto - Iscas Estratégicas.;Não;Não;Não;Não;Não;Não;Não;Não;90;0;19;0;0;0;0;0;Não;Não;;Não;0;44;46.8;0;Não
13629;C;;51108;QUASAR SHW GEL CAB/CPO BLUE V3 200g;SABONETE CORPO;MULTIFUNCIONAL;;202617;0;0;1;0;0;0;0;1;0;0;1;0;0;0;0;0;0;0;;1;1;1;;;;;20.0;Itens selecionados com até 40% de lucro extra.;;;Não;Não;Não;Não;Não;Não;Não;Não;0;0;;0;0;0;0;0;Não;Sim;;Não;0;48;15.48;0;Não
13629;C;;51806;REF BOTI BABY COND 350ml;INFANTIL;CABELOS;;;3;1;2;3;5;4;1;4;7;3;4;2;1;6;3;0;2;0;19;3;2;3;;;;;;;;;Não;Não;Não;Não;Não;Não;Não;Não;1;0;5;2;3;3;5;8;Sim;Não;Crítico;Não;0;35;15.37;3;Não
13629;C;;52040;REF BOTI BABY LOC HID CPO 350ml;INFANTIL;CUIDADOS COM O CORPO;;;5;2;7;4;10;2;3;5;8;5;6;6;5;2;3;0;0;0;52;5;4;5;;;;;;;20.0;Itens selecionados com até 60% de lucro extra.;Não;Não;Não;Não;Não;Não;Não;Não;0;0;8;5;4;4;8;13;Sim;Não;Crítico;Não;0;35;19.63;4;Não
13629;C;;52024;REF BOTI BABY SAB LIQ GLIC 350ml;INFANTIL;SABONETES;;;5;8;7;5;7;6;2;7;7;7;3;4;5;0;3;4;6;0;6;5;4;5;;;;;;;;;Não;Não;Não;Não;Não;Não;Não;Não;0;0;8;5;4;4;8;13;Sim;Não;Crítico;Não;0;35;16.06;4;Não
13629;C;;52021;REF BOTI BABY SHAMP 350ml;INFANTIL;CABELOS;;;4;5;2;3;11;3;1;7;10;6;3;4;4;9;1;2;0;0;27;4;4;5;;;;;;;;;Não;Não;Não;Não;Não;Não;Não;Não;0;0;7;5;3;3;7;12;Sim;Não;Crítico;Não;0;35;15.22;3;Não
13629;C;;87483;REF BOTIK CR FAC FIRM AC/HIAL V2 40g;CUIDADOS FACIAIS;HIDRATANTES E TRATAMENTOS;;;1;1;3;1;0;1;0;1;3;1;1;0;1;3;2;1;2;0;6;2;2;8;;;;;;;30.0;Franqueado: ressarcimento via BSO. Consumidor/Revendedor: Itens selecionados com até 60% de desconto - Iscas Estratégicas.;Não;Não;Não;Não;Não;Não;Não;Não;16;0;6;0;0;0;0;1;Não;Não;;Não;0;70;33.28;0;Não
13629;C;;94197;REF BOTIK GEL CR FAC FIR AC/HIAL V3 40g;CUIDADOS FACIAIS;HIDRATANTES E TRATAMENTOS;;;0;0;2;1;0;0;0;0;1;0;1;1;0;0;3;2;0;0;27;1;1;2;;;;;;;;;Não;Não;Não;Não;Não;Não;Não;Não;6;0;2;0;0;0;0;0;Sim;Não;Crítico;Não;0;70;33.28;0;Não
13629;C;;87599;REF BOTIK MASC FAC RE/NOT AC/GLIC V2 40g;CUIDADOS FACIAIS;HIDRATANTES E TRATAMENTOS;;;0;0;0;1;0;1;0;0;0;0;1;0;0;4;0;0;0;1;2;1;1;1;"50.0
25.0";"Franqueado: Ressarcimento via BSO. Consumidor/Revendedor: Itens selecionados com até 60% de desconto.
Revendedor Rubi/Esmeralda/Diamante: Compre 50 a 99 itens selecionados de Eudora ou Boti/QDB e tenha 15% LE Boti/QDB e 10,20% LE Eudora. Compre 100 a 199 itens selecionados de Eudora ou Boti/QDB e tenha 20% LE Boti/QDB e 13,6% LE Eudora. Compre 200 ou mais itens selecionados de Eudora ou Boti/QDB e tenha 25% LE Boti/QDB e 17% LE Eudora.";"50.0
25.0";"Franqueado: Ressarcimento via BSO. Consumidor/Revendedor: Itens selecionados com até 60% de desconto.
Revendedor Rubi/Esmeralda/Diamante: Compre 50 a 99 itens selecionados de Eudora ou Boti/QDB e tenha 15% LE Boti/QDB e 10,20% LE Eudora. Compre 100 a 199 itens selecionados de Eudora ou Boti/QDB e tenha 20% LE Boti/QDB e 13,6% LE Eudora. Compre 200 ou mais itens selecionados de Eudora ou Boti/QDB e tenha 25% LE Boti/QDB e 17% LE Eudora.";;;30.0;Franqueado: ressarcimento via BSO. Consumidor/Revendedor: Itens selecionados com até 60% de desconto - Iscas Exaustão.;Não;Não;Não;Não;Não;Não;Não;Não;29;0;2;0;0;0;0;0;Não;Não;;Não;0;70;33.63;0;Não
13629;C;;87030;REF BOTIK SRUM FAC ALT/POT AC/HIAL 30ml;CUIDADOS FACIAIS;HIDRATANTES E TRATAMENTOS;;;1;0;0;0;0;0;1;0;0;0;1;1;0;0;0;0;0;0;114;1;1;8;;;;;;;30.0;Franqueado: ressarcimento via BSO. Consumidor/Revendedor: Itens selecionados com até 60% de desconto - Iscas Estratégicas.;Não;Não;Não;Não;Não;Não;Não;Não;4;0;5;0;1;1;2;10;Não;Não;;Não;0;70;38.41;1;Não
13629;C;;87031;REF BOTIK SRUM FAC ALT/POT VITAM C 30ml;CUIDADOS FACIAIS;HIDRATANTES E TRATAMENTOS;;;0;1;4;0;0;1;0;2;0;0;0;0;0;0;0;0;1;0;16;1;1;1;10.0;10% de Lucro Extra em 2 ou mais unidades de itens selecionados de cuidados faciais das famílias Vitamina C e Retinol.;10.0;10% de Lucro Extra em 2 ou mais unidades de itens selecionados de cuidados faciais das famílias Vitamina C e Retinol.;;;;;Não;Não;Não;Não;Não;Não;Não;Não;3;0;2;0;0;0;0;1;Não;Não;;Não;0;70;38.41;0;Não
13629;C;;86504;REF CASA 214 AROMAT VAR GARD/IMPER 250ml;HOME CARE;AROMATIZAÇÃO;;;0;0;0;12;0;1;3;1;0;1;1;1;0;0;1;0;1;0;24;1;1;1;;;;;;;14.0;Franqueado: ressarcimento via BSO. Consumidor/Revendedor: Itens selecionados com até 60% de desconto - Iscas Exaustão.;Não;Não;Não;Não;Não;Não;Não;Não;1;0;2;1;0;0;1;2;Não;Não;;Não;0;35;28.71;0;Não
13629;C;;86505;REF CASA 214 AROMAT VAR VAN/SUBLIM 250ml;HOME CARE;AROMATIZAÇÃO;;;0;0;0;17;2;1;1;1;0;1;1;2;0;0;2;0;0;0;55;1;1;1;;;;;;;;;Não;Não;Não;Não;Não;Não;Não;Não;1;0;2;1;0;0;1;2;Não;Não;;Não;0;35;28.71;0;Não
13629;C;;88340;REF CASA 214 SPR AROMAT VAN/SUBLIM 250ml;HOME CARE;AROMATIZAÇÃO;;;0;0;0;7;0;0;1;3;0;0;0;1;1;1;3;1;1;0;24;1;1;1;;;;;;;;;Não;Não;Não;Não;Não;Não;Não;Não;0;0;2;2;0;0;1;2;Não;Não;;Não;0;48;23.72;0;Não
13629;C;;53509;REF CBEM LOC DES H CPO SHOW BNH V2 350ml;CUIDADOS COM A PELE;CUIDADOS COM O CORPO;;;1;5;33;2;1;1;2;31;1;2;18;1;1;1;1;40;0;0;27;4;4;17;;;;;;;33.0;Franqueado: ressarcimento via BSO. Consumidor/Revendedor: Itens selecionados com até 50% de desconto - Iscas Exaustão;Não;Não;Não;Não;Não;Não;Não;Não;7;0;12;0;8;8;12;29;Não;Não;;Não;0;35;15.28;8;Não
13629;B;BB;85542;REF CBEM LOC DES HID CPO DEL V3 350ml;CUIDADOS COM A PELE;CUIDADOS COM O CORPO;;;23;30;226;120;28;69;30;100;42;41;28;39;16;39;21;35;32;36;2;104;27;26;"20.0
10.0";"Franqueado: Ressarcimento via BSO. Consumidor/Revendedor: Itens selecionados Cuide-se bem DELEITE com até 21% de desconto
Lucro Extra em itens selecionados de Cuide-se Bem Deleite de Corpo e Banho, de acordo com a quantidade comprada: 7% de Lucro Extra de 2 a 5 unidades, 10% em 6 ou mais unidades.";"20.0
10.0";"Franqueado: Ressarcimento via BSO. Consumidor/Revendedor: Itens selecionados Cuide-se bem DELEITE com até 21% de desconto
Lucro Extra em itens selecionados de Cuide-se Bem Deleite de Corpo e Banho, de acordo com a quantidade comprada: 7% de Lucro Extra de 2 a 5 unidades, 10% em 6 ou mais unidades.";;;;;Não;Não;Não;Não;Não;Não;Não;Não;398;0;52;0;0;0;0;0;Não;Não;;Não;0;35;15.28;0;Não
13629;E;;83212;REF CELEBRE DES COL FLOR FRUT FORC 100ml;PERFUMARIA;PERFUMARIA FEMININA;;;0;1;0;0;0;0;0;0;0;0;0;0;0;0;0;0;0;0;345;4;1;1;"30.0
15.0";"Franqueado: ressarcimento via BSO. Consumidor/Revendedor: Exaustão -  Itens selecionados de Celebre ( Refil Força Masc. e Fem.) com até 30% de desconto
Multiplique seus Lucros em Celebre Perfumarias Selecionadas de acordo com a quantidade comprada: 10% de Lucro Extra em 2 unidades e 15% de Lucro Extra em 4 ou mais unidades.";"30.0
15.0";"Franqueado: ressarcimento via BSO. Consumidor/Revendedor: Exaustão -  Itens selecionados de Celebre ( Refil Força Masc. e Fem.) com até 30% de desconto
Multiplique seus Lucros em Celebre Perfumarias Selecionadas de acordo com a quantidade comprada: 10% de Lucro Extra em 2 unidades e 15% de Lucro Extra em 4 ou mais unidades.";;;10.0;Itens selecionados com até 60% de lucro extra.;Não;Não;Não;Não;Não;Não;Não;Não;5;0;2;0;0;0;0;1;Não;Não;;Não;0;54;26.1;0;Não
13629;C;;83211;REF CELEBRE DES COL FOUG AROM FORC 100ml;PERFUMARIA;PERFUMARIA MASCULINA;;;0;0;0;0;0;3;1;1;1;0;0;0;0;0;0;0;0;0;174;1;1;1;"30.0
15.0";"Franqueado: ressarcimento via BSO. Consumidor/Revendedor: Exaustão -  Itens selecionados de Celebre ( Refil Força Masc. e Fem.) com até 30% de desconto
Multiplique seus Lucros em Celebre Perfumarias Selecionadas de acordo com a quantidade comprada: 10% de Lucro Extra em 2 unidades e 15% de Lucro Extra em 4 ou mais unidades.";"30.0
15.0";"Franqueado: ressarcimento via BSO. Consumidor/Revendedor: Exaustão -  Itens selecionados de Celebre ( Refil Força Masc. e Fem.) com até 30% de desconto
Multiplique seus Lucros em Celebre Perfumarias Selecionadas de acordo com a quantidade comprada: 10% de Lucro Extra em 2 unidades e 15% de Lucro Extra em 4 ou mais unidades.";;;20.0;Itens selecionados com até 60% de lucro extra.;Não;Não;Não;Não;Não;Não;Não;Não;1;0;2;0;1;1;2;3;Não;Não;;Não;0;54;26.1;1;Não
13629;C;;52589;REF ELYSEE CR DES HID ACET CP BLANC 200g;CUIDADOS COM A PELE;CUIDADOS COM O CORPO;;;12;9;27;4;0;1;0;0;0;0;0;0;0;1;0;0;23;4;3;7;6;61;;;;;;;40.0;Franqueado: ressarcimento via BSO. Consumidor/Revendedor: Itens selecionados com até 50% de desconto - Iscas Exaustão.;Não;Não;Não;Não;Não;Não;Não;Não;51;2;34;40;0;0;0;14;Não;Não;;Não;0;40;25.97;0;Não
13629;B;BB;85797;REF ELYSEE CR DES HID ACET CPO V2 200g;CUIDADOS COM A PELE;CUIDADOS COM O CORPO;;;14;24;45;8;8;16;129;12;12;24;83;15;7;11;13;12;13;0;6;8;8;94;;;;;;;30.0;Franqueado: ressarcimento via BSO. Consumidor/Revendedor: Itens selecionados com até 60% de desconto - Iscas Estratégicas.;Não;Não;Não;Não;Não;Não;Não;Não;0;8;60;40;18;18;26;120;Não;Não;;Não;0;40;31.81;18;Não
13629;E;;51453;REF FLORATTA DES BDY SPR S/LOVE 100ml V2;DESODORANTES;DESODORANTE FEMININO;;;0;0;0;0;0;6;0;0;0;0;0;0;0;0;0;0;0;0;236;1;1;2;;;;;;;39.0;Franqueado: ressarcimento via BSO. Consumidor/Revendedor: Itens selecionados com até 50% de desconto - Iscas Exaustão.;Não;Não;Não;Não;Não;Não;Não;Não;0;0;2;0;1;2;3;5;Sim;Não;Crítico;Não;0;85;11.66;1;Não
13629;C;;84255;REF GLAMOUR DES COL 75ml;PERFUMARIA;PERFUMARIA FEMININA;;;3;2;0;0;4;0;0;0;0;3;0;0;0;0;1;0;0;0;60;5;1;1;"16.0
10.0";"Franqueado: Ressarcimento via BSO. Consumidor/Revendedor: Itens selecionados de Glamour (Regular, Refil Regular e Diva) com até 17% de desconto.
10% em 2 ou mais unidades na compra de itens selecionados da Perfumaria de Glamour. Mecânica exclusiva para compras no Espaço do Revendedor.";"16.0
10.0";"Franqueado: Ressarcimento via BSO. Consumidor/Revendedor: Itens selecionados de Glamour (Regular, Refil Regular e Diva) com até 17% de desconto.
10% em 2 ou mais unidades na compra de itens selecionados da Perfumaria de Glamour. Mecânica exclusiva para compras no Espaço do Revendedor.";;;20.0;Itens selecionados com até 60% de lucro extra.;Não;Não;Não;Não;Não;Não;Não;Não;3;0;3;0;3;3;4;5;Não;Não;;Não;0;54;41.1;3;Não
13629;C;;84260;REF GLAMOUR DES COL SEC BL 75ml;PERFUMARIA;PERFUMARIA FEMININA;;;1;0;0;3;0;4;2;4;0;3;1;1;2;5;1;2;1;1;4;2;2;9;;;;;;;24.0;Franqueado: ressarcimento via BSO. Consumidor/Revendedor: Itens selecionados com até 50% de desconto - Iscas Estratégicas.;Não;Não;Não;Não;Não;Não;Não;Não;0;0;6;3;3;3;5;14;Não;Não;;Não;0;54;41.09;3;Não
13629;B;BB;80849;REF LILY CR AC HID DES CPO LUMIERE 250g;CUIDADOS COM A PELE;CUIDADOS COM O CORPO;;;28;5;8;7;58;6;6;7;8;38;6;4;45;3;14;20;5;9;3;30;15;10;28.0;Franqueado: Ressarcimento via BSO. Consumidor/Revendedor: Compre Lily acetinados selecionados e leve o Refil por R$ 29,90 - De R$249,8 por R$179,8 (COMPOSIÇÃO OBRIGATÓRIA: 1 POTE + 1 REFIL) - Com 28,022418% de desconto.;28.0;Franqueado: Ressarcimento via BSO. Consumidor/Revendedor: Compre Lily acetinados selecionados e leve o Refil por R$ 29,90 - De R$249,8 por R$179,8 (COMPOSIÇÃO OBRIGATÓRIA: 1 POTE + 1 REFIL) - Com 28,022418% de desconto.;"10.0
0.0";"Compre itens selecionados e ganhe até 35% de lucro extra.
Ao realizar um pedido mínimo e aplicar o cupom ""INICIOS"", ganhe 1 Refil Creme Acetinado Hidratante Desodorante Corporal Lily Lumière 250g (80849). Limitado a 1 unidade por CPF.";;;Não;Não;Não;Não;Não;Não;Não;Não;14;0;20;2;26;27;42;52;Não;Não;;Não;0;40;25.98;26;Não
13629;A;;94758;REF LILY CR ACET DES HID CPO 200g;CUIDADOS COM A PELE;CUIDADOS COM O CORPO;;;939;80;121;105;340;42;112;112;134;848;2;34;308;43;104;58;66;123;1;39;25;15;28.0;Franqueado: Ressarcimento via BSO. Consumidor/Revendedor: Compre Lily acetinados selecionados e leve o Refil por R$ 29,90 - De R$249,8 por R$179,8 (COMPOSIÇÃO OBRIGATÓRIA: 1 POTE + 1 REFIL) - Com 28,022418% de desconto.;28.0;Franqueado: Ressarcimento via BSO. Consumidor/Revendedor: Compre Lily acetinados selecionados e leve o Refil por R$ 29,90 - De R$249,8 por R$179,8 (COMPOSIÇÃO OBRIGATÓRIA: 1 POTE + 1 REFIL) - Com 28,022418% de desconto.;;;;;Não;Não;Não;Não;Não;Não;Não;Não;377;0;51;0;0;0;0;0;Não;Não;;Não;0;40;25.98;0;Não
13629;E;;94759;REF LILY CR ACET DES HID CPO ABSOLU 200g;CUIDADOS COM A PELE;CUIDADOS COM O CORPO;;;0;0;0;0;0;0;0;0;0;0;0;0;0;0;0;0;0;0;0;9;2;2;28.0;Franqueado: Ressarcimento via BSO. Consumidor/Revendedor: Compre Lily acetinados selecionados e leve o Refil por R$ 29,90 - De R$249,8 por R$179,8 (COMPOSIÇÃO OBRIGATÓRIA: 1 POTE + 1 REFIL) - Com 28,022418% de desconto.;28.0;Franqueado: Ressarcimento via BSO. Consumidor/Revendedor: Compre Lily acetinados selecionados e leve o Refil por R$ 29,90 - De R$249,8 por R$179,8 (COMPOSIÇÃO OBRIGATÓRIA: 1 POTE + 1 REFIL) - Com 28,022418% de desconto.;;;;;Não;Não;Não;Não;Não;Não;Não;Não;0;0;4;0;6;7;9;11;Sim;Não;Crítico;Não;0;40;25.98;6;Não
13629;E;;94761;REF LILY CR ACET DES HID CPO LUMIER 200g;CUIDADOS COM A PELE;CUIDADOS COM O CORPO;;;0;0;0;0;0;0;0;0;0;0;0;0;0;0;0;0;0;0;0;9;2;6;28.0;Franqueado: Ressarcimento via BSO. Consumidor/Revendedor: Compre Lily acetinados selecionados e leve o Refil por R$ 29,90 - De R$249,8 por R$179,8 (COMPOSIÇÃO OBRIGATÓRIA: 1 POTE + 1 REFIL) - Com 28,022418% de desconto.;28.0;Franqueado: Ressarcimento via BSO. Consumidor/Revendedor: Compre Lily acetinados selecionados e leve o Refil por R$ 29,90 - De R$249,8 por R$179,8 (COMPOSIÇÃO OBRIGATÓRIA: 1 POTE + 1 REFIL) - Com 28,022418% de desconto.;;;;;Não;Não;Não;Não;Não;Não;Não;Não;0;0;4;0;7;7;9;15;Sim;Não;Crítico;Não;0;40;25.98;7;Não
13629;C;;77689;REF LILY CR HID DES ACET CPO ABSOLU 250g;CUIDADOS COM A PELE;CUIDADOS COM O CORPO;;;18;4;6;2;11;2;1;2;0;3;0;4;7;1;4;1;1;0;16;16;2;4;28.0;Franqueado: Ressarcimento via BSO. Consumidor/Revendedor: Compre Lily acetinados selecionados e leve o Refil por R$ 29,90 - De R$249,8 por R$179,8 (COMPOSIÇÃO OBRIGATÓRIA: 1 POTE + 1 REFIL) - Com 28,022418% de desconto.;28.0;Franqueado: Ressarcimento via BSO. Consumidor/Revendedor: Compre Lily acetinados selecionados e leve o Refil por R$ 29,90 - De R$249,8 por R$179,8 (COMPOSIÇÃO OBRIGATÓRIA: 1 POTE + 1 REFIL) - Com 28,022418% de desconto.;;;20.0;Itens selecionados com até 60% de lucro extra.;Não;Não;Não;Não;Não;Não;Não;Não;4;0;7;0;12;13;15;19;Não;Não;;Não;0;40;25.98;12;Não
13629;C;;84705;REF MALBEC DES COL 100ml;PERFUMARIA;PERFUMARIA MASCULINA;;;0;0;0;1;0;2;0;0;1;14;0;1;0;3;0;0;0;0;82;1;1;15;;;;;;;25.0;Franqueado: ressarcimento via BSO. Consumidor/Revendedor: Itens selecionados com até 60% de desconto - Iscas Estratégicas.;Não;Não;Não;Não;Não;Não;Não;Não;26;0;8;0;0;0;0;0;Não;Não;;Não;0;54;50.7;0;Não
13629;C;;83140;REF MATCH COND HID/BRLH 250ml;CABELOS;CONDICIONADOR;;;9;1;1;3;0;0;0;0;1;0;0;0;0;0;0;0;0;0;172;7;0;0;"20.0
15.0";"Franqueado: Ressarcimento via BSO. Consumidor/Revendedor: Itens selecionados de Match com até 20% de desconto.
Compre itens de CABELOS selecionados da linha MATCH , no mesmo pedido, e ganhe lucro progressivo de acordo com a quantidade: 2 itens: 10% LE, 3 ou mais itens: 15% LE.";"20.0
15.0";"Franqueado: Ressarcimento via BSO. Consumidor/Revendedor: Itens selecionados de Match com até 20% de desconto.
Compre itens de CABELOS selecionados da linha MATCH , no mesmo pedido, e ganhe lucro progressivo de acordo com a quantidade: 2 itens: 10% LE, 3 ou mais itens: 15% LE.";;;30.0;Itens selecionados com até 60% de lucro extra.;Não;Não;Não;Não;Não;Não;Não;Não;0;0;12;1;13;13;21;21;Sim;Não;Crítico;Não;0;40;11.26;13;Não
13629;C;;85548;REF MATCH COND NUTR/PROF V2 250ml;CABELOS;CONDICIONADOR;;;43;1;6;1;12;1;0;0;0;0;0;0;0;0;0;0;1;0;10;2;6;2;;;;;"20.0
15.0";"Franqueado: Ressarcimento via BSO. Revendedor: Itens selecionados de Match  (Refis) com até 20% de desconto.
Compre itens de CABELOS selecionados da linha MATCH , no mesmo pedido, e ganhe lucro progressivo de acordo com a quantidade: 2 itens: 10% LE, 3 ou mais itens: 15% LE.";;;Não;Não;Não;Não;Não;Não;Não;Não;3;0;6;1;3;3;9;11;Não;Não;;Não;0;40;11.25;3;Não
13629;C;;86669;REF MATCH CR PENT CRES CIEN/CUR V2 400ml;CABELOS;FINALIZADOR;;;9;1;4;0;1;0;0;0;0;0;0;0;0;0;0;0;2;0;6;1;1;3;;;;;;;35.0;A cada duas unidades ganhe 35% de lucro extra em itens selecionados. Válido entre os dias 16/11/2026 e 18/11/2026.;Não;Não;Não;Não;Não;Não;Não;Não;0;0;3;2;1;1;2;5;Não;Não;;Não;0;35;13.7;1;Não
13629;E;;84743;REF MATCH MASC CAP NUTR/PROF V2 250ml;CABELOS;TRATAMENTO CABELOS;;;0;0;0;0;2;0;0;0;0;0;0;0;0;0;0;0;0;0;257;1;3;3;;;;;"30.0
15.0";"Franqueado: Ressarcimento via BSO. Revendedor: Itens selecionados de Match  (Refis) com até 20% de desconto.
Compre itens de CABELOS selecionados da linha MATCH , no mesmo pedido, e ganhe lucro progressivo de acordo com a quantidade: 2 itens: 10% LE, 3 ou mais itens: 15% LE.";35.0;A cada duas unidades ganhe 35% de lucro extra em itens selecionados. Válido entre os dias 16/11/2026 e 18/11/2026.;Não;Não;Não;Sim;Não;Não;Não;Não;0;0;3;0;3;3;6;9;Não;Não;;Não;0;40;17.74;3;Não
13629;C;;83156;REF MATCH SHAMP HID/BRLH 250ml;CABELOS;SHAMPOO/PRÉ-SHAMPOO;;;3;2;4;3;0;0;0;0;1;0;0;0;0;0;0;0;0;0;172;8;0;0;"18.0
15.0";"Franqueado: Ressarcimento via BSO. Consumidor/Revendedor: Itens selecionados de Match com até 20% de desconto.
Compre itens de CABELOS selecionados da linha MATCH , no mesmo pedido, e ganhe lucro progressivo de acordo com a quantidade: 2 itens: 10% LE, 3 ou mais itens: 15% LE.";"18.0
15.0";"Franqueado: Ressarcimento via BSO. Consumidor/Revendedor: Itens selecionados de Match com até 20% de desconto.
Compre itens de CABELOS selecionados da linha MATCH , no mesmo pedido, e ganhe lucro progressivo de acordo com a quantidade: 2 itens: 10% LE, 3 ou mais itens: 15% LE.";;;;;Não;Não;Não;Não;Não;Não;Não;Não;0;0;13;1;15;15;24;24;Não;Não;;Não;0;40;10.95;15;Não
13629;C;;59824;REF NSPA CR PERF DES CPO ORQ/LUM 350ml;CUIDADOS COM A PELE;CUIDADOS COM O CORPO;;;0;162;27;67;11;10;62;11;9;14;8;16;7;4;6;8;6;1;5;3;8;40;;;;;14.0;Franqueado: Ressarcimento via BSO. Revendedor: Itens selecionados NATIVA SPA - SABONETE CORPO e CUIDADOS COM A PELE com até 15% de desconto.;;;Não;Não;Não;Não;Não;Não;Não;Não;269;0;29;0;0;0;0;0;Não;Não;;Não;0;35;16.19;0;Não
13629;E;;95797;REF NSPA CR PERF DES HID CP AM/INT 350ml;CUIDADOS COM A PELE;CUIDADOS COM O CORPO;202613;;0;0;0;0;0;0;0;0;0;0;0;0;0;0;0;0;140;4;2;17;12;16;;;;;;;;;Não;Não;Não;Não;Não;Não;Não;Não;205;0;13;0;0;0;0;0;Não;Não;;Não;0;35;16.19;0;Não
13629;B;BB;89420;REF NSPA LOC DES H CP ORQ/NOIRE V2 350ml;CUIDADOS COM A PELE;CUIDADOS COM O CORPO;;;15;13;88;76;17;10;11;25;19;24;10;27;11;8;5;83;4;2;1;14;37;100;;;;;14.0;Franqueado: Ressarcimento via BSO. Revendedor: Itens selecionados NATIVA SPA - SABONETE CORPO e CUIDADOS COM A PELE com até 15% de desconto.;;;Não;Não;Não;Não;Não;Não;Não;Não;25;15;80;0;51;50;87;187;Não;Não;;Não;0;35;16.19;51;Não
13629;B;BB;58980;REF NSPA LOC DES HID CP UVA MERLOT 350ml;CUIDADOS COM A PELE;CUIDADOS COM O CORPO;;;18;21;107;68;6;14;12;40;29;119;14;20;3;10;11;14;6;3;3;12;28;92;0.0;"Ao realizar um pedido mínimo e aplicar o cupom ""INICIOS"", ganhe 1 Refil Loção Nutritiva Desodorante Nativa Spa Uva Merlot 350ml (58980). Limitado a 1 unidade por CPF.";0.0;"Ao realizar um pedido mínimo e aplicar o cupom ""INICIOS"", ganhe 1 Refil Loção Nutritiva Desodorante Nativa Spa Uva Merlot 350ml (58980). Limitado a 1 unidade por CPF.";"35.0
30.0";"A cada duas unidades ganhe 35% de lucro extra em itens selecionados. Válido entre os dias 19/10/26 e 21/10/26.
Franqueado: Ressarcimento via BSO. Consumidor/Revendedor: Itens selecionados com até 50% de desconto.";30.0;Franqueado: ressarcimento via BSO. Consumidor/Revendedor: Itens selecionados com até 60% de desconto - Iscas Estratégicas.;Não;Não;Não;Não;Não;Não;Não;Não;229;0;60;0;0;0;0;0;Não;Não;;Não;0;35;16.19;0;Não
13629;B;BA;59516;REF NSPA LOC DES HID CPO AMEI/NEG 350ml;CUIDADOS COM A PELE;CUIDADOS COM O CORPO;;;50;52;145;68;299;49;50;338;71;153;161;60;27;28;37;50;27;27;2;67;53;486;"20.0
12.0";"Franqueado: Ressarcimento via BSO. Consumidor/Revendedor: 20% de desconto em refis de Nativa Spa (Ameixa e Ameixa Negra) a partir de 1 unidade.
Franqueado: Ressarcimento via BSO. Consumidor/Revendedor: Progressiva de refis de Nativa Spa (Ameixa e Ameixa Negra) 2 itens 25% de desconto (6,25% adicional), 3 itens 30% de desconto (12,50% adicional)";"20.0
12.0";"Franqueado: Ressarcimento via BSO. Consumidor/Revendedor: 20% de desconto em refis de Nativa Spa (Ameixa e Ameixa Negra) a partir de 1 unidade.
Franqueado: Ressarcimento via BSO. Consumidor/Revendedor: Progressiva de refis de Nativa Spa (Ameixa e Ameixa Negra) 2 itens 25% de desconto (6,25% adicional), 3 itens 30% de desconto (12,50% adicional)";10.0;Compre itens selecionados e ganhe até 35% de lucro extra.;30.0;Franqueado: ressarcimento via BSO. Consumidor/Revendedor: Itens selecionados com até 60% de desconto - Iscas Estratégicas.;Não;Não;Não;Não;Não;Não;Não;Não;139;0;304;0;216;218;271;757;Não;Não;;Não;0;35;19.19;216;Não
13629;B;BA;59517;REF NSPA LOC DES HID CPO AMEIXA 350ml;CUIDADOS COM A PELE;CUIDADOS COM O CORPO;;;91;14;100;26;22;178;29;31;34;114;144;47;10;17;25;412;7;29;2;63;43;56;"20.0
12.0";"Franqueado: Ressarcimento via BSO. Consumidor/Revendedor: 20% de desconto em refis de Nativa Spa (Ameixa e Ameixa Negra) a partir de 1 unidade.
Franqueado: Ressarcimento via BSO. Consumidor/Revendedor: Progressiva de refis de Nativa Spa (Ameixa e Ameixa Negra) 2 itens 25% de desconto (6,25% adicional), 3 itens 30% de desconto (12,50% adicional)";"20.0
12.0";"Franqueado: Ressarcimento via BSO. Consumidor/Revendedor: 20% de desconto em refis de Nativa Spa (Ameixa e Ameixa Negra) a partir de 1 unidade.
Franqueado: Ressarcimento via BSO. Consumidor/Revendedor: Progressiva de refis de Nativa Spa (Ameixa e Ameixa Negra) 2 itens 25% de desconto (6,25% adicional), 3 itens 30% de desconto (12,50% adicional)";;;;;Não;Não;Não;Não;Não;Não;Não;Não;95;0;92;35;9;11;54;110;Não;Não;;Não;0;35;19.19;9;Não
13629;C;;53347;REF NSPA LOC DES HID CPO LILAC 350ml;CUIDADOS COM A PELE;CUIDADOS COM O CORPO;;;13;4;21;3;3;4;0;1;1;0;0;0;0;0;0;0;4;0;13;4;6;72;;;;;30.0;Franqueado: Ressarcimento via BSO. Consumidor/Revendedor: Itens selecionados com até 50% de desconto.;30.0;Franqueado: ressarcimento via BSO. Consumidor/Revendedor: Itens selecionados com até 60% de desconto - Iscas Estratégicas.;Não;Não;Não;Não;Não;Não;Não;Não;0;0;45;4;42;42;48;120;Não;Não;;Não;0;35;19.19;42;Não
13629;B;BB;59518;REF NSPA LOC FIRM DES HID CPO QUIN 350ml;CUIDADOS COM A PELE;CUIDADOS COM O CORPO;;;16;2;0;0;0;13;72;15;24;31;12;29;13;10;12;15;18;0;9;14;27;56;;;;;;;14.0;Franqueado: ressarcimento via BSO. Consumidor/Revendedor: Itens selecionados com até 60% de desconto - Iscas Estratégicas.;Não;Não;Não;Não;Não;Não;Não;Não;0;0;55;23;38;37;64;120;Sim;Não;Crítico;Não;0;35;16.19;38;Não
13629;C;;85052;REF NSPA OL GLOR D H CPO AMEIX/NEG 150ml;ÓLEOS;CUIDADOS COM O CORPO;;;0;0;43;4;9;0;3;16;3;4;3;7;9;4;6;2;3;0;17;3;4;8;25.0;Compre itens selecionados de Cuidados, Óleos, Sabonetes, Desodorantes e ganhe lucro extra de até 35%.;25.0;Compre itens selecionados de Cuidados, Óleos, Sabonetes, Desodorantes e ganhe lucro extra de até 35%.;25.0;Compre itens selecionados de Cuidados, Óleos, Desodorantes e ganhe lucro extra de até 35%.;30.0;Franqueado: ressarcimento via BSO. Consumidor/Revendedor: Itens selecionados com até 50% de desconto - Iscas Estratégicas.;Não;Não;Não;Não;Não;Não;Não;Não;9;0;9;0;2;2;6;14;Não;Não;;Não;0;52;23.19;2;Não
13629;C;;85051;REF NSPA OL GLOR D H CPO AMEIXA 150ml;ÓLEOS;CUIDADOS COM O CORPO;;;0;0;39;1;1;1;7;3;7;8;4;30;3;6;2;4;5;0;9;3;4;10;25.0;Compre itens selecionados de Cuidados, Óleos, Sabonetes, Desodorantes e ganhe lucro extra de até 35%.;25.0;Compre itens selecionados de Cuidados, Óleos, Sabonetes, Desodorantes e ganhe lucro extra de até 35%.;25.0;Compre itens selecionados de Cuidados, Óleos, Desodorantes e ganhe lucro extra de até 35%.;30.0;Franqueado: ressarcimento via BSO. Consumidor/Revendedor: Itens selecionados com até 50% de desconto - Iscas Estratégicas.;Não;Não;Não;Não;Não;Não;Não;Não;32;0;10;0;0;0;0;0;Não;Não;;Não;0;52;23.19;0;Não
13629;C;;85058;REF NSPA OL GLOR D H CPO AMEN/QUIN 150ml;ÓLEOS;CUIDADOS COM O CORPO;;;0;0;17;0;0;0;1;0;2;2;4;3;0;0;0;0;2;0;13;2;3;12;;;;;35.0;A cada duas unidades ganhe 35% de lucro extra em itens selecionados. Válido entre os dias 19/10/26 e 21/10/26.;20.0;Itens selecionados com até 60% de lucro extra.;Não;Não;Não;Não;Não;Não;Não;Não;0;0;10;2;8;8;11;23;Não;Não;;Não;0;52;23.19;8;Não
13629;C;;86758;REF NSPA SAB LIQ CPO AMEI/NEGRA V2 200ml;SABONETE CORPO;CORPO;;;3;8;12;12;9;2;1;3;2;6;4;0;0;0;0;0;0;0;137;3;4;4;;;;;;;;;Não;Não;Não;Não;Não;Não;Não;Não;0;0;7;4;3;3;7;11;Sim;Não;Crítico;Não;0;40;13.11;3;Não
13629;C;;86759;REF NSPA SAB LIQ PERF AMEIXA V2 200ml;SABONETE CORPO;CORPO;;;4;2;6;8;5;20;0;4;7;6;12;1;6;2;0;1;4;0;18;6;5;4;30.0;Itens selecionados com até 55% de lucro extra.;30.0;Itens selecionados com até 55% de lucro extra.;;;;;Não;Não;Não;Não;Não;Não;Não;Não;0;0;8;6;3;4;9;13;Não;Não;;Não;0;40;13.11;3;Não
13629;C;;48790;REFIL MALBEC DES BDY SPR REG 100ml PK V5;DESODORANTES;DESODORANTE MASCULINO;;;0;7;11;4;3;14;11;2;4;14;5;3;0;0;10;7;0;0;38;7;7;10;;;;;;;;;Não;Não;Não;Não;Não;Não;Não;Não;5;0;14;5;9;9;16;26;Sim;Não;Crítico;Não;0;85;10.16;9;Não
13629;E;;88508;SOPHIE BALM LAB TOY STORY LACADA BRLH 3g;INFANTIL;MAQUIAGEM;202614;;0;0;0;0;0;0;0;0;0;0;0;0;0;0;0;0;0;143;2;48;2;2;"16.0
15.0
10.0";"Franqueado: ressarcimento via BSO. Consumidor/Revendedor: Progressiva de itens selecionados de infantil (incluindo os lançamentos: Dr. Botica Porção da Diversão, Next Toy Story e Sophie Pixar). Na compra de 2 itens: 15% (desconto adicional 5,56%) 3 ou mais: 25% (desconto adicional 16,67%).
Revendedor: compre itens selecionados da linha SOPHIE e QUASAR NEXT, no mesmo pedido, e ganhe lucro progressivo de acordo com a quantidade: 2 itens ganhe 10% de lucro extra, 3 ou mais itens, ganhe 15% de lucro extra.
Franqueado: ressarcimento via BSO. Consumidor/Revendedor: Compre itens selecionados de infantil (incluindo os lançamentos: Dr. Botica Porção da Diversão, Next Toy Story e Sophie Pixar) e ganhe 10% de desconto direto a partir da primeira unidade.";"16.0
15.0
10.0";"Franqueado: ressarcimento via BSO. Consumidor/Revendedor: Progressiva de itens selecionados de infantil (incluindo os lançamentos: Dr. Botica Porção da Diversão, Next Toy Story e Sophie Pixar). Na compra de 2 itens: 15% (desconto adicional 5,56%) 3 ou mais: 25% (desconto adicional 16,67%).
Revendedor: compre itens selecionados da linha SOPHIE e QUASAR NEXT, no mesmo pedido, e ganhe lucro progressivo de acordo com a quantidade: 2 itens ganhe 10% de lucro extra, 3 ou mais itens, ganhe 15% de lucro extra.
Franqueado: ressarcimento via BSO. Consumidor/Revendedor: Compre itens selecionados de infantil (incluindo os lançamentos: Dr. Botica Porção da Diversão, Next Toy Story e Sophie Pixar) e ganhe 10% de desconto direto a partir da primeira unidade.";;;;;Sim;Sim;Não;Não;Sim;Sim;Não;Não;1;0;7;0;23;25;27;29;Não;Não;;Não;0;144;14.88;23;Não
13629;C;;51500;SOPHIE COL CANDY 100ml V2;INFANTIL;PERFUMARIA;;;9;2;4;3;1;11;3;1;0;11;0;2;1;1;6;0;2;0;11;8;2;2;"16.0
15.0
10.0";"Franqueado: ressarcimento via BSO. Consumidor/Revendedor: Progressiva de itens selecionados de infantil (incluindo os lançamentos: Dr. Botica Porção da Diversão, Next Toy Story e Sophie Pixar). Na compra de 2 itens: 15% (desconto adicional 5,56%) 3 ou mais: 25% (desconto adicional 16,67%).
Revendedor: compre itens selecionados da linha SOPHIE e QUASAR NEXT, no mesmo pedido, e ganhe lucro progressivo de acordo com a quantidade: 2 itens ganhe 10% de lucro extra, 3 ou mais itens, ganhe 15% de lucro extra.
Franqueado: ressarcimento via BSO. Consumidor/Revendedor: Compre itens selecionados de infantil (incluindo os lançamentos: Dr. Botica Porção da Diversão, Next Toy Story e Sophie Pixar) e ganhe 10% de desconto direto a partir da primeira unidade.";"16.0
15.0
10.0";"Franqueado: ressarcimento via BSO. Consumidor/Revendedor: Progressiva de itens selecionados de infantil (incluindo os lançamentos: Dr. Botica Porção da Diversão, Next Toy Story e Sophie Pixar). Na compra de 2 itens: 15% (desconto adicional 5,56%) 3 ou mais: 25% (desconto adicional 16,67%).
Revendedor: compre itens selecionados da linha SOPHIE e QUASAR NEXT, no mesmo pedido, e ganhe lucro progressivo de acordo com a quantidade: 2 itens ganhe 10% de lucro extra, 3 ou mais itens, ganhe 15% de lucro extra.
Franqueado: ressarcimento via BSO. Consumidor/Revendedor: Compre itens selecionados de infantil (incluindo os lançamentos: Dr. Botica Porção da Diversão, Next Toy Story e Sophie Pixar) e ganhe 10% de desconto direto a partir da primeira unidade.";;;;;Sim;Sim;Não;Não;Não;Não;Não;Não;3;0;6;1;7;7;9;11;Não;Não;;Não;0;30;33.12;7;Não
13629;B;BB;70668;SOPHIE COL HELLO 100ml;INFANTIL;PERFUMARIA;;;16;5;34;8;5;19;3;7;6;20;4;12;3;4;29;4;9;9;4;17;5;7;"16.0
15.0
10.0";"Franqueado: ressarcimento via BSO. Consumidor/Revendedor: Progressiva de itens selecionados de infantil (incluindo os lançamentos: Dr. Botica Porção da Diversão, Next Toy Story e Sophie Pixar). Na compra de 2 itens: 15% (desconto adicional 5,56%) 3 ou mais: 25% (desconto adicional 16,67%).
Revendedor: compre itens selecionados da linha SOPHIE e QUASAR NEXT, no mesmo pedido, e ganhe lucro progressivo de acordo com a quantidade: 2 itens ganhe 10% de lucro extra, 3 ou mais itens, ganhe 15% de lucro extra.
Franqueado: ressarcimento via BSO. Consumidor/Revendedor: Compre itens selecionados de infantil (incluindo os lançamentos: Dr. Botica Porção da Diversão, Next Toy Story e Sophie Pixar) e ganhe 10% de desconto direto a partir da primeira unidade.";"16.0
15.0
10.0";"Franqueado: ressarcimento via BSO. Consumidor/Revendedor: Progressiva de itens selecionados de infantil (incluindo os lançamentos: Dr. Botica Porção da Diversão, Next Toy Story e Sophie Pixar). Na compra de 2 itens: 15% (desconto adicional 5,56%) 3 ou mais: 25% (desconto adicional 16,67%).
Revendedor: compre itens selecionados da linha SOPHIE e QUASAR NEXT, no mesmo pedido, e ganhe lucro progressivo de acordo com a quantidade: 2 itens ganhe 10% de lucro extra, 3 ou mais itens, ganhe 15% de lucro extra.
Franqueado: ressarcimento via BSO. Consumidor/Revendedor: Compre itens selecionados de infantil (incluindo os lançamentos: Dr. Botica Porção da Diversão, Next Toy Story e Sophie Pixar) e ganhe 10% de desconto direto a partir da primeira unidade.";;;;;Sim;Sim;Não;Não;Não;Não;Não;Não;1;8;14;14;3;4;9;16;Não;Não;;Não;0;30;32.78;3;Não
13629;C;;70669;SOPHIE COL LIKE 100ml;INFANTIL;PERFUMARIA;;;12;3;8;17;2;3;0;2;2;8;0;1;0;0;13;3;0;3;3;8;2;2;"16.0
15.0
10.0";"Franqueado: ressarcimento via BSO. Consumidor/Revendedor: Progressiva de itens selecionados de infantil (incluindo os lançamentos: Dr. Botica Porção da Diversão, Next Toy Story e Sophie Pixar). Na compra de 2 itens: 15% (desconto adicional 5,56%) 3 ou mais: 25% (desconto adicional 16,67%).
Revendedor: compre itens selecionados da linha SOPHIE e QUASAR NEXT, no mesmo pedido, e ganhe lucro progressivo de acordo com a quantidade: 2 itens ganhe 10% de lucro extra, 3 ou mais itens, ganhe 15% de lucro extra.
Franqueado: ressarcimento via BSO. Consumidor/Revendedor: Compre itens selecionados de infantil (incluindo os lançamentos: Dr. Botica Porção da Diversão, Next Toy Story e Sophie Pixar) e ganhe 10% de desconto direto a partir da primeira unidade.";"16.0
15.0
10.0";"Franqueado: ressarcimento via BSO. Consumidor/Revendedor: Progressiva de itens selecionados de infantil (incluindo os lançamentos: Dr. Botica Porção da Diversão, Next Toy Story e Sophie Pixar). Na compra de 2 itens: 15% (desconto adicional 5,56%) 3 ou mais: 25% (desconto adicional 16,67%).
Revendedor: compre itens selecionados da linha SOPHIE e QUASAR NEXT, no mesmo pedido, e ganhe lucro progressivo de acordo com a quantidade: 2 itens ganhe 10% de lucro extra, 3 ou mais itens, ganhe 15% de lucro extra.
Franqueado: ressarcimento via BSO. Consumidor/Revendedor: Compre itens selecionados de infantil (incluindo os lançamentos: Dr. Botica Porção da Diversão, Next Toy Story e Sophie Pixar) e ganhe 10% de desconto direto a partir da primeira unidade.";;;;;Sim;Sim;Não;Não;Não;Não;Não;Não;3;0;6;4;4;4;6;8;Não;Não;;Não;0;30;32.78;4;Não
13629;E;;88506;SOPHIE COL TOY STORY VAQ/VALENTE 100ml;INFANTIL;PERFUMARIA;202614;;0;0;0;0;0;0;0;0;0;0;0;0;0;0;0;0;0;160;2;182;5;4;"16.0
15.0
10.0";"Franqueado: ressarcimento via BSO. Consumidor/Revendedor: Progressiva de itens selecionados de infantil (incluindo os lançamentos: Dr. Botica Porção da Diversão, Next Toy Story e Sophie Pixar). Na compra de 2 itens: 15% (desconto adicional 5,56%) 3 ou mais: 25% (desconto adicional 16,67%).
Revendedor: compre itens selecionados da linha SOPHIE e QUASAR NEXT, no mesmo pedido, e ganhe lucro progressivo de acordo com a quantidade: 2 itens ganhe 10% de lucro extra, 3 ou mais itens, ganhe 15% de lucro extra.
Franqueado: ressarcimento via BSO. Consumidor/Revendedor: Compre itens selecionados de infantil (incluindo os lançamentos: Dr. Botica Porção da Diversão, Next Toy Story e Sophie Pixar) e ganhe 10% de desconto direto a partir da primeira unidade.";"16.0
15.0
10.0";"Franqueado: ressarcimento via BSO. Consumidor/Revendedor: Progressiva de itens selecionados de infantil (incluindo os lançamentos: Dr. Botica Porção da Diversão, Next Toy Story e Sophie Pixar). Na compra de 2 itens: 15% (desconto adicional 5,56%) 3 ou mais: 25% (desconto adicional 16,67%).
Revendedor: compre itens selecionados da linha SOPHIE e QUASAR NEXT, no mesmo pedido, e ganhe lucro progressivo de acordo com a quantidade: 2 itens ganhe 10% de lucro extra, 3 ou mais itens, ganhe 15% de lucro extra.
Franqueado: ressarcimento via BSO. Consumidor/Revendedor: Compre itens selecionados de infantil (incluindo os lançamentos: Dr. Botica Porção da Diversão, Next Toy Story e Sophie Pixar) e ganhe 10% de desconto direto a partir da primeira unidade.";;;;;Sim;Sim;Não;Não;Sim;Sim;Não;Não;121;0;21;0;35;44;49;53;Não;Não;;Não;0;30;32.78;35;Não
13629;C;;49264;SOPHIE COND 200ml V2;INFANTIL;CABELOS;;;23;0;3;0;1;4;2;3;3;9;1;5;3;2;15;1;1;1;5;11;3;5;"16.0
15.0
10.0";"Franqueado: ressarcimento via BSO. Consumidor/Revendedor: Progressiva de itens selecionados de infantil (incluindo os lançamentos: Dr. Botica Porção da Diversão, Next Toy Story e Sophie Pixar). Na compra de 2 itens: 15% (desconto adicional 5,56%) 3 ou mais: 25% (desconto adicional 16,67%).
Revendedor: compre itens selecionados da linha SOPHIE e QUASAR NEXT, no mesmo pedido, e ganhe lucro progressivo de acordo com a quantidade: 2 itens ganhe 10% de lucro extra, 3 ou mais itens, ganhe 15% de lucro extra.
Franqueado: ressarcimento via BSO. Consumidor/Revendedor: Compre itens selecionados de infantil (incluindo os lançamentos: Dr. Botica Porção da Diversão, Next Toy Story e Sophie Pixar) e ganhe 10% de desconto direto a partir da primeira unidade.";"16.0
15.0
10.0";"Franqueado: ressarcimento via BSO. Consumidor/Revendedor: Progressiva de itens selecionados de infantil (incluindo os lançamentos: Dr. Botica Porção da Diversão, Next Toy Story e Sophie Pixar). Na compra de 2 itens: 15% (desconto adicional 5,56%) 3 ou mais: 25% (desconto adicional 16,67%).
Revendedor: compre itens selecionados da linha SOPHIE e QUASAR NEXT, no mesmo pedido, e ganhe lucro progressivo de acordo com a quantidade: 2 itens ganhe 10% de lucro extra, 3 ou mais itens, ganhe 15% de lucro extra.
Franqueado: ressarcimento via BSO. Consumidor/Revendedor: Compre itens selecionados de infantil (incluindo os lançamentos: Dr. Botica Porção da Diversão, Next Toy Story e Sophie Pixar) e ganhe 10% de desconto direto a partir da primeira unidade.";;;;;Não;Não;Não;Não;Não;Não;Não;Não;4;0;9;1;11;12;15;20;Não;Não;;Não;0;48;13.44;11;Não
13629;C;;59169;SOPHIE COND CACH V2 200ml;INFANTIL;CABELOS;;;17;9;7;5;2;5;4;5;8;12;4;12;0;2;15;3;6;1;6;10;4;5;"16.0
15.0
10.0";"Franqueado: ressarcimento via BSO. Consumidor/Revendedor: Progressiva de itens selecionados de infantil (incluindo os lançamentos: Dr. Botica Porção da Diversão, Next Toy Story e Sophie Pixar). Na compra de 2 itens: 15% (desconto adicional 5,56%) 3 ou mais: 25% (desconto adicional 16,67%).
Revendedor: compre itens selecionados da linha SOPHIE e QUASAR NEXT, no mesmo pedido, e ganhe lucro progressivo de acordo com a quantidade: 2 itens ganhe 10% de lucro extra, 3 ou mais itens, ganhe 15% de lucro extra.
Franqueado: ressarcimento via BSO. Consumidor/Revendedor: Compre itens selecionados de infantil (incluindo os lançamentos: Dr. Botica Porção da Diversão, Next Toy Story e Sophie Pixar) e ganhe 10% de desconto direto a partir da primeira unidade.";"16.0
15.0
10.0";"Franqueado: ressarcimento via BSO. Consumidor/Revendedor: Progressiva de itens selecionados de infantil (incluindo os lançamentos: Dr. Botica Porção da Diversão, Next Toy Story e Sophie Pixar). Na compra de 2 itens: 15% (desconto adicional 5,56%) 3 ou mais: 25% (desconto adicional 16,67%).
Revendedor: compre itens selecionados da linha SOPHIE e QUASAR NEXT, no mesmo pedido, e ganhe lucro progressivo de acordo com a quantidade: 2 itens ganhe 10% de lucro extra, 3 ou mais itens, ganhe 15% de lucro extra.
Franqueado: ressarcimento via BSO. Consumidor/Revendedor: Compre itens selecionados de infantil (incluindo os lançamentos: Dr. Botica Porção da Diversão, Next Toy Story e Sophie Pixar) e ganhe 10% de desconto direto a partir da primeira unidade.";;;;;Não;Não;Não;Não;Não;Não;Não;Não;1;0;10;9;4;4;8;13;Não;Não;;Não;0;48;14.27;4;Não
13629;C;;59170;SOPHIE CREM PENT CACHOS V2 200ml;INFANTIL;CABELOS;;;25;6;8;4;6;26;6;20;13;17;0;0;5;7;27;2;2;4;4;15;6;9;"16.0
15.0
10.0";"Franqueado: ressarcimento via BSO. Consumidor/Revendedor: Progressiva de itens selecionados de infantil (incluindo os lançamentos: Dr. Botica Porção da Diversão, Next Toy Story e Sophie Pixar). Na compra de 2 itens: 15% (desconto adicional 5,56%) 3 ou mais: 25% (desconto adicional 16,67%).
Revendedor: compre itens selecionados da linha SOPHIE e QUASAR NEXT, no mesmo pedido, e ganhe lucro progressivo de acordo com a quantidade: 2 itens ganhe 10% de lucro extra, 3 ou mais itens, ganhe 15% de lucro extra.
Franqueado: ressarcimento via BSO. Consumidor/Revendedor: Compre itens selecionados de infantil (incluindo os lançamentos: Dr. Botica Porção da Diversão, Next Toy Story e Sophie Pixar) e ganhe 10% de desconto direto a partir da primeira unidade.";"16.0
15.0
10.0";"Franqueado: ressarcimento via BSO. Consumidor/Revendedor: Progressiva de itens selecionados de infantil (incluindo os lançamentos: Dr. Botica Porção da Diversão, Next Toy Story e Sophie Pixar). Na compra de 2 itens: 15% (desconto adicional 5,56%) 3 ou mais: 25% (desconto adicional 16,67%).
Revendedor: compre itens selecionados da linha SOPHIE e QUASAR NEXT, no mesmo pedido, e ganhe lucro progressivo de acordo com a quantidade: 2 itens ganhe 10% de lucro extra, 3 ou mais itens, ganhe 15% de lucro extra.
Franqueado: ressarcimento via BSO. Consumidor/Revendedor: Compre itens selecionados de infantil (incluindo os lançamentos: Dr. Botica Porção da Diversão, Next Toy Story e Sophie Pixar) e ganhe 10% de desconto direto a partir da primeira unidade.";;;;;Não;Não;Não;Não;Não;Não;Não;Não;0;0;15;13;7;7;13;22;Não;Não;;Não;0;48;15.41;7;Não
13629;B;BC;70693;SOPHIE LOC HID CPO 200ml;INFANTIL;CUIDADOS COM O CORPO;;;46;11;18;25;1;23;4;10;5;31;1;3;4;1;55;3;9;19;4;32;6;9;"16.0
15.0
10.0";"Franqueado: ressarcimento via BSO. Consumidor/Revendedor: Progressiva de itens selecionados de infantil (incluindo os lançamentos: Dr. Botica Porção da Diversão, Next Toy Story e Sophie Pixar). Na compra de 2 itens: 15% (desconto adicional 5,56%) 3 ou mais: 25% (desconto adicional 16,67%).
Revendedor: compre itens selecionados da linha SOPHIE e QUASAR NEXT, no mesmo pedido, e ganhe lucro progressivo de acordo com a quantidade: 2 itens ganhe 10% de lucro extra, 3 ou mais itens, ganhe 15% de lucro extra.
Franqueado: ressarcimento via BSO. Consumidor/Revendedor: Compre itens selecionados de infantil (incluindo os lançamentos: Dr. Botica Porção da Diversão, Next Toy Story e Sophie Pixar) e ganhe 10% de desconto direto a partir da primeira unidade.";"16.0
15.0
10.0";"Franqueado: ressarcimento via BSO. Consumidor/Revendedor: Progressiva de itens selecionados de infantil (incluindo os lançamentos: Dr. Botica Porção da Diversão, Next Toy Story e Sophie Pixar). Na compra de 2 itens: 15% (desconto adicional 5,56%) 3 ou mais: 25% (desconto adicional 16,67%).
Revendedor: compre itens selecionados da linha SOPHIE e QUASAR NEXT, no mesmo pedido, e ganhe lucro progressivo de acordo com a quantidade: 2 itens ganhe 10% de lucro extra, 3 ou mais itens, ganhe 15% de lucro extra.
Franqueado: ressarcimento via BSO. Consumidor/Revendedor: Compre itens selecionados de infantil (incluindo os lançamentos: Dr. Botica Porção da Diversão, Next Toy Story e Sophie Pixar) e ganhe 10% de desconto direto a partir da primeira unidade.";;;;;Não;Não;Não;Não;Não;Não;Não;Não;1;24;19;13;5;6;12;21;Não;Não;;Não;0;48;12.85;5;Não
13629;C;;87363;SOPHIE NEXT NECESS SP/MAN SP/GWEN CR VEL;ACESSÓRIOS;ORGANIZADOR COSTURÁVEL;;202617;26;2;2;1;0;2;1;2;0;0;0;0;0;1;0;0;1;0;19;1;1;2;33.0;Franqueado: Ressarcimento via BSO. Consumidor/Revendedor: Itens selecionados ACESSÓRIOS com até 33% de desconto.;33.0;Franqueado: Ressarcimento via BSO. Consumidor/Revendedor: Itens selecionados ACESSÓRIOS com até 33% de desconto.;;;29.0;Franqueado: ressarcimento via BSO. Consumidor/Revendedor: Itens selecionados com até 60% de desconto - Iscas Exaustão.;Não;Não;Não;Não;Não;Não;Não;Não;55;0;2;0;0;0;0;0;Não;Não;;Não;0;60;34.76;0;Não
13629;E;;88507;SOPHIE PLT MULT TOY STORY CX/ENCANT 10g;INFANTIL;MAQUIAGEM;202614;;0;0;0;0;0;0;0;0;0;0;0;0;0;0;0;0;0;46;;26;3;4;"16.0
15.0
10.0";"Franqueado: ressarcimento via BSO. Consumidor/Revendedor: Progressiva de itens selecionados de infantil (incluindo os lançamentos: Dr. Botica Porção da Diversão, Next Toy Story e Sophie Pixar). Na compra de 2 itens: 15% (desconto adicional 5,56%) 3 ou mais: 25% (desconto adicional 16,67%).
Revendedor: compre itens selecionados da linha SOPHIE e QUASAR NEXT, no mesmo pedido, e ganhe lucro progressivo de acordo com a quantidade: 2 itens ganhe 10% de lucro extra, 3 ou mais itens, ganhe 15% de lucro extra.
Franqueado: ressarcimento via BSO. Consumidor/Revendedor: Compre itens selecionados de infantil (incluindo os lançamentos: Dr. Botica Porção da Diversão, Next Toy Story e Sophie Pixar) e ganhe 10% de desconto direto a partir da primeira unidade.";"16.0
15.0
10.0";"Franqueado: ressarcimento via BSO. Consumidor/Revendedor: Progressiva de itens selecionados de infantil (incluindo os lançamentos: Dr. Botica Porção da Diversão, Next Toy Story e Sophie Pixar). Na compra de 2 itens: 15% (desconto adicional 5,56%) 3 ou mais: 25% (desconto adicional 16,67%).
Revendedor: compre itens selecionados da linha SOPHIE e QUASAR NEXT, no mesmo pedido, e ganhe lucro progressivo de acordo com a quantidade: 2 itens ganhe 10% de lucro extra, 3 ou mais itens, ganhe 15% de lucro extra.
Franqueado: ressarcimento via BSO. Consumidor/Revendedor: Compre itens selecionados de infantil (incluindo os lançamentos: Dr. Botica Porção da Diversão, Next Toy Story e Sophie Pixar) e ganhe 10% de desconto direto a partir da primeira unidade.";;;;;Sim;Sim;Não;Não;Sim;Sim;Não;Não;1;0;;0;0;0;0;0;Sim;Sim;Crítico;Não;0;48;43.06;0;Não
13629;C;;86954;SOPHIE PLT MULTIF HYDR/LIN SPID/GWEN 17g;INFANTIL;MAQUIAGEM;;;19;0;0;5;0;2;0;0;1;0;0;0;0;0;0;0;3;1;;4;2;3;30.0;Itens selecionados com até 55% de lucro extra.;30.0;Itens selecionados com até 55% de lucro extra.;;;;;Não;Não;Não;Não;Não;Não;Não;Não;34;0;;0;0;0;0;0;Não;Sim;;Não;0;36;28.7;0;Não
13629;C;;51438;SOPHIE SAB BARRA 3x80g V2;INFANTIL;SABONETES;;;11;2;1;13;0;1;5;1;2;11;0;1;0;8;16;1;1;2;6;11;2;2;"16.0
15.0
10.0";"Franqueado: ressarcimento via BSO. Consumidor/Revendedor: Progressiva de itens selecionados de infantil (incluindo os lançamentos: Dr. Botica Porção da Diversão, Next Toy Story e Sophie Pixar). Na compra de 2 itens: 15% (desconto adicional 5,56%) 3 ou mais: 25% (desconto adicional 16,67%).
Revendedor: compre itens selecionados da linha SOPHIE e QUASAR NEXT, no mesmo pedido, e ganhe lucro progressivo de acordo com a quantidade: 2 itens ganhe 10% de lucro extra, 3 ou mais itens, ganhe 15% de lucro extra.
Franqueado: ressarcimento via BSO. Consumidor/Revendedor: Compre itens selecionados de infantil (incluindo os lançamentos: Dr. Botica Porção da Diversão, Next Toy Story e Sophie Pixar) e ganhe 10% de desconto direto a partir da primeira unidade.";"16.0
15.0
10.0";"Franqueado: ressarcimento via BSO. Consumidor/Revendedor: Progressiva de itens selecionados de infantil (incluindo os lançamentos: Dr. Botica Porção da Diversão, Next Toy Story e Sophie Pixar). Na compra de 2 itens: 15% (desconto adicional 5,56%) 3 ou mais: 25% (desconto adicional 16,67%).
Revendedor: compre itens selecionados da linha SOPHIE e QUASAR NEXT, no mesmo pedido, e ganhe lucro progressivo de acordo com a quantidade: 2 itens ganhe 10% de lucro extra, 3 ou mais itens, ganhe 15% de lucro extra.
Franqueado: ressarcimento via BSO. Consumidor/Revendedor: Compre itens selecionados de infantil (incluindo os lançamentos: Dr. Botica Porção da Diversão, Next Toy Story e Sophie Pixar) e ganhe 10% de desconto direto a partir da primeira unidade.";;;;;Não;Não;Não;Não;Não;Não;Não;Não;0;0;7;5;5;5;7;9;Não;Não;;Não;0;22;14.42;5;Não
13629;C;;49265;SOPHIE SHAMP 200ml V2;INFANTIL;CABELOS;;;15;0;4;0;1;12;3;4;5;12;2;7;3;4;21;0;0;0;47;9;3;4;"16.0
15.0
10.0";"Franqueado: ressarcimento via BSO. Consumidor/Revendedor: Progressiva de itens selecionados de infantil (incluindo os lançamentos: Dr. Botica Porção da Diversão, Next Toy Story e Sophie Pixar). Na compra de 2 itens: 15% (desconto adicional 5,56%) 3 ou mais: 25% (desconto adicional 16,67%).
Revendedor: compre itens selecionados da linha SOPHIE e QUASAR NEXT, no mesmo pedido, e ganhe lucro progressivo de acordo com a quantidade: 2 itens ganhe 10% de lucro extra, 3 ou mais itens, ganhe 15% de lucro extra.
Franqueado: ressarcimento via BSO. Consumidor/Revendedor: Compre itens selecionados de infantil (incluindo os lançamentos: Dr. Botica Porção da Diversão, Next Toy Story e Sophie Pixar) e ganhe 10% de desconto direto a partir da primeira unidade.";"16.0
15.0
10.0";"Franqueado: ressarcimento via BSO. Consumidor/Revendedor: Progressiva de itens selecionados de infantil (incluindo os lançamentos: Dr. Botica Porção da Diversão, Next Toy Story e Sophie Pixar). Na compra de 2 itens: 15% (desconto adicional 5,56%) 3 ou mais: 25% (desconto adicional 16,67%).
Revendedor: compre itens selecionados da linha SOPHIE e QUASAR NEXT, no mesmo pedido, e ganhe lucro progressivo de acordo com a quantidade: 2 itens ganhe 10% de lucro extra, 3 ou mais itens, ganhe 15% de lucro extra.
Franqueado: ressarcimento via BSO. Consumidor/Revendedor: Compre itens selecionados de infantil (incluindo os lançamentos: Dr. Botica Porção da Diversão, Next Toy Story e Sophie Pixar) e ganhe 10% de desconto direto a partir da primeira unidade.";;;;;Não;Não;Não;Não;Não;Não;Não;Não;0;0;8;6;5;5;8;12;Não;Não;;Não;0;48;16.0;5;Não
13629;C;;54169;SOPHIE SHAMP CACH V2 200ml;INFANTIL;CABELOS;;;18;6;5;6;4;8;3;12;8;11;1;5;0;0;5;2;4;4;4;9;3;5;"16.0
15.0
10.0";"Franqueado: ressarcimento via BSO. Consumidor/Revendedor: Progressiva de itens selecionados de infantil (incluindo os lançamentos: Dr. Botica Porção da Diversão, Next Toy Story e Sophie Pixar). Na compra de 2 itens: 15% (desconto adicional 5,56%) 3 ou mais: 25% (desconto adicional 16,67%).
Revendedor: compre itens selecionados da linha SOPHIE e QUASAR NEXT, no mesmo pedido, e ganhe lucro progressivo de acordo com a quantidade: 2 itens ganhe 10% de lucro extra, 3 ou mais itens, ganhe 15% de lucro extra.
Franqueado: ressarcimento via BSO. Consumidor/Revendedor: Compre itens selecionados de infantil (incluindo os lançamentos: Dr. Botica Porção da Diversão, Next Toy Story e Sophie Pixar) e ganhe 10% de desconto direto a partir da primeira unidade.";"16.0
15.0
10.0";"Franqueado: ressarcimento via BSO. Consumidor/Revendedor: Progressiva de itens selecionados de infantil (incluindo os lançamentos: Dr. Botica Porção da Diversão, Next Toy Story e Sophie Pixar). Na compra de 2 itens: 15% (desconto adicional 5,56%) 3 ou mais: 25% (desconto adicional 16,67%).
Revendedor: compre itens selecionados da linha SOPHIE e QUASAR NEXT, no mesmo pedido, e ganhe lucro progressivo de acordo com a quantidade: 2 itens ganhe 10% de lucro extra, 3 ou mais itens, ganhe 15% de lucro extra.
Franqueado: ressarcimento via BSO. Consumidor/Revendedor: Compre itens selecionados de infantil (incluindo os lançamentos: Dr. Botica Porção da Diversão, Next Toy Story e Sophie Pixar) e ganhe 10% de desconto direto a partir da primeira unidade.";;;30.0;Itens selecionados com até 60% de lucro extra.;Não;Não;Não;Não;Não;Não;Não;Não;0;0;8;7;4;4;7;12;Não;Não;;Não;0;48;16.0;4;Não
13629;B;BC;86061;SOPHIE SPLSH CPO/CAB SHIM AMIZ/IL 110ml;INFANTIL;PERFUMARIA;;;0;0;0;0;0;0;0;0;0;0;0;0;76;0;1;1;2;0;;9;6;9;;;;;;;;;Não;Não;Não;Não;Não;Não;Não;Não;0;0;;0;0;0;0;0;Não;Sim;;Não;0;70;21.85;0;Não
13629;C;;86058;SOPHIE SPLSH CPO/CAB SHIM BRLH/INT 110ml;INFANTIL;PERFUMARIA;;202617;0;0;0;0;0;0;0;0;0;0;0;0;67;0;0;4;3;0;17;14;8;12;;;;;;;;;Não;Não;Não;Não;Não;Não;Não;Não;0;10;16;5;11;11;19;31;Não;Não;;Não;0;70;21.85;11;Não
13629;B;BC;86059;SOPHIE SPLSH CPO/CAB SHIM CHAP/CIN 110ml;INFANTIL;PERFUMARIA;;202617;0;0;0;0;0;0;0;0;0;0;0;0;88;0;0;1;4;0;9;12;7;11;;;;;;;;;Não;Não;Não;Não;Não;Não;Não;Não;0;0;13;10;7;7;14;25;Sim;Não;Crítico;Não;0;70;21.85;7;Não
13629;E;;89637;SOPHIENEXT CHAVEIRO CHARM MINIBAG NYLON;ACESSÓRIOS;PAPELARIA;202614;;0;0;0;0;0;0;0;0;0;0;0;0;0;0;0;0;0;57;2;27;2;3;"16.0
10.0";"Franqueado: ressarcimento via BSO. Consumidor/Revendedor: Progressiva de itens selecionados de infantil (incluindo os lançamentos: Dr. Botica Porção da Diversão, Next Toy Story e Sophie Pixar). Na compra de 2 itens: 15% (desconto adicional 5,56%) 3 ou mais: 25% (desconto adicional 16,67%).
Franqueado: ressarcimento via BSO. Consumidor/Revendedor: Compre itens selecionados de infantil (incluindo os lançamentos: Dr. Botica Porção da Diversão, Next Toy Story e Sophie Pixar) e ganhe 10% de desconto direto a partir da primeira unidade.";"16.0
10.0";"Franqueado: ressarcimento via BSO. Consumidor/Revendedor: Progressiva de itens selecionados de infantil (incluindo os lançamentos: Dr. Botica Porção da Diversão, Next Toy Story e Sophie Pixar). Na compra de 2 itens: 15% (desconto adicional 5,56%) 3 ou mais: 25% (desconto adicional 16,67%).
Franqueado: ressarcimento via BSO. Consumidor/Revendedor: Compre itens selecionados de infantil (incluindo os lançamentos: Dr. Botica Porção da Diversão, Next Toy Story e Sophie Pixar) e ganhe 10% de desconto direto a partir da primeira unidade.";;;;;Sim;Sim;Não;Não;Sim;Sim;Não;Não;85;0;5;0;0;0;0;0;Não;Não;;Não;0;200;23.16;0;Não
13629;C;;19734;THATY DES COL BOTICOLL 100ML;PERFUMARIA;PERFUMARIA FEMININA;;;4;1;1;7;0;1;0;1;1;2;4;0;1;1;1;0;8;1;6;1;5;2;;;;;30.0;Franqueado: ressarcimento via BSO. Revendedor: Boticollection Thaty Desodorante Colônia 100ml (19734) receba até 30% de desconto.;;;Não;Não;Não;Não;Não;Não;Não;Não;9;0;6;0;0;0;2;4;Não;Não;;Não;0;30;48.82;0;Não
13629;A;;89816;THE BLEND EDP BOURBON V2 100ml;PERFUMARIA;PERFUMARIA MASCULINA;;;40;31;97;26;16;37;12;28;37;42;23;54;20;23;30;25;25;2;4;23;94;32;;;;;10.0;Franqueado: ressarcimento via BSO. Revendedor: Itens selecionados de The Blend (Bourbon) com até 10% de desconto;;;Não;Não;Não;Não;Não;Não;Não;Não;38;54;88;8;8;5;99;131;Não;Não;;Não;0;27;107.58;8;Não
13629;B;BA;83529;THE BLEND EDP CARDAMOM 100ml;PERFUMARIA;PERFUMARIA MASCULINA;;;8;19;36;24;3;15;11;7;13;14;9;14;4;7;7;8;4;1;3;13;10;15;10.0;Franqueado: Ressarcimento via BSO. Consumidor/Revendedor: Itens selecionados PERFUMARIA com até 10% de desconto.;10.0;Franqueado: Ressarcimento via BSO. Consumidor/Revendedor: Itens selecionados PERFUMARIA com até 10% de desconto.;;;;;Não;Não;Não;Não;Não;Não;Não;Não;71;0;24;0;0;0;0;0;Não;Não;;Não;0;27;107.58;0;Não
13629;A;;87842;THE BLEND EDP SAFFRON 100ml;PERFUMARIA;PERFUMARIA MASCULINA;;;0;0;0;0;0;0;0;0;0;0;0;232;91;24;92;19;12;0;4;36;18;18;10.0;Compre itens selecionados e ganhe lucro extra de até 45%. Válido entre os dias 05/10 a 12/10.;10.0;Compre itens selecionados e ganhe lucro extra de até 45%. Válido entre os dias 05/10 a 12/10.;;;;;Não;Não;Não;Não;Não;Não;Não;Não;172;0;41;0;0;0;0;0;Não;Não;;Não;0;27;101.84;0;Não
13629;A;;89281;THE BLEND EDP V3 100ml;PERFUMARIA;PERFUMARIA MASCULINA;202612;;30;50;35;53;25;19;20;25;81;13;24;38;13;15;12;103;26;2;2;59;26;35;10.0;Compre itens selecionados e ganhe lucro extra de até 45%. Válido entre os dias 05/10 a 12/10.;10.0;Compre itens selecionados e ganhe lucro extra de até 45%. Válido entre os dias 05/10 a 12/10.;;;;;Não;Não;Não;Não;Não;Não;Não;Não;204;0;73;0;0;0;0;0;Não;Não;;Não;0;27;101.84;0;Não
13629;E;;48777;THE BLEND SHW GEL 2/1 CAB/CPO 250g V2;SABONETE CORPO;MULTIFUNCIONAL;;;0;0;0;0;0;0;0;0;0;0;0;0;0;0;0;0;0;0;489;1;1;1;;;;;;;;;Não;Não;Não;Não;Não;Não;Não;Não;0;0;1;0;1;1;2;3;Não;Não;;Não;0;40;24.11;1;Não
13629;C;;54325;UOMINI BOLSA RETANG MARROM PU NAT/23;ACESSÓRIOS;ORGANIZADOR COSTURÁVEL;;;0;0;0;0;0;0;0;0;0;0;0;0;0;0;0;0;0;0;131;1;1;1;30.0;Franqueado: Ressarcimento via BSO. Consumidor/Revendedor: Itens selecionados com até 60% de desconto.;30.0;Franqueado: Ressarcimento via BSO. Consumidor/Revendedor: Itens selecionados com até 60% de desconto.;30.0;Compre itens selecionados e ganhe até 35% de lucro extra.;"29.0
0.0";"Franqueado: ressarcimento via BSO. Consumidor/Revendedor: Itens selecionados com até 60% de desconto - Iscas Exaustão.
Junte ao menos 5 embalagens de qualquer marca, leve ao Espaço do Revendedor durante o Ciclo 16/2026, utilizando o cupom ""Botirecicla5"" ao fazer um pedido mínimo e ganhe um produto selecionado para vender com 100% de lucro. Promoção não válida para cartuchos.";Não;Não;Não;Não;Não;Não;Não;Não;0;0;2;1;1;1;2;3;Não;Não;;Não;0;30;23.16;1;Não
13629;C;;80887;UOMINI DES BDY SPR 100ml V7 PCK;DESODORANTES;DESODORANTE MASCULINO;;;8;1;8;1;2;2;3;2;2;1;0;1;1;0;0;0;1;1;5;2;2;5;;;;;;;35.0;A cada duas unidades ganhe 35% de lucro extra em itens selecionados. Válido entre os dias 16/11/2026 e 18/11/2026.;Não;Não;Não;Não;Não;Não;Não;Não;3;0;5;0;3;3;5;10;Sim;Não;Crítico;Não;0;85;16.41;3;Não
13629;B;BB;49766;UOMINI DES COL BLACK V6 100ml;PERFUMARIA;PERFUMARIA MASCULINA;;;19;0;60;9;7;7;6;20;6;21;7;14;5;5;29;10;6;1;3;15;5;9;10.0;Compre itens selecionados e ganhe lucro extra de até 45%. Válido entre os dias 05/10 a 12/10.;10.0;Compre itens selecionados e ganhe lucro extra de até 45%. Válido entre os dias 05/10 a 12/10.;;;;;Não;Não;Não;Não;Não;Não;Não;Não;16;10;12;0;0;0;3;12;Não;Não;;Não;0;40;53.11;0;Não
13629;C;;50418;UOMINI DES COL INFINITE V2 100ml;PERFUMARIA;PERFUMARIA MASCULINA;;;0;2;4;1;5;0;1;2;2;1;1;4;0;2;2;3;1;0;19;2;1;11;;;;;;;50.0;Franqueado: ressarcimento via BSO. Consumidor/Revendedor: Itens selecionados com até 50% de desconto - Iscas Exaustão;Não;Não;Não;Não;Não;Não;Não;Não;26;0;7;0;0;0;0;0;Não;Não;;Não;0;40;53.11;0;Não
13629;C;;50732;UOMINI DES COL SPIRIT 100ml;PERFUMARIA;PERFUMARIA MASCULINA;;;4;1;3;1;3;14;2;1;0;3;18;3;0;0;2;1;1;0;18;1;1;61;;;;;;;50.0;Franqueado: ressarcimento via BSO. Consumidor/Revendedor: Itens selecionados com até 60% de desconto - Iscas Estratégicas.;Não;Não;Não;Sim;Não;Não;Não;Não;4;0;27;0;23;23;24;85;Não;Não;;Não;0;40;51.98;23;Não
13629;B;BB;49765;UOMINI DES COL V6 100ml;PERFUMARIA;PERFUMARIA MASCULINA;;;10;13;8;54;6;65;2;25;5;8;12;10;5;10;13;2;48;0;16;6;6;9;;;;;;;;;Não;Não;Não;Não;Não;Não;Não;Não;0;11;12;19;0;0;0;1;Não;Não;;Não;0;40;53.11;0;Não
13629;E;;49038;ZAAD BALM POS BARB 110g V4;CUIDADOS COM A BARBA;PÓS-BARBEAR;;;0;0;0;0;0;0;0;0;0;0;0;0;0;0;0;0;0;0;;2;1;1;20.0;Compre itens selecionados de Cuidados, Óleos, Sabonetes, Desodorantes e ganhe lucro extra de até 35%.;20.0;Compre itens selecionados de Cuidados, Óleos, Sabonetes, Desodorantes e ganhe lucro extra de até 35%.;20.0;Compre itens selecionados de Cuidados, Óleos, Desodorantes e ganhe lucro extra de até 35%.;;;Não;Não;Não;Não;Não;Não;Não;Não;0;0;;0;0;0;0;0;Não;Sim;;Não;0;58;26.27;0;Não
13629;C;;48784;ZAAD DES ANTIT AER 75g V7;DESODORANTES;DESODORANTE MASCULINO;;;4;5;6;67;0;27;4;5;0;3;6;42;0;3;14;12;19;2;3;3;2;4;;;;;;;;;Não;Não;Não;Não;Não;Não;Não;Não;17;0;5;1;0;0;0;0;Sim;Não;Crítico;Não;0;72;9.84;0;Não
13629;B;BB;49039;ZAAD DES COL BDY SPLSH 200ml;DESODORANTES;DESODORANTE MASCULINO;;202617;5;7;12;4;10;0;6;16;8;20;57;19;0;3;0;0;9;2;2;4;3;5;;;;;;;20.0;Itens selecionados com até 60% de lucro extra.;Não;Não;Não;Não;Não;Não;Não;Não;11;2;6;3;0;0;0;1;Não;Não;;Não;0;50;35.11;0;Não
13629;B;BB;51874;ZAAD EDP ARTIC 95ml;PERFUMARIA;PERFUMARIA MASCULINA;;;2;6;5;7;1;3;3;8;1;7;0;6;5;3;3;2;4;0;9;3;3;8;;;;;;;17.0;Franqueado: ressarcimento via BSO. Consumidor/Revendedor: Itens selecionados com até 50% de desconto - Iscas Estratégicas.;Não;Não;Não;Não;Não;Não;Não;Não;2;4;8;7;0;0;0;8;Não;Não;;Não;0;36;82.76;0;Não
13629;B;BB;46898;ZAAD EDP EXPEDITION 95ml;PERFUMARIA;PERFUMARIA MASCULINA;;;8;1;14;12;19;11;4;5;22;14;5;9;5;4;10;5;4;1;3;23;6;9;"15.0
11.0";"Multiplique seus Lucros em Zaad Expedition de acordo com a quantidade comprada: 10% de Lucro Extra em 2 unidades e 15% de Lucro Extra em 3 ou mais unidades.
Franqueado: ressarcimento via BSO. Consumidor/Revendedor: Itens selecionados de Zaad (EXPEDITION) com até 11% de desconto.";"15.0
11.0";"Multiplique seus Lucros em Zaad Expedition de acordo com a quantidade comprada: 10% de Lucro Extra em 2 unidades e 15% de Lucro Extra em 3 ou mais unidades.
Franqueado: ressarcimento via BSO. Consumidor/Revendedor: Itens selecionados de Zaad (EXPEDITION) com até 11% de desconto.";;;;;Não;Não;Não;Não;Não;Não;Não;Não;12;4;17;0;18;19;25;34;Não;Não;;Não;0;36;98.33;18;Não
13629;E;;88295;ZAAD EDP INFINITY 95ml;PERFUMARIA;PERFUMARIA MASCULINA;202613;;0;0;0;0;0;0;0;0;0;0;0;0;0;0;0;0;141;11;2;23;10;11;"15.0
10.0
5.0";"Franqueado: ressarcimento via BSO. Consumidor/Revendedor: Itens selecionados de Zaad (Infinity) com até 15% de desconto.
Lucro extra progressivo 10% (desconto adicional 5,31%) na compra de 2 unidades, e 15% (desconto adicional 10,63%) em 3 ou mais unidades de Perfumaria selecionada de Zaad. Lucro extra liberado apenas com a inclusão do lançamento no pedido.
Lucro extra de 5% na compra de 1 unidade. Lucro extra liberado apenas com a inclusão do lançamento no pedido.";"15.0
10.0
5.0";"Franqueado: ressarcimento via BSO. Consumidor/Revendedor: Itens selecionados de Zaad (Infinity) com até 15% de desconto.
Lucro extra progressivo 10% (desconto adicional 5,31%) na compra de 2 unidades, e 15% (desconto adicional 10,63%) em 3 ou mais unidades de Perfumaria selecionada de Zaad. Lucro extra liberado apenas com a inclusão do lançamento no pedido.
Lucro extra de 5% na compra de 1 unidade. Lucro extra liberado apenas com a inclusão do lançamento no pedido.";;;;;Não;Não;Não;Não;Não;Não;Não;Não;77;0;12;0;0;0;0;0;Não;Não;;Não;0;36;82.76;0;Não
13629;A;;58644;ZAAD EDP INTENSE 95ml;PERFUMARIA;PERFUMARIA MASCULINA;;;18;31;27;79;6;22;12;14;12;74;16;10;5;28;15;10;5;3;3;10;9;77;;;;;;;16.0;Franqueado: ressarcimento via BSO. Consumidor/Revendedor: Itens selecionados com até 50% de desconto - Iscas Estratégicas.;Não;Não;Não;Sim;Não;Não;Não;Não;95;0;53;0;0;0;0;52;Não;Não;;Não;0;36;83.94;0;Não
13629;B;BB;90321;ZAAD EDP MONDO V5 95ml;PERFUMARIA;PERFUMARIA MASCULINA;;;20;5;14;5;3;5;1;12;1;7;6;0;4;6;4;18;0;0;25;5;16;6;;;;;"15.0
11.0";"Multiplique seus Lucros em Zaad Mondo de acordo com a quantidade comprada: 10% de Lucro Extra em 2 unidades e 15% de Lucro Extra em 3 ou mais unidades.
Franqueado: Ressarcimento via BSO. Revendedor: Itens selecionados de Zaad (Mondo) com até 11% de desconto.";;;Não;Não;Não;Não;Não;Não;Não;Não;6;10;13;0;1;1;17;23;Não;Não;;Não;0;36;93.67;1;Não
13629;B;BB;90308;ZAAD EDP V3 50ml;PERFUMARIA;PERFUMARIA MASCULINA;;;0;0;13;1;2;2;1;1;0;0;3;26;0;4;3;4;2;3;2;3;2;10;;;;;;;"15.0
15.0";"Lucro extra de acordo com a quantidade comprada: 10% na compra de 2 unidades, 15% na compra de 3 ou mais unidades.
Franqueado: ressarcimento via BSO. Consumidor/Revendedor: Itens selecionados com até 60% de desconto - Iscas Estratégicas.";Não;Não;Não;Não;Não;Não;Não;Não;1;0;7;3;5;5;7;17;Não;Não;;Não;0;55;57.87;5;Não
13629;A;;90310;ZAAD EDP V7 95ml;PERFUMARIA;PERFUMARIA MASCULINA;202612;;27;21;80;67;29;18;18;25;80;16;24;108;6;41;36;24;110;5;2;22;22;136;;;;;;;15.0;Franqueado: ressarcimento via BSO. Consumidor/Revendedor: Itens selecionados com até 50% de desconto - Iscas Estratégicas.;Não;Não;Não;Não;Não;Não;Não;Não;60;0;112;36;33;33;55;191;Não;Não;;Não;0;36;82.76;33;Não
13629;C;;54457;ZAAD EDP VENTURE 95ml;PERFUMARIA;PERFUMARIA MASCULINA;;;1;3;1;0;0;20;0;1;2;2;0;1;6;1;3;0;0;0;51;2;2;13;;;;;;;15.0;Franqueado: ressarcimento via BSO. Consumidor/Revendedor: Itens selecionados com até 50% de desconto - Iscas Estratégicas.;Não;Não;Não;Não;Não;Não;Não;Não;157;0;9;0;0;0;0;0;Não;Não;;Não;0;36;82.76;0;Não
13629;C;;48368;ZAAD ESPUM P/ BARB 200ml V4;CUIDADOS COM A BARBA;PRÉ-BARBEAR;;;0;0;0;0;0;0;0;0;1;0;3;0;0;0;0;0;0;0;;2;2;2;20.0;Compre itens selecionados de Cuidados, Óleos, Sabonetes, Desodorantes e ganhe lucro extra de até 35%.;20.0;Compre itens selecionados de Cuidados, Óleos, Sabonetes, Desodorantes e ganhe lucro extra de até 35%.;35.0;Compre itens selecionados de Cuidados, Óleos, Desodorantes e ganhe lucro extra de até 35%.;;;Não;Não;Não;Não;Não;Não;Não;Não;0;0;;0;0;0;0;0;Não;Sim;;Não;0;50;22.99;0;Não
13629;E;;86044;ZAAD LOC DES HID CPO INTENSE 200ml;CUIDADOS COM A PELE;CUIDADOS COM O CORPO;;;0;0;0;0;0;0;0;0;0;0;0;0;0;0;0;0;0;0;;0;0;0;;;;;;;;;Não;Não;Não;Não;Não;Não;Não;Não;0;0;;0;0;0;0;0;Não;Sim;;Não;0;54;21.32;0;Não
