PDV;Classe;Classe Segmentada;SKU;Descrição;Categoria;Subcategoria;Lançamento;Desativação;Histórico de Vendas do Ciclo 202514;Histórico de Vendas do Ciclo 202515;Histórico de Vendas do Ciclo 202516;Histórico de Vendas do Ciclo 202517;Histórico de Vendas do Ciclo 202601;Histórico de Vendas do Ciclo 202602;Histórico de Vendas do Ciclo 202603;Histórico de Vendas do Ciclo 202604;Histórico de Vendas do Ciclo 202605;Histórico de Vendas do Ciclo 202606;Histórico de Vendas do Ciclo 202607;Histórico de Vendas do Ciclo 202608;Histórico de Vendas do Ciclo 202609;Histórico de Vendas do Ciclo 202610;Histórico de Vendas do Ciclo 202611;Histórico de Vendas do Ciclo 202612;Histórico de Vendas do Ciclo 202613;Histórico de Vendas do Ciclo 202614 (atual);Dias sem venda;Projeção Próximo Ciclo;Projeção Próximo Ciclo + 1;Projeção Próximo Ciclo + 2;Desconto Promoção Ciclo Atual;Promoção Ciclo Atual;Desconto Promoção Próximo Ciclo;Promoção Próximo Ciclo;Desconto Promoção Próximo Ciclo + 1;Promoção Próximo Ciclo + 1;Desconto Promoção Próximo Ciclo + 2;Promoção Próximo Ciclo + 2;Foco Ciclo Atual;Foco Próximo Ciclo;Foco Próximo Ciclo + 1;Foco Próximo Ciclo + 2;IAF Ciclo Atual;IAF Próximo Ciclo;IAF Próximo Ciclo + 1;IAF Próximo Ciclo + 2;Estoque Atual;Estoque em Transito;Estoque de Segurança;Pedido Pendente;Compra inteligente semanal;Compra inteligente ciclo atual;Compra inteligente ciclo + 1;Compra inteligente ciclo + 2;Item Crítico;Item Desativado;Data Prevista Regularização;Carteira Bloqueada Para Novos Pedidos;Planograma;Quantidade por caixa;Preço Sell In;Quantidade;Item analisado
13629;E;;49487;AURIEN LOC HID DES CPO RUBRA 200ml V3;CUIDADOS COM A PELE;CUIDADOS COM O CORPO;;;0;0;0;0;0;0;0;0;0;0;0;0;0;0;0;0;0;0;;0;0;0;"18.0
17.0
16.0
16.0";"Franqueado: Ressarcimento via BSO. Consumidor/Revendedor: Itens selecionados INFANTIL, CUIDADOS COM A PELE, SABONETE CORPO e DESODORANTES com até 51% de desconto.
Revendedor Rubi: Compre 50 a 99 itens selecionados de Eudora ou Boti e tenha 15% LE Boti e 10,20% LE Eudora. Compre 100 a 199 itens selecionados de Eudora ou Boti e tenha 20% LE Boti e 13,6% LE Eudora. Compre 200 ou mais itens selecionados de Eudora ou Boti e tenha 25% LE Boti e 17% LE Eudora.
Revendedor Esmeralda: Compre 50 a 99 itens selecionados de Eudora ou Boti e tenha 15% LE Boti e 9,90% LE Eudora. Compre 100 a 199 itens selecionados de Eudora ou Boti e tenha 20% LE Boti e 13,2% LE Eudora. Compre 200 ou mais itens selecionados de Eudora ou Boti e tenha 25% LE Boti e 16,5% LE Eudora.
Revendedor Diamante: Compre 50 a 99 itens selecionados de Eudora ou Boti e tenha 15% LE Boti e 9,75% LE Eudora. Compre 100 a 199 itens selecionados de Eudora ou Boti e tenha 20% LE Boti e 13% LE Eudora. Compre 200 ou mais itens de Eudora ou Boti e tenha 25% LE Boti e 16,25% LE Eudora.";"16.0
15.0
14.0
14.0
13.0
13.0
13.0";"Cobre/Bronze: compre itens selecionados de Cuidados, Desodorantes e ganhe lucro extra de até 28%.
Prata: compre itens selecionados de Cuidados, Desodorantes e ganhe lucro extra de até 26,25%.
Ouro: compre itens selecionados de Cuidados, Desodorantes e ganhe lucro extra de até 25,20%.
Platina: compre itens selecionados de Cuidados, Desodorantes e ganhe lucro extra de até 24,50%.
Diamante: compre itens selecionados de Cuidados, Desodorantes e ganhe lucro extra de até 22,75%.
Esmeralda: compre itens selecionados de Cuidados, Desodorantes e ganhe lucro extra de até 23,10%.
Rubi: compre itens selecionados de Cuidados, Desodorantes e ganhe lucro extra de até 23,80%.";45.0;Franqueado: Ressarcimento via BSO. Consumidor/Revendedor: Itens selecionados MAQUIAGEM, PERFUMARIA, ÓLEOS, ACESSÓRIOS, INFANTIL, CUIDADOS COM A PELE, CABELOS, CUIDADOS FACIAIS e CUIDADOS COM A BARBA com até 51% de desconto.;45.0;Franqueado: Ressarcimento via BSO. Consumidor/Revendedor: Itens selecionados MAQUIAGEM, PERFUMARIA, ÓLEOS, ACESSÓRIOS, INFANTIL, CUIDADOS COM A PELE, CABELOS e CUIDADOS FACIAIS com até 51% de desconto.;Não;Não;Não;Não;Não;Não;Não;Não;0;0;;0;0;0;0;0;Não;Não;;Não;0;48;13.58;0;Não
13629;C;;93024;CHIC DES COL CHERIE 95ml;PERFUMARIA;PERFUMARIA FEMININA;;;0;3;18;12;2;0;2;28;8;6;1;0;4;0;2;1;0;0;37;2;4;3;16.0;Franqueado: Ressarcimento via BSO. Consumidor/Revendedor: Itens selecionados  com até 60% de desconto.;;;;;19.0;Franqueado: Ressarcimento via BSO. Consumidor/Revendedor: Itens selecionados CABELOS, MAQUIAGEM, CUIDADOS COM A PELE, PERFUMARIA, CUIDADOS COM A BARBA, ACESSÓRIOS, SOLAR, SABONETE CORPO, DESODORANTES e CUIDADOS FACIAIS com até 45% de desconto.;Não;Não;Não;Não;Não;Não;Não;Não;13;0;5;0;0;0;0;2;Não;Não;;Não;0;40;32.09;0;Não
13629;B;BA;49803;CHIC DES COL RETRO 95ml V2;PERFUMARIA;PERFUMARIA FEMININA;;;1;0;6;17;1;6;0;1;4;4;0;16;3;25;8;15;3;4;3;4;6;16;16.0;Franqueado: Ressarcimento via BSO. Consumidor/Revendedor: Itens selecionados  com até 60% de desconto.;;;;;30.0;Franqueado: Ressarcimento via BSO. Consumidor/Revendedor: Itens selecionados PERFUMARIA, CABELOS, CUIDADOS COM A PELE e ACESSÓRIOS com até 33% de desconto.;Não;Não;Não;Não;Não;Não;Não;Não;3;7;9;0;4;7;13;29;Não;Não;;Não;0;40;32.09;4;Não
13629;C;;49562;CLUB 6 BALM POS BARBA 75g V2;CUIDADOS COM A BARBA;PÓS-BARBEAR;;;0;2;3;40;5;4;1;1;0;1;2;3;4;0;9;15;16;1;6;10;16;8;;;23.0;Franqueado: Ressarcimento via BSO. Consumidor/Revendedor: Itens selecionados com até 60% de desconto.;37.0;Franqueado: Ressarcimento via BSO. Consumidor/Revendedor: Itens selecionados MAQUIAGEM, PERFUMARIA, ÓLEOS, ACESSÓRIOS, INFANTIL, CUIDADOS COM A PELE, CABELOS, CUIDADOS FACIAIS e CUIDADOS COM A BARBA com até 51% de desconto.;50.0;Franqueado: ressarcimento via BSO. Consumidor/ Revendedor: Itens selecionados Club 6 49562 -  BALM POS BARBA 75g V2 com até 50% de desconto.;Não;Não;Não;Não;Não;Não;Não;Não;6;0;18;1;15;22;38;46;Não;Não;;Não;0;80;14.52;15;Não
13629;C;;51304;CLUB 6 DES ANTIT AER INTENSO 75g/125ml;DESODORANTES;DESODORANTE MASCULINO;;;22;0;0;3;1;1;0;0;0;0;0;0;0;0;0;2;0;0;39;4;2;2;;;33.0;Franqueado: Ressarcimento via BSO. Consumidor/Revendedor: Itens selecionados com até 60% de desconto.;"16.0
15.0
14.0
14.0
13.0
13.0
13.0";"Revendedor Cobre/Bronze: Itens selecionados com até 24% de lucro extra.
Revendedor Prata: Itens selecionados com até 22,5% de lucro extra.
Revendedor Platina: Itens selecionados com até 21% de lucro extra.
Revendedor Ouro: Itens selecionados com até 21,6% de lucro extra.
Revendedor Rubi: Itens selecionados com até 20,4% de lucro extra.
Revendedor Diamante: Itens selecionados com até 19,5% de lucro extra.
Revendedor Esmeralda: Itens selecionados com até 19,8% de lucro extra.";23.0;Franqueado: Ressarcimento via BSO. Consumidor/Revendedor: Itens selecionados CABELOS, MAQUIAGEM, CUIDADOS COM A PELE, PERFUMARIA, CUIDADOS COM A BARBA, ACESSÓRIOS, SOLAR, SABONETE CORPO, DESODORANTES e CUIDADOS FACIAIS com até 45% de desconto.;Não;Não;Não;Não;Não;Não;Não;Não;0;0;5;0;5;8;10;12;Sim;Não;Crítico;Não;0;72;9.44;5;Não
13629;E;;47647;CLUB 6 DES ANTIT AER VOYAGE 125ml;DESODORANTES;DESODORANTE MASCULINO;;;0;0;0;0;0;0;0;0;0;0;0;0;0;0;0;0;0;0;;0;0;0;"23.0
17.0
16.0
16.0";"Franqueado: Ressarcimento via BSO. Consumidor/Revendedor: Itens selecionados  com até 60% de desconto.
Revendedor Rubi: Compre 50 a 99 itens selecionados de Eudora ou Boti e tenha 15% LE Boti e 10,20% LE Eudora. Compre 100 a 199 itens selecionados de Eudora ou Boti e tenha 20% LE Boti e 13,6% LE Eudora. Compre 200 ou mais itens selecionados de Eudora ou Boti e tenha 25% LE Boti e 17% LE Eudora.
Revendedor Esmeralda: Compre 50 a 99 itens selecionados de Eudora ou Boti e tenha 15% LE Boti e 9,90% LE Eudora. Compre 100 a 199 itens selecionados de Eudora ou Boti e tenha 20% LE Boti e 13,2% LE Eudora. Compre 200 ou mais itens selecionados de Eudora ou Boti e tenha 25% LE Boti e 16,5% LE Eudora.
Revendedor Diamante: Compre 50 a 99 itens selecionados de Eudora ou Boti e tenha 15% LE Boti e 9,75% LE Eudora. Compre 100 a 199 itens selecionados de Eudora ou Boti e tenha 20% LE Boti e 13% LE Eudora. Compre 200 ou mais itens de Eudora ou Boti e tenha 25% LE Boti e 16,25% LE Eudora.";23.0;Franqueado: Ressarcimento via BSO. Consumidor/Revendedor: Itens selecionados de PERFUMARIA, MAQUIAGEM, CABELOS, CUIDADOS COM A PELE, CUIDADOS FACIAIS, SABONETE CORPO e DESODORANTES com até 50% de desconto.;"48.0
0.0";"Franqueado: Ressarcimento via BSO. Consumidor/Revendedor: Itens selecionados PERFUMARIA, MAQUIAGEM, CUIDADOS COM A PELE, DESODORANTES e SABONETE CORPO com até 50% de desconto.
Junte ao menos 5 embalagens de qualquer marca, leve ao Espaço do Revendedor durante o Ciclo 16/2026, utilizando o cupom ""Botirecicla5"" ao fazer um pedido mínimo e ganhe um produto selecionado para vender com 100% de lucro. Promoção não válida para cartuchos.";48.0;Franqueado: Ressarcimento via BSO. Consumidor/Revendedor: Itens selecionados DESODORANTES, PERFUMARIA, CUIDADOS COM A PELE, MAQUIAGEM, CABELOS, ACESSÓRIOS, CUIDADOS FACIAIS, SABONETE CORPO, SOLAR e CUIDADOS COM A BARBA com até 63% de desconto.;Não;Não;Não;Não;Não;Não;Não;Não;0;0;;0;0;0;0;0;Não;Não;;Não;0;72;9.44;0;Não
13629;B;BB;50014;CLUB 6 DES BDY SPR 100ml;DESODORANTES;DESODORANTE MASCULINO;;;8;9;405;18;65;4;6;122;25;34;5;17;5;55;49;28;10;5;3;13;92;30;;;;;11.0;Franqueado: ressarcimento via BSO. Consumidor: Compre itens selecionados de deos (Club 6) com até 12% de desconto;12.0;Franqueado: Ressarcimento via BSO. Consumidor/Revendedor: Itens selecionados DESODORANTES, PERFUMARIA, CUIDADOS COM A PELE, MAQUIAGEM, CABELOS, ACESSÓRIOS, CUIDADOS FACIAIS, SABONETE CORPO, SOLAR e CUIDADOS COM A BARBA com até 63% de desconto.;Não;Não;Não;Não;Não;Não;Não;Não;83;0;69;0;0;4;96;126;Não;Não;;Não;0;85;11.62;0;Não
13629;A;;87325;CLUB 6 DES COL CASSINO V4 95ml;PERFUMARIA;PERFUMARIA MASCULINA;;202617;0;2;35;62;0;0;6;4;1;8;20;38;5;6;17;9;100;8;3;7;15;10;;;15.0;Lucro Extra Progressivo em Itens Selecionados de Perfumaria Masculina, de acordo com a quantidade comprada: 10% de Lucro Extra em 2 a 5 unidades, 15% de Lucro Extra em 6 a 10 unidades. Limitado a 10 unidades por CPF. Válido para Revendedores Selecionados.;;;;;Não;Não;Não;Não;Não;Não;Não;Não;16;0;23;0;13;17;32;42;Não;Não;;Não;0;44;38.26;13;Não
13629;B;BA;87328;CLUB 6 DES COL EXCLUSIVE V3 95ml;PERFUMARIA;PERFUMARIA MASCULINA;;;17;12;7;1;4;0;0;2;9;6;1;1;53;1;6;4;40;4;6;38;5;4;;;19.0;Franqueado: Ressarcimento via BSO. Revendedor: Compre itens selecionados de perfumaria (Eudora EDP, Diva, Imensi, Niina Secrets, Club 6, Eudora H, Pulse e Intention) com até 24% de desconto;;;;;Não;Não;Não;Não;Não;Não;Não;Não;12;2;28;10;20;45;50;54;Não;Não;;Não;0;44;38.26;20;Não
13629;A;;87300;CLUB 6 DES COL FEVER V2 95ml;PERFUMARIA;PERFUMARIA MASCULINA;;;10;4;97;40;14;2;11;10;6;3;35;45;1;0;34;5;3;13;3;7;9;7;35.0;Franqueado: Ressarcimento via BSO. Consumidor/Revendedor: Itens selecionados  com até 60% de desconto.;;;18.0;Consumidor/Revendedor: Compre o combo Natal Club 6 composto por: Des Col Club 6 Fever + Club 6 Espum P/ Barb 200Ml, preço de R$219,89 por R$179,90 - 18,18637% de desconto.;18.0;Consumidor/Revendedor: Compre o combo Natal Club 6 composto por: Des Col Club 6 Fever + Club 6 Espum P/ Barb 200Ml, preço de R$219,89 por R$179,90 - 18,18637% de desconto.;Não;Não;Não;Não;Não;Não;Não;Não;31;0;17;0;0;0;8;15;Não;Não;;Não;0;44;38.26;0;Não
13629;B;BA;87299;CLUB 6 DES COL INTENSO V3 95ml;PERFUMARIA;PERFUMARIA MASCULINA;;;0;10;35;22;8;35;10;4;11;32;1;5;22;3;6;5;5;8;4;6;8;7;15.0;Franqueado: Ressarcimento via BSO. Revendedor: Compre itens selecionados de perfumaria Eudora (Eudora EDP, Kiss Me, La Victorie, Velvet, Magnific, Club 6, Eudora H e Pulse) com até 25% de desconto;;;;;;;Não;Não;Não;Não;Não;Não;Não;Não;38;0;13;0;0;0;6;13;Não;Não;;Não;0;44;40.73;0;Não
13629;C;;58845;CLUB 6 DES COL SPOTLIGHT 95ml;PERFUMARIA;PERFUMARIA MASCULINA;;202616;8;0;0;1;0;0;0;0;0;0;0;0;0;0;0;1;2;0;19;2;4;0;;;22.0;Franqueado: Ressarcimento via BSO. Consumidor/Revendedor: Compre o Lançamento CLUB 6 SPOTLIGHT com até 22% de desconto.;22.0;Franqueado: Ressarcimento via BSO. Revendedor: Na Beauty Week, compre itens selecionados de perfumaria Eudora (Eudora EDP, Diva, Kiss Me, Velvet, Lyra, Magnific, Club 6, Eudora H, Pulse, Intention, Impression e Volpe) com até 41% de desconto;22.0;Franqueado: Ressarcimento via BSO. Consumidor/Revendedor: Itens selecionados DESODORANTES, PERFUMARIA, CUIDADOS COM A PELE, MAQUIAGEM, CABELOS, ACESSÓRIOS, CUIDADOS FACIAIS, SABONETE CORPO, SOLAR e CUIDADOS COM A BARBA com até 63% de desconto.;Não;Não;Não;Não;Não;Não;Não;Não;0;0;;400;0;0;0;0;Não;Não;;Não;0;44;38.26;0;Não
13629;B;BA;87293;CLUB 6 DES COL V4 95ml;PERFUMARIA;PERFUMARIA MASCULINA;;;12;11;20;51;25;8;7;5;75;9;14;11;5;5;13;4;64;4;4;14;18;30;19.0;Franqueado: Ressarcimento via BSO. Consumidor/Revendedor: Itens selecionados MAQUIAGEM, PERFUMARIA e SOLAR com até 39% de desconto.;"19.0
15.0";"Franqueado: Ressarcimento via BSO. Consumidor/Revendedor: Itens selecionados de MAQUIAGEM, PERFUMARIA, SOLAR e CUIDADOS COM A PELE com até 40% de desconto.
Lucro Extra Progressivo em Itens Selecionados de Perfumaria Masculina, de acordo com a quantidade comprada: 10% de Lucro Extra em 2 a 5 unidades, 15% de Lucro Extra em 6 a 10 unidades. Limitado a 10 unidades por CPF. Válido para Revendedores Selecionados.";;;19.0;Franqueado: Ressarcimento via BSO. Revendedor: Compre itens selecionados de perfumaria (Diva, Eudora EDP, Kiss Me, Imensi, Velvet, Lyra, Club 6, Eudora H, Pulse e Volpe) com até 31% de desconto;Não;Não;Não;Não;Não;Não;Não;Não;27;17;29;0;0;5;23;53;Não;Não;;Não;0;44;38.26;0;Não
13629;A;;87292;CLUB 6 DES COL VOYAGE V3 95ml;PERFUMARIA;PERFUMARIA MASCULINA;;;7;8;13;74;13;18;16;22;53;23;22;141;25;6;26;128;28;7;4;15;22;18;;;15.0;Lucro Extra Progressivo em Itens Selecionados de Perfumaria Masculina, de acordo com a quantidade comprada: 10% de Lucro Extra em 2 a 5 unidades, 15% de Lucro Extra em 6 a 10 unidades. Limitado a 10 unidades por CPF. Válido para Revendedores Selecionados.;;;;;Não;Não;Não;Não;Não;Não;Não;Não;5;25;39;0;21;31;53;71;Não;Não;;Não;0;44;38.26;21;Não
13629;A;;87938;CLUB 6 EDP PRESTIGE 95ml;PERFUMARIA;PERFUMARIA MASCULINA;;;0;0;0;0;0;0;0;0;0;0;0;0;0;270;66;9;12;5;6;5;7;68;;;;;;;24.0;Franqueado: Ressarcimento via BSO. Revendedor: Compre itens selecionados de perfumaria (Diva, Eudora EDP, Kiss Me, Imensi, Velvet, Lyra, Club 6, Eudora H, Pulse e Volpe) com até 31% de desconto;Não;Não;Não;Sim;Não;Não;Não;Não;15;0;13;0;1;4;11;79;Sim;Não;Crítico;Não;0;44;45.67;1;Não
13629;B;BB;49568;CLUB 6 ESPUM P/ BARB 200ml V2;CUIDADOS COM A BARBA;PRÉ-BARBEAR;;;0;12;2;43;1;3;1;1;1;2;16;34;3;0;14;10;35;0;14;7;10;8;;;;;18.0;Consumidor/Revendedor: Compre o combo Natal Club 6 composto por: Des Col Club 6 Fever + Club 6 Espum P/ Barb 200Ml, preço de R$219,89 por R$179,90 - 18,18637% de desconto.;18.0;Consumidor/Revendedor: Compre o combo Natal Club 6 composto por: Des Col Club 6 Fever + Club 6 Espum P/ Barb 200Ml, preço de R$219,89 por R$179,90 - 18,18637% de desconto.;Não;Não;Não;Não;Não;Não;Não;Não;45;0;13;0;0;0;0;0;Sim;Não;Crítico;Não;0;50;15.73;0;Não
13629;B;BA;90609;CLUB 6 LOC DES HID CP PRESTG 150ml;CUIDADOS COM A PELE;CUIDADOS COM O CORPO;;;0;0;0;0;0;0;0;0;0;0;0;0;0;203;52;10;3;3;3;28;13;85;;;39.0;Franqueado: Ressarcimento via BSO. Consumidor/Revendedor: Itens selecionados de CUIDADOS COM A PELE e PERFUMARIA com até 39% de desconto.;;;24.0;Franqueado: Ressarcimento via BSO. Consumidor/Revendedor: Complemente seu estojo com itens selecionados de cuidados masculinos (Club 6) com até 24% de desconto;Não;Não;Não;Não;Não;Não;Não;Não;32;31;37;0;0;9;22;107;Não;Não;;Não;0;48;13.09;0;Não
13629;E;;47819;DIVA DES ANTIT AER 150ml;DESODORANTES;DESODORANTE FEMININO;;;0;0;0;0;0;0;0;0;0;0;0;0;0;0;0;0;0;0;;0;0;0;48.0;Franqueado: Ressarcimento via BSO. Consumidor/Revendedor: Itens selecionados  com até 60% de desconto.;48.0;Franqueado: Ressarcimento via BSO. Consumidor/Revendedor: Itens selecionados de PERFUMARIA, MAQUIAGEM, CABELOS, CUIDADOS COM A PELE, CUIDADOS FACIAIS, SABONETE CORPO e DESODORANTES com até 50% de desconto.;"48.0
0.0";"Franqueado: Ressarcimento via BSO. Consumidor/Revendedor: Itens selecionados PERFUMARIA, MAQUIAGEM, CUIDADOS COM A PELE, DESODORANTES e SABONETE CORPO com até 50% de desconto.
Junte ao menos 5 embalagens de qualquer marca, leve ao Espaço do Revendedor durante o Ciclo 16/2026, utilizando o cupom ""Botirecicla5"" ao fazer um pedido mínimo e ganhe um produto selecionado para vender com 100% de lucro. Promoção não válida para cartuchos.";"48.0
0.0";"Franqueado: Ressarcimento via BSO. Consumidor/Revendedor: Itens selecionados DESODORANTES, PERFUMARIA, CUIDADOS COM A PELE, MAQUIAGEM, CABELOS, ACESSÓRIOS, CUIDADOS FACIAIS, SABONETE CORPO, SOLAR e CUIDADOS COM A BARBA com até 63% de desconto.
Junte ao menos 5 embalagens de qualquer marca, leve ao Espaço do Revendedor durante o Ciclo 17/2026, utilizando o cupom ""Botirecicla5"" ao fazer um pedido mínimo e ganhe um produto selecionado para vender com 100% de lucro. Promoção não válida para cartuchos.";Não;Não;Não;Não;Não;Não;Não;Não;0;0;;0;0;0;0;0;Não;Não;;Não;0;72;9.44;0;Não
13629;B;BB;56458;DIVA DES BDY SPR ESPLENDIDA 100ml;DESODORANTES;DESODORANTE FEMININO;;;28;4;351;149;40;7;7;117;25;11;73;8;7;21;5;2;6;0;13;17;27;26;;;"20.0
18.0
18.0
17.0
17.0
16.0
16.0
0.0";"Cobre/Bronze: compre itens selecionados de Cuidados, Desodorantes e ganhe lucro extra de até 28%.
Prata: compre itens selecionados de Cuidados, Desodorantes e ganhe lucro extra de até 26,25%.
Ouro: compre itens selecionados de Cuidados, Desodorantes e ganhe lucro extra de até 25,20%.
Platina: compre itens selecionados de Cuidados, Desodorantes e ganhe lucro extra de até 24,50%.
Rubi: compre itens selecionados de Cuidados, Desodorantes e ganhe lucro extra de até 23,80%.
Diamante: compre itens selecionados de Cuidados, Desodorantes e ganhe lucro extra de até 22,75%.
Esmeralda: compre itens selecionados de Cuidados, Desodorantes e ganhe lucro extra de até 23,10%.
Franqueado: Ressarcimento via BSO. Consumidor/Revendedor: Compre 3 itens selecionados EUDORA ROXO, IMPRESSION, DIVA e VOLPE e pague 2, até 33% de desconto em cada unidade.";;;29.0;Consumidor/Revendedor: Compre o combo Natal Diva + Instance composto por: Diva esplendida body spray desodorante, 100 ml + Instance baunilha creme mãos 30g, preço de R$70,98 por R$49,90 - 29,69851% de desconto.;Não;Não;Não;Não;Não;Não;Não;Não;53;0;33;0;0;4;31;57;Não;Não;;Não;0;85;11.62;0;Não
13629;B;BA;53979;DIVA DES COL ABSOLUTA 100ml;PERFUMARIA;PERFUMARIA FEMININA;;;8;2;124;8;10;3;2;27;24;6;4;6;35;3;1;21;6;1;6;28;8;6;;;"20.0
10.0
5.0
2.0";"Franqueado: Ressarcimento via BSO. Revendedor: Compre itens selecionados de perfumaria (Eudora EDP, Diva, Imensi, Niina Secrets, Club 6, Eudora H, Pulse e Intention) com até 24% de desconto
10% de Lucro Extra em itens selecionados de Perfumaria Feminina.
5% de Lucro Extra em itens selecionados de Perfumaria Feminina.
2% de Lucro Extra em itens selecionados de Perfumaria Feminina.";;;;;Não;Não;Não;Não;Não;Não;Não;Não;25;0;26;0;14;32;40;46;Não;Não;;Não;0;45;37.03;14;Não
13629;A;;93541;DIVA DES COL ESPLENDIDA 100ml;PERFUMARIA;PERFUMARIA FEMININA;;;12;18;24;9;38;10;13;26;12;8;54;78;10;20;12;19;66;11;3;17;26;22;;;;;;;;;Não;Não;Não;Não;Não;Não;Não;Não;27;0;45;22;10;21;47;69;Não;Não;;Não;0;45;37.03;10;Não
13629;B;BA;52107;DIVA DES COL FABULOSA 100ml;PERFUMARIA;PERFUMARIA FEMININA;;;10;46;4;6;7;33;2;2;1;7;41;11;5;28;2;4;16;4;0;5;7;5;;;;;26.0;Franqueado: Ressarcimento via BSO. Consumidor/Revendedor: Nessa oferta compre COMBO DIVA FABULOSA NAT/26 - DIVA DES COL FABULOSA 100ml + EUD MAKE MASC/CILIO TURBO 10g DE R$ 204,89 POR R$ 149,90. Desconto total de 26.83879%.;26.0;Franqueado: Ressarcimento via BSO. Consumidor/Revendedor: Nessa oferta compre COMBO DIVA FABULOSA - (52107) DIVA DES COL FABULOSA 100ml + (84946) EUD MAKE MASC/CILIO TURBO 10g. DE R$ 204,89 POR R$ 149,90 Desconto total de 26.83879%.;Não;Não;Não;Não;Não;Não;Não;Não;16;0;11;0;0;2;9;14;Não;Não;;Não;0;45;37.03;0;Não
13629;C;;93545;DIVA DES COL NUIT 100ml V2;PERFUMARIA;PERFUMARIA FEMININA;;;0;1;43;1;2;0;0;0;0;0;0;0;0;0;8;5;2;0;16;2;2;2;20.0;Franqueado: Ressarcimento via BSO. Consumidor/Revendedor: Itens selecionados MAQUIAGEM, PERFUMARIA e SOLAR com até 39% de desconto.;20.0;Franqueado: Ressarcimento via BSO. Consumidor/Revendedor: Itens selecionados de MAQUIAGEM, PERFUMARIA, SOLAR e CUIDADOS COM A PELE com até 40% de desconto.;"16.0
15.0
14.0
14.0
13.0
13.0
13.0";"Revendedor Cobre/Bronze: Itens selecionados com até 59,5% de lucro extra.
Revendedor Prata: Itens selecionados com até 59,5% de lucro extra.
Revendedor Ouro: Itens selecionados com até 59,5% de lucro extra.
Revendedor Platina: Itens selecionados com até 59,5% de lucro extra.
Revendedor Diamante: Itens selecionados com até 59,5% de lucro extra.
Revendedor Rubi: Itens selecionados com até 59,5% de lucro extra.
Revendedor Esmeralda: Itens selecionados com até 59,5% de lucro extra.";20.0;Franqueado: Ressarcimento via BSO. Consumidor/Revendedor: Itens selecionados CABELOS, MAQUIAGEM, CUIDADOS COM A PELE, PERFUMARIA, CUIDADOS COM A BARBA, ACESSÓRIOS, SOLAR, SABONETE CORPO, DESODORANTES e CUIDADOS FACIAIS com até 45% de desconto.;Não;Não;Não;Não;Não;Não;Não;Não;0;0;3;2;2;3;5;7;Não;Não;;Não;0;45;37.03;2;Não
13629;B;BA;59012;DIVA DES COL SUPREMA 100ml;PERFUMARIA;PERFUMARIA FEMININA;;;9;7;1;75;7;4;6;31;10;7;9;17;7;5;22;9;4;17;3;8;10;43;"23.0
7.0
2.0";"Franqueado: Ressarcimento via BSO. Consumidor/Revendedor: Compre DIVA DESODORANTE COLONIA SUPREMA 100ml com até 23,34890% de desconto.
7% de Lucro Extra em 2 ou mais Diva Suprema Desodorante Colônia 100Ml (59012).
2% de Lucro Extra em 2 ou mais Diva Suprema Desodorante Colônia 100Ml (59012).";;;;;20.0;Franqueado: Ressarcimento via BSO. Revendedor: Compre itens selecionados de perfumaria (Diva, Eudora EDP, Kiss Me, Imensi, Velvet, Lyra, Club 6, Eudora H, Pulse e Volpe) com até 31% de desconto;Não;Não;Não;Não;Não;Não;Não;Não;26;0;16;2;4;9;19;62;Não;Não;;Não;0;45;37.03;4;Não
13629;B;BA;85328;DIVA DES COL V3 100ml;PERFUMARIA;PERFUMARIA FEMININA;;;26;12;10;11;4;7;68;9;33;7;3;31;4;13;4;28;3;2;3;8;60;24;;;;;26.0;Franqueado: Ressarcimento via BSO. Revendedor: Na Beauty Week, compre itens selecionados de perfumaria Eudora (Eudora EDP, Diva, Kiss Me, Velvet, Lyra, Magnific, Club 6, Eudora H, Pulse, Intention, Impression e Volpe) com até 41% de desconto;26.0;Franqueado: Ressarcimento via BSO. Consumidor/Revendedor: Itens selecionados DESODORANTES, PERFUMARIA, CUIDADOS COM A PELE, MAQUIAGEM, CABELOS, ACESSÓRIOS, CUIDADOS FACIAIS, SABONETE CORPO, SOLAR e CUIDADOS COM A BARBA com até 63% de desconto.;Não;Não;Não;Não;Não;Não;Não;Não;44;0;56;0;17;23;83;107;Não;Não;;Não;0;45;37.03;17;Não
13629;C;;93546;DIVA LOC DES HID CPO 200ml V2;CUIDADOS COM A PELE;CUIDADOS COM O CORPO;;202617;1;1;4;0;0;0;0;0;0;0;0;6;1;0;0;20;0;0;33;0;10;0;;;;;23.0;Franqueado: Ressarcimento via BSO. Consumidor/Revendedor: Itens selecionados de Instance, La Victorie , Eudora Edp e Diva com até 32% de desconto;24.0;Franqueado: Ressarcimento via BSO. Consumidor/Revendedor: Itens selecionados DESODORANTES, PERFUMARIA, CUIDADOS COM A PELE, MAQUIAGEM, CABELOS, ACESSÓRIOS, CUIDADOS FACIAIS, SABONETE CORPO, SOLAR e CUIDADOS COM A BARBA com até 63% de desconto.;Não;Não;Não;Não;Não;Não;Não;Não;2;0;8;0;5;5;15;15;Não;Não;;Não;0;48;14.32;5;Não
13629;C;;87151;DIVA LOC DES HID CPO ARIANA GRANDE 150ml;CUIDADOS COM A PELE;CUIDADOS COM O CORPO;;;0;1;2;16;0;1;0;0;2;3;3;25;0;0;17;1;3;0;16;2;4;2;25.0;Franqueado: Ressarcimento via BSO. Consumidor/Revendedor: Itens selecionados  com até 60% de desconto.;28.0;Até 43% LUCRO EXTRA em itens selecionados de Corpo e Banho . Limitado a 3 unidades por revendedor.;;;18.0;Franqueado: Ressarcimento via BSO. Consumidor/Revendedor: Itens selecionados CABELOS, MAQUIAGEM, CUIDADOS COM A PELE, PERFUMARIA, CUIDADOS COM A BARBA, ACESSÓRIOS, SOLAR, SABONETE CORPO, DESODORANTES e CUIDADOS FACIAIS com até 45% de desconto.;Não;Não;Não;Não;Não;Não;Não;Não;2;0;5;3;2;3;7;9;Sim;Não;Crítico;Não;0;48;13.58;2;Não
13629;E;;48150;EUD BABY SAB BARRA 2x80g;INFANTIL;SABONETES;;;0;1;1;0;0;0;0;0;0;0;0;0;0;0;0;0;0;0;327;0;1;0;"16.0
15.0
14.0
14.0
13.0
13.0
13.0";"Revendedor Cobre/Bronze: Itens selecionados com até 40% de lucro extra.
Revendedor Prata: Itens selecionados com até 37,5% de lucro extra.
Revendedor Platina: Itens selecionados com até 35% de lucro extra.
Revendedor Ouro: Itens selecionados com até 36% de lucro extra.
Revendedor Diamante: Itens selecionados com até 32,5% de lucro extra.
Revendedor Esmeralda: Itens selecionados com até 33% de lucro extra.
Revendedor Rubi: Itens selecionados com até 34% de lucro extra.";;;20.0;Franqueado: Ressarcimento via BSO. Consumidor/Revendedor: Itens selecionados INFANTIL, ACESSÓRIOS, PERFUMARIA, MAQUIAGEM, CUIDADOS COM A PELE, CABELOS, GIFTS, SABONETE CORPO, CUIDADOS FACIAIS, SOLAR e ÓLEOS com até 63% de desconto.;20.0;Franqueado: Ressarcimento via BSO. Consumidor/Revendedor: Itens selecionados INFANTIL, ACESSÓRIOS, PERFUMARIA, MAQUIAGEM, CUIDADOS COM A PELE, CABELOS, GIFTS, SABONETE CORPO, CUIDADOS FACIAIS, SOLAR e ÓLEOS com até 63% de desconto.;Não;Não;Não;Não;Não;Não;Não;Não;0;0;1;0;0;0;1;1;Sim;Não;Crítico;Não;0;70;6.46;0;Não
13629;C;;93729;EUD BABY TOALHA C/CAPUZ PES;ACESSÓRIOS;CORPO E BANHO;;;0;3;24;2;1;0;0;2;1;0;1;2;2;1;0;2;1;7;8;2;4;2;50.0;Franqueado: Ressarcimento via BSO. Consumidor/Revendedor: Itens selecionados  com até 60% de desconto.;18.0;Franqueado: Ressarcimento via BSO. Consumidor/Revendedor: Itens selecionados com até 60% de desconto.;47.0;Franqueado: Ressarcimento via BSO. Consumidor/Revendedor: Itens selecionados MAQUIAGEM, PERFUMARIA, ÓLEOS, ACESSÓRIOS, INFANTIL, CUIDADOS COM A PELE, CABELOS, CUIDADOS FACIAIS e CUIDADOS COM A BARBA com até 51% de desconto.;47.0;Franqueado: Ressarcimento via BSO. Consumidor/Revendedor: Itens selecionados MAQUIAGEM, PERFUMARIA, ÓLEOS, ACESSÓRIOS, INFANTIL, CUIDADOS COM A PELE, CABELOS e CUIDADOS FACIAIS com até 51% de desconto.;Não;Não;Não;Não;Não;Não;Não;Não;0;0;5;3;2;3;7;9;Não;Não;;Não;0;20;32.95;2;Não
13629;C;;93640;EUD BOLSA REVEND PES PRETA C/ALC;ACESSÓRIOS;ORGANIZADOR COSTURÁVEL;;;0;0;0;0;5;0;0;0;0;0;0;0;0;0;7;13;2;0;19;1;3;2;"44.0
41.0
39.0
38.0
37.0
36.0
35.0
0.0";"Revendedor Cobre/Bronze: Itens selecionados com até 44% de lucro extra.
Revendedor Prata: Itens selecionados com até 41,25% de lucro extra.
Revendedor Ouro: Itens selecionados com até 39,6% de lucro extra.
Revendedor Platina: Itens selecionados com até 38,5% de lucro extra.
Revendedor Rubi: Itens selecionados com até 37,4% de lucro extra.
Revendedor Esmeralda: Itens selecionados com até 36,3% de lucro extra.
Revendedor Diamante: Itens selecionados com até 35,75% de lucro extra.
Faça um pedido no Espaço do Revendedor de R$250,00 em itens O Boticário e Eudora no dia 08/10 e ganhe uma bolsa exclusiva. Brinde não garantido.";;;"31.0
24.0
22.0
21.0
21.0
20.0
19.0
19.0";"Franqueado: Ressarcimento via BSO. Consumidor/Revendedor: Itens selecionados MAQUIAGEM, PERFUMARIA, ÓLEOS, ACESSÓRIOS, INFANTIL, CUIDADOS COM A PELE, CABELOS, CUIDADOS FACIAIS e CUIDADOS COM A BARBA com até 51% de desconto.
Revendedor Cobre/Bronze: Itens selecionados com até 59,5% de lucro extra.
Revendedor Prata: Itens selecionados com até 59,5% de lucro extra.
Revendedor Ouro: Itens selecionados com até 59,5% de lucro extra.
Revendedor Platina: Itens selecionados com até 59,5% de lucro extra.
Revendedor Rubi: Itens selecionados com até 59,5% de lucro extra.
Revendedor Diamante: Itens selecionados com até 59,5% de lucro extra.
Revendedor Esmeralda: Itens selecionados com até 59,5% de lucro extra.";"31.0
30.0
30.0
30.0
30.0
30.0
30.0
30.0";"Franqueado: Ressarcimento via BSO. Consumidor/Revendedor: Itens selecionados MAQUIAGEM, PERFUMARIA, ÓLEOS, ACESSÓRIOS, INFANTIL, CUIDADOS COM A PELE, CABELOS e CUIDADOS FACIAIS com até 51% de desconto.
Revendedor Diamante: Itens selecionados com até 38,68% de lucro extra.
Revendedor Esmeralda: Itens selecionados com até 39,27% de lucro extra.
Revendedor Rubi: Itens selecionados com até 40,46% de lucro extra.
Revendedor Platina: Itens selecionados com até 41,65% de lucro extra.
Revendedor Ouro: Itens selecionados com até 42,84% de lucro extra.
Revendedor Prata: Itens selecionados com até 44,63% de lucro extra.
Revendedor Cobre/Bronze: Itens selecionados com até 47,6% de lucro extra.";Não;Não;Não;Não;Não;Não;Não;Não;1;0;3;0;3;3;6;8;Não;Não;;Não;0;15;27.21;3;Não
13629;C;;57902;EUD BOLSA TOTE GOLD PU;ACESSÓRIOS;ORGANIZADOR COSTURÁVEL;;;6;0;5;1;1;1;0;0;0;0;0;0;2;1;2;2;0;0;37;2;2;2;23.0;Franqueado: Ressarcimento via BSO. Consumidor/Revendedor: Itens selecionados  com até 60% de desconto.;23.0;Franqueado: Ressarcimento via BSO. Consumidor/Revendedor: Itens selecionados com até 60% de desconto.;50.0;Franqueado: Ressarcimento via BSO. Consumidor/Revendedor: Itens selecionados MAQUIAGEM, PERFUMARIA, ÓLEOS, ACESSÓRIOS, INFANTIL, CUIDADOS COM A PELE, CABELOS, CUIDADOS FACIAIS e CUIDADOS COM A BARBA com até 51% de desconto.;50.0;Franqueado: Ressarcimento via BSO. Consumidor/Revendedor: Itens selecionados MAQUIAGEM, PERFUMARIA, ÓLEOS, ACESSÓRIOS, INFANTIL, CUIDADOS COM A PELE, CABELOS e CUIDADOS FACIAIS com até 51% de desconto.;Não;Não;Não;Não;Não;Não;Não;Não;1;0;3;1;3;4;6;8;Não;Não;;Não;0;13;37.27;3;Não
13629;E;;96397;EUD CR DES HID CP ABSOLU 200g;CUIDADOS COM A PELE;CUIDADOS COM O CORPO;202612;;0;0;0;0;0;0;0;0;0;0;0;0;0;0;140;254;45;11;3;6;7;36;18.0;Franqueado: Ressarcimento via BSO. Consumidor/Revendedor: Itens selecionados CUIDADOS COM A PELE, MAQUIAGEM e PERFUMARIA com até 31% de desconto.;;;;;15.0;Franqueado: Ressarcimento via BSO. Consumidor/Revendedor: Itens selecionados de Corpo e banho (Instance e Forbes) com até 27% de desconto;Não;Não;Não;Não;Não;Não;Não;Não;112;0;6;0;0;0;0;0;Não;Não;;Não;0;24;29.64;0;Não
13629;B;BA;52745;EUD CR DES HID CPO AVELU VELV SENS 250g;CUIDADOS COM A PELE;CUIDADOS COM O CORPO;;;14;24;122;59;9;34;23;7;10;23;48;20;13;7;8;0;2;9;3;13;18;14;;;;;21.0;Consumidor/Revendedor: Compre o combo Natal Velvet composto por: Eudora Desodorante Colônia Velvet Sensual 100Ml + Velvet Sensual Creme Hidratante Desodorante Corporal Aveludado 250 G, preço de R$229,89 por R$179,90 - 21,74518% de desconto.;21.0;Consumidor/Revendedor: Compre o combo Natal Velvet composto por: Eudora Desodorante Colônia Velvet Sensual 100Ml + Velvet Sensual Creme Hidratante Desodorante Corporal Aveludado 250 G, preço de R$229,89 por R$179,90 - 21,74518% de desconto.;Não;Não;Não;Não;Não;Não;Não;Não;5;1;28;48;0;0;10;24;Não;Não;;Não;0;24;24.7;0;Não
13629;B;BB;86750;EUD CREM DES HID CPO GOLDEN V2 250g;CUIDADOS COM A PELE;CUIDADOS COM O CORPO;;;4;94;4;2;0;7;22;0;4;10;15;0;5;5;4;1;4;1;8;2;4;4;;;;;26.0;Consumidor/Revendedor: Compre o combo Natal Golden composto por: Eudora Eau De Parfum Golden, 75 Ml + Eudora Creme Desodorante Hidratante Corporal Golden 250G, preço de R$364,89 por R$269,90 - 26,03250% de desconto.;26.0;Consumidor/Revendedor: Compre o combo Natal Golden composto por: Eudora Eau De Parfum Golden, 75 Ml + Eudora Creme Desodorante Hidratante Corporal Golden 250G, preço de R$364,89 por R$269,90 - 26,03250% de desconto.;Não;Não;Não;Não;Não;Não;Não;Não;20;0;5;0;0;0;0;0;Sim;Não;Crítico;Não;0;24;29.64;0;Não
13629;B;BA;87807;EUD CREM DES HID CPO INDULGENT V4 250g;CUIDADOS COM A PELE;CUIDADOS COM O CORPO;;;8;45;115;100;20;38;22;16;0;0;0;24;30;28;33;0;21;4;2;86;22;14;;;16.0;Franqueado: Ressarcimento via BSO. Consumidor/Revendedor: Itens selecionados de Instance, Eudora Edp, Imensi e Niina Secrets com até 31%de desconto;;;;;Não;Não;Não;Não;Não;Não;Não;Não;21;0;73;48;43;98;120;134;Não;Não;;Não;0;24;29.64;43;Não
13629;B;BA;88687;EUD CREM DES HID CPO NOIR 250g;CUIDADOS COM A PELE;CUIDADOS COM O CORPO;;;10;11;6;16;8;17;5;2;11;15;6;3;50;7;8;15;3;0;18;7;43;16;"40.0
16.0
15.0
14.0
14.0
13.0
13.0
13.0";"Franqueado: Ressarcimento via BSO. Consumidor/Revendedor: Itens selecionados CUIDADOS COM A PELE, PERFUMARIA e SABONETE CORPO com até 40% de desconto.
Revendedor Cobre/Bronze: Itens selecionados com até 20% de lucro extra.
Revendedor Prata: Itens selecionados com até 18,75% de lucro extra.
Revendedor Platina: Itens selecionados com até 17,5% de lucro extra.
Revendedor Ouro: Itens selecionados com até 18% de lucro extra.
Revendedor Esmeralda: Itens selecionados com até 16,5% de lucro extra.
Revendedor Rubi: Itens selecionados com até 17% de lucro extra.
Revendedor Diamante: Itens selecionados com até 16,25% de lucro extra.";"16.0
15.0
14.0
14.0
13.0
13.0
13.0";"Revendedor Cobre/Bronze: Itens selecionados com até 20% de lucro extra.
Revendedor Prata: Itens selecionados com até 18,75% de lucro extra.
Revendedor Platina: Itens selecionados com até 17,5% de lucro extra.
Revendedor Ouro: Itens selecionados com até 18% de lucro extra.
Revendedor Diamante: Itens selecionados com até 16,25% de lucro extra.
Revendedor Rubi: Itens selecionados com até 17% de lucro extra.
Revendedor Esmeralda: Itens selecionados com até 16,5% de lucro extra.";22.0;Franqueado: Ressarcimento via BSO. Consumidor/Revendedor: Itens selecionados de Instance, La Victorie , Eudora Edp e Diva com até 32% de desconto;23.0;Franqueado: Ressarcimento via BSO. Consumidor/Revendedor: Itens selecionados DESODORANTES, PERFUMARIA, CUIDADOS COM A PELE, MAQUIAGEM, CABELOS, ACESSÓRIOS, CUIDADOS FACIAIS, SABONETE CORPO, SOLAR e CUIDADOS COM A BARBA com até 63% de desconto.;Não;Não;Não;Não;Não;Não;Não;Não;19;0;40;9;28;32;75;91;Não;Não;;Não;0;24;29.64;28;Não
13629;B;BB;86751;EUD CREM DES HID CPO ROSE V2 250g;CUIDADOS COM A PELE;CUIDADOS COM O CORPO;;;9;6;5;38;1;7;7;2;6;32;1;2;5;21;3;3;11;2;10;14;6;4;;;16.0;Franqueado: Ressarcimento via BSO. Consumidor/Revendedor: Itens selecionados de Instance, Eudora Edp, Imensi e Niina Secrets com até 31%de desconto;;;;;Não;Não;Não;Não;Não;Não;Não;Não;63;0;12;0;0;0;0;0;Não;Não;;Não;0;24;29.64;0;Não
13629;C;;86749;EUD CREM DES HID CPO ROUGE V3 250g;CUIDADOS COM A PELE;CUIDADOS COM O CORPO;;;8;42;192;107;0;0;0;0;0;0;0;1;5;0;4;0;8;0;15;25;4;3;;;16.0;Franqueado: Ressarcimento via BSO. Consumidor/Revendedor: Itens selecionados de Instance, Eudora Edp, Imensi e Niina Secrets com até 31%de desconto;;;;;Não;Não;Não;Não;Não;Não;Não;Não;0;8;16;15;3;19;23;26;Não;Não;;Não;0;24;29.64;3;Não
13629;E;;57057;EUD CX PRESENTEAVEL MAES/24;ACESSÓRIOS;EMBALAGEM PRESENTEÁVEL;;;0;0;0;0;0;0;0;0;0;0;0;0;0;0;0;0;0;0;;0;0;0;"32.0
30.0
28.0
28.0
27.0
26.0
26.0
0.0";"Revendedor Cobre/Bronze: Itens selecionados com até 44% de lucro extra.
Revendedor Prata: Itens selecionados com até 41,25% de lucro extra.
Revendedor Platina: Itens selecionados com até 38,5% de lucro extra.
Revendedor Ouro: Itens selecionados com até 39,6% de lucro extra.
Revendedor Rubi: Itens selecionados com até 37,4% de lucro extra.
Revendedor Esmeralda: Itens selecionados com até 36,3% de lucro extra.
Revendedor Diamante: Itens selecionados com até 35,75% de lucro extra.
Ao fazer um pedido mínimo, ganhe 3 embalagens selecionadas. Limitado a 1 conquista por CPF.";0.0;Ao fazer um pedido mínimo, ganhe 3 embalagens selecionadas. Limitado a 1 conquista por CPF.;0.0;Ao fazer um pedido mínimo, ganhe 3 embalagens selecionadas. Limitado a 1 conquista por CPF.;0.0;Ao fazer um pedido mínimo, ganhe 3 embalagens selecionadas. Limitado a 1 conquista por CPF.;Não;Não;Não;Não;Não;Não;Não;Não;0;1;0;0;0;0;0;0;Não;Não;;Não;0;70;1.79;0;Não
13629;B;BB;58633;EUD DES BDY SPR V2 100ml;DESODORANTES;DESODORANTE FEMININO;;;26;11;185;42;76;15;19;9;92;9;8;20;28;19;12;25;15;11;3;20;27;21;;;0.0;Franqueado: Ressarcimento via BSO. Consumidor/Revendedor: Compre 3 itens selecionados EUDORA ROXO, IMPRESSION, DIVA e VOLPE e pague 2, até 33% de desconto em cada unidade.;;;;;Não;Não;Não;Não;Não;Não;Não;Não;26;0;35;60;0;0;5;26;Não;Não;;Não;0;85;11.62;0;Não
13629;B;BB;90141;EUD DES BDY SPR VELVET SOUL 100ml;DESODORANTES;DESODORANTE FEMININO;;;0;0;0;0;0;0;0;0;0;0;0;0;160;8;9;3;4;1;5;11;68;14;;;;;11.0;Franqueado: Ressarcimento via BSO. Consumidor/Revendedor: Itens selecionados DESODORANTES com até 15% de desconto.;12.0;Franqueado: Ressarcimento via BSO. Consumidor/Revendedor: Itens selecionados DESODORANTES, PERFUMARIA, CUIDADOS COM A PELE, MAQUIAGEM, CABELOS, ACESSÓRIOS, CUIDADOS FACIAIS, SABONETE CORPO, SOLAR e CUIDADOS COM A BARBA com até 63% de desconto.;Não;Não;Não;Não;Não;Não;Não;Não;251;0;48;0;0;0;0;0;Não;Não;;Não;0;85;11.62;0;Não
13629;E;;89715;EUD DES BODY SPRAY ABSOLU 100ml;DESODORANTES;DESODORANTE FEMININO;202612;;0;0;0;0;0;0;0;0;0;0;0;0;0;0;41;77;22;11;3;23;0;76;;;0.0;Franqueado: Ressarcimento via BSO. Consumidor/Revendedor: Compre 3 itens selecionados EUDORA ROXO, IMPRESSION, DIVA e VOLPE e pague 2, até 33% de desconto em cada unidade.;;;11.0;Franqueado: Ressarcimento via BSO. Consumidor/Revendedor: Itens selecionados PERFUMARIA e DESODORANTES com até 16% de desconto.;Não;Não;Não;Não;Não;Não;Não;Não;443;0;25;0;0;0;0;0;Não;Não;;Não;0;85;11.62;0;Não
13629;C;;94057;EUD DES COL VELV AUTHENTIC 100ml;PERFUMARIA;PERFUMARIA FEMININA;;;4;4;2;10;2;3;1;2;1;2;7;2;0;0;0;0;0;0;136;2;2;3;"8.0
7.0
7.0
7.0
6.0
6.0
6.0";"Revendedor Cobre/Bronze: Itens selecionados com até 40% de lucro extra.
Revendedor Prata: Itens selecionados com até 37,5% de lucro extra.
Revendedor Platina: Itens selecionados com até 35% de lucro extra.
Revendedor Ouro: Itens selecionados com até 36% de lucro extra.
Revendedor Diamante: Itens selecionados com até 32,5% de lucro extra.
Revendedor Esmeralda: Itens selecionados com até 33% de lucro extra.
Revendedor Rubi: Itens selecionados com até 34% de lucro extra.";;;"8.0
7.0
7.0
7.0
6.0
6.0
6.0";"Revendedor Cobre/Bronze: Itens selecionados com até 59,5% de lucro extra.
Revendedor Prata: Itens selecionados com até 59,5% de lucro extra.
Revendedor Ouro: Itens selecionados com até 59,5% de lucro extra.
Revendedor Platina: Itens selecionados com até 59,5% de lucro extra.
Revendedor Diamante: Itens selecionados com até 59,5% de lucro extra.
Revendedor Rubi: Itens selecionados com até 59,5% de lucro extra.
Revendedor Esmeralda: Itens selecionados com até 59,5% de lucro extra.";26.0;Franqueado: Ressarcimento via BSO. Consumidor/Revendedor: Itens selecionados CABELOS, MAQUIAGEM, CUIDADOS COM A PELE, PERFUMARIA, CUIDADOS COM A BARBA, ACESSÓRIOS, SOLAR, SABONETE CORPO, DESODORANTES e CUIDADOS FACIAIS com até 45% de desconto.;Não;Não;Não;Não;Não;Não;Não;Não;0;0;3;0;4;5;7;10;Sim;Não;Crítico;Não;0;29;32.09;4;Não
13629;C;;87517;EUD DES COL VELV CONFIDENT V2 100ml;PERFUMARIA;PERFUMARIA FEMININA;;;36;0;2;20;12;1;0;4;0;1;1;19;1;0;1;2;0;0;44;2;2;8;30.0;Revendedor selecionado Inícios de Berçário (até 3 ciclos de vida), ganhe 30% de Lucro Extra em itens selecionados. Limitado a 1 unidade por CPF.;;;;;19.0;Franqueado: Ressarcimento via BSO. Revendedor: Compre itens selecionados de perfumaria (Diva, Eudora EDP, Kiss Me, Imensi, Velvet, Lyra, Club 6, Eudora H, Pulse e Volpe) com até 31% de desconto;Não;Não;Não;Não;Não;Não;Não;Não;0;5;3;0;0;1;3;11;Não;Não;;Não;0;29;32.09;0;Não
13629;C;;94059;EUD DES COL VELV CRIST 100ml;PERFUMARIA;PERFUMARIA FEMININA;;;6;5;3;13;1;0;2;0;0;0;0;0;0;0;3;2;3;0;16;1;3;2;;;;;"33.0
8.0
7.0
7.0
7.0
6.0
6.0
6.0";"Franqueado: Ressarcimento via BSO. Consumidor/Revendedor: Itens selecionados INFANTIL, ACESSÓRIOS, PERFUMARIA, MAQUIAGEM, CUIDADOS COM A PELE, CABELOS, GIFTS, SABONETE CORPO, CUIDADOS FACIAIS, SOLAR e ÓLEOS com até 63% de desconto.
Revendedor Cobre/Bronze: Itens selecionados com até 24% de lucro extra.
Revendedor Platina: Itens selecionados com até 21% de lucro extra.
Revendedor Prata: Itens selecionados com até 22,5% de lucro extra.
Revendedor Ouro: Itens selecionados com até 21,6% de lucro extra.
Revendedor Rubi: Itens selecionados com até 20,4% de lucro extra.
Revendedor Diamante: Itens selecionados com até 19,5% de lucro extra.
Revendedor Esmeralda: Itens selecionados com até 19,8% de lucro extra.";33.0;Franqueado: Ressarcimento via BSO. Consumidor/Revendedor: Itens selecionados INFANTIL, ACESSÓRIOS, PERFUMARIA, MAQUIAGEM, CUIDADOS COM A PELE, CABELOS, GIFTS, SABONETE CORPO, CUIDADOS FACIAIS, SOLAR e ÓLEOS com até 63% de desconto.;Não;Não;Não;Não;Não;Não;Não;Não;0;0;3;0;3;4;7;9;Sim;Não;Crítico;Não;0;29;32.09;3;Não
13629;B;BB;94060;EUD DES COL VELV DIVINE 100ml;PERFUMARIA;PERFUMARIA FEMININA;;;2;16;2;4;21;5;5;9;12;6;8;6;1;3;5;10;1;5;3;4;22;14;19.0;Franqueado: Ressarcimento via BSO. Revendedor: Compre itens selecionados de perfumaria Eudora (Eudora EDP, Kiss Me, La Victorie, Velvet, Magnific, Club 6, Eudora H e Pulse) com até 25% de desconto;;;33.0;Franqueado: Ressarcimento via BSO. Consumidor/Revendedor: Itens selecionados MAQUIAGEM, PERFUMARIA, ÓLEOS, ACESSÓRIOS, INFANTIL, CUIDADOS COM A PELE, CABELOS, CUIDADOS FACIAIS e CUIDADOS COM A BARBA com até 51% de desconto.;33.0;Franqueado: Ressarcimento via BSO. Consumidor/Revendedor: Itens selecionados MAQUIAGEM, PERFUMARIA, ÓLEOS, ACESSÓRIOS, INFANTIL, CUIDADOS COM A PELE, CABELOS e CUIDADOS FACIAIS com até 51% de desconto.;Não;Não;Não;Não;Não;Não;Não;Não;10;0;19;0;17;19;41;55;Sim;Não;Crítico;Não;0;29;32.09;17;Não
13629;B;BA;87518;EUD DES COL VELV SENS V2 100ml;PERFUMARIA;PERFUMARIA FEMININA;;;3;0;8;15;6;17;3;12;3;0;33;8;4;3;37;6;1;8;2;4;6;5;;;;;21.0;Consumidor/Revendedor: Compre o combo Natal Velvet composto por: Eudora Desodorante Colônia Velvet Sensual 100Ml + Velvet Sensual Creme Hidratante Desodorante Corporal Aveludado 250 G, preço de R$229,89 por R$179,90 - 21,74518% de desconto.;21.0;Consumidor/Revendedor: Compre o combo Natal Velvet composto por: Eudora Desodorante Colônia Velvet Sensual 100Ml + Velvet Sensual Creme Hidratante Desodorante Corporal Aveludado 250 G, preço de R$229,89 por R$179,90 - 21,74518% de desconto.;Não;Não;Não;Não;Não;Não;Não;Não;81;0;9;0;0;0;0;0;Não;Não;;Não;0;29;32.09;0;Não
13629;B;BB;57550;EUD DES COL VELVET INSPIRE 100ml;PERFUMARIA;PERFUMARIA FEMININA;;;8;65;11;7;10;7;4;22;22;3;4;20;7;2;3;7;0;1;3;6;32;25;;;;;33.0;Franqueado: Ressarcimento via BSO. Consumidor/Revendedor: Itens selecionados INFANTIL, ACESSÓRIOS, PERFUMARIA, MAQUIAGEM, CUIDADOS COM A PELE, CABELOS, GIFTS, SABONETE CORPO, CUIDADOS FACIAIS, SOLAR e ÓLEOS com até 63% de desconto.;33.0;Franqueado: Ressarcimento via BSO. Consumidor/Revendedor: Itens selecionados INFANTIL, ACESSÓRIOS, PERFUMARIA, MAQUIAGEM, CUIDADOS COM A PELE, CABELOS, GIFTS, SABONETE CORPO, CUIDADOS FACIAIS, SOLAR e ÓLEOS com até 63% de desconto.;Não;Não;Não;Não;Não;Não;Não;Não;28;0;28;0;4;8;40;65;Não;Não;;Não;0;29;32.09;4;Não
13629;A;;86259;EUD DES COL VELVET SENSUAL INTENSE 100ml;PERFUMARIA;PERFUMARIA FEMININA;;;0;54;252;128;30;4;17;9;11;26;10;81;0;15;20;11;6;7;3;12;18;13;19.0;Franqueado: Ressarcimento via BSO. Revendedor: Compre itens selecionados de perfumaria Eudora (Eudora EDP, Kiss Me, La Victorie, Velvet, Magnific, Club 6, Eudora H e Pulse) com até 25% de desconto;;;;;30.0;Revendedor selecionado Inícios de Berçário (até 3 ciclos de vida), ganhe 30% de Lucro Extra em itens selecionados. Limitado a 1 unidade por CPF. Válido para Revendedores Selecionados.;Não;Não;Não;Não;Não;Não;Não;Não;83;0;31;0;0;0;0;9;Não;Não;;Não;0;29;32.09;0;Não
13629;A;;89767;EUD DES COL VELVET SOUL 100ml;PERFUMARIA;PERFUMARIA FEMININA;;;0;0;0;0;0;0;0;0;0;0;0;0;287;10;5;3;20;3;5;7;71;36;;;;;38.0;Franqueado: Ressarcimento via BSO. Revendedor: Na Beauty Week, compre itens selecionados de perfumaria Eudora (Eudora EDP, Diva, Kiss Me, Velvet, Lyra, Magnific, Club 6, Eudora H, Pulse, Intention, Impression e Volpe) com até 41% de desconto;38.0;Franqueado: Ressarcimento via BSO. Consumidor/Revendedor: Itens selecionados DESODORANTES, PERFUMARIA, CUIDADOS COM A PELE, MAQUIAGEM, CABELOS, ACESSÓRIOS, CUIDADOS FACIAIS, SABONETE CORPO, SOLAR e CUIDADOS COM A BARBA com até 63% de desconto.;Não;Não;Não;Não;Não;Não;Não;Não;141;0;80;0;0;0;20;56;Não;Não;;Não;0;29;32.09;0;Não
13629;E;;89642;EUD EDP ABSOLU 75ml;PERFUMARIA;PERFUMARIA FEMININA;202612;;0;0;0;0;0;0;0;0;0;0;0;0;0;0;175;303;38;18;2;8;9;35;25.0;Franqueado: Ressarcimento via BSO. Consumidor/Revendedor: Itens selecionados CUIDADOS COM A PELE, MAQUIAGEM e PERFUMARIA com até 31% de desconto.;;;;;26.0;Franqueado: Ressarcimento via BSO. Revendedor: Compre itens selecionados de perfumaria (Diva, Eudora EDP, Kiss Me, Imensi, Velvet, Lyra, Club 6, Eudora H, Pulse e Volpe) com até 31% de desconto;Não;Não;Não;Sim;Não;Não;Não;Não;421;0;8;0;0;0;0;0;Não;Não;;Não;0;48;60.49;0;Não
13629;B;BA;87017;EUD EDP GOLDEN V2 75ml;PERFUMARIA;PERFUMARIA FEMININA;;;64;2;12;21;10;37;4;2;3;5;30;9;2;0;10;2;5;18;4;4;6;4;26.0;Franqueado: Ressarcimento via BSO. Consumidor/Revendedor: Itens selecionados  com até 60% de desconto.;;;26.0;Consumidor/Revendedor: Compre o combo Natal Golden composto por: Eudora Eau De Parfum Golden, 75 Ml + Eudora Creme Desodorante Hidratante Corporal Golden 250G, preço de R$364,89 por R$269,90 - 26,03250% de desconto.;26.0;Consumidor/Revendedor: Compre o combo Natal Golden composto por: Eudora Eau De Parfum Golden, 75 Ml + Eudora Creme Desodorante Hidratante Corporal Golden 250G, preço de R$364,89 por R$269,90 - 26,03250% de desconto.;Não;Não;Não;Não;Não;Não;Não;Não;4;0;9;6;4;6;12;16;Não;Não;;Não;0;48;60.49;4;Não
13629;A;;86902;EUD EDP NOIR 75ml;PERFUMARIA;PERFUMARIA FEMININA;;;9;20;10;44;10;6;4;7;9;15;6;6;47;4;3;14;2;3;4;8;49;26;;;;;34.0;Franqueado: Ressarcimento via BSO. Revendedor: Na Beauty Week, compre itens selecionados de perfumaria Eudora (Eudora EDP, Diva, Kiss Me, Velvet, Lyra, Magnific, Club 6, Eudora H, Pulse, Intention, Impression e Volpe) com até 41% de desconto;34.0;Franqueado: Ressarcimento via BSO. Consumidor/Revendedor: Itens selecionados DESODORANTES, PERFUMARIA, CUIDADOS COM A PELE, MAQUIAGEM, CABELOS, ACESSÓRIOS, CUIDADOS FACIAIS, SABONETE CORPO, SOLAR e CUIDADOS COM A BARBA com até 63% de desconto.;Não;Não;Não;Não;Não;Não;Não;Não;20;15;58;0;29;34;83;109;Não;Não;;Não;0;48;60.49;29;Não
13629;A;;85268;EUD EDP ROSE V2 75ml;PERFUMARIA;PERFUMARIA FEMININA;;;6;17;17;43;4;39;4;6;12;46;29;13;8;23;3;6;7;0;13;29;11;8;;;"22.0
10.0
5.0
2.0";"Franqueado: Ressarcimento via BSO. Revendedor: Compre itens selecionados de perfumaria (Eudora EDP, Diva, Imensi, Niina Secrets, Club 6, Eudora H, Pulse e Intention) com até 24% de desconto
10% de Lucro Extra em itens selecionados de Perfumaria Feminina.
5% de Lucro Extra em itens selecionados de Perfumaria Feminina.
2% de Lucro Extra em itens selecionados de Perfumaria Feminina.";;;;;Não;Não;Não;Não;Não;Não;Não;Não;22;3;34;0;23;42;53;61;Não;Não;;Não;0;48;60.49;23;Não
13629;A;;87014;EUD EDP ROUGE V3 75ml;PERFUMARIA;PERFUMARIA FEMININA;;;3;3;254;51;0;4;11;34;5;2;17;16;4;6;28;6;1;10;3;5;36;24;20.0;Franqueado: Ressarcimento via BSO. Revendedor: Compre itens selecionados de perfumaria Eudora (Eudora EDP, Kiss Me, La Victorie, Velvet, Magnific, Club 6, Eudora H e Pulse) com até 25% de desconto;;;29.0;Franqueado: Ressarcimento via BSO. Consumidor/Revendedor: Itens selecionados INFANTIL, ACESSÓRIOS, PERFUMARIA, MAQUIAGEM, CUIDADOS COM A PELE, CABELOS, GIFTS, SABONETE CORPO, CUIDADOS FACIAIS, SOLAR e ÓLEOS com até 63% de desconto.;29.0;Franqueado: Ressarcimento via BSO. Consumidor/Revendedor: Itens selecionados INFANTIL, ACESSÓRIOS, PERFUMARIA, MAQUIAGEM, CUIDADOS COM A PELE, CABELOS, GIFTS, SABONETE CORPO, CUIDADOS FACIAIS, SOLAR e ÓLEOS com até 63% de desconto.;Não;Não;Não;Não;Não;Não;Não;Não;41;13;42;0;7;10;46;70;Sim;Não;Crítico;Não;0;48;60.49;7;Não
13629;A;;87013;EUD EDP V5 75ml;PERFUMARIA;PERFUMARIA FEMININA;;;39;30;483;46;28;0;64;15;63;49;25;153;23;13;57;9;116;10;3;56;30;22;26.0;Franqueado: Ressarcimento via BSO. Consumidor/Revendedor: Itens selecionados MAQUIAGEM, PERFUMARIA e SOLAR com até 39% de desconto.;30.0;Franqueado: Ressarcimento via BSO. Consumidor/Revendedor: Itens selecionados de MAQUIAGEM, PERFUMARIA, SOLAR e CUIDADOS COM A PELE com até 40% de desconto.;"20.0
19.0
18.0
18.0
17.0
17.0
16.0";"Revendedor Cobre/Bronze: Itens selecionados com até 59,5% de lucro extra.
Revendedor Prata: Itens selecionados com até 59,5% de lucro extra.
Revendedor Ouro: Itens selecionados com até 59,5% de lucro extra.
Revendedor Platina: Itens selecionados com até 59,5% de lucro extra.
Revendedor Rubi: Itens selecionados com até 59,5% de lucro extra.
Revendedor Esmeralda: Itens selecionados com até 59,5% de lucro extra.
Revendedor Diamante: Itens selecionados com até 59,5% de lucro extra.";;;Não;Não;Não;Não;Não;Não;Não;Não;53;90;77;0;0;13;43;65;Não;Não;;Não;0;48;60.49;0;Não
13629;C;;51452;EUD ESPNJ MAQ DIAMANTE PU;ACESSÓRIOS;FUNCIONAIS MAQUIAGEM;;202617;4;0;8;1;0;0;0;1;0;0;0;0;1;1;0;0;1;0;21;0;1;0;;;;;25.0;Franqueado: Ressarcimento via BSO. Consumidor/Revendedor: Itens selecionados MAQUIAGEM, PERFUMARIA, ÓLEOS, ACESSÓRIOS, INFANTIL, CUIDADOS COM A PELE, CABELOS, CUIDADOS FACIAIS e CUIDADOS COM A BARBA com até 51% de desconto.;25.0;Franqueado: Ressarcimento via BSO. Consumidor/Revendedor: Itens selecionados MAQUIAGEM, PERFUMARIA, ÓLEOS, ACESSÓRIOS, INFANTIL, CUIDADOS COM A PELE, CABELOS e CUIDADOS FACIAIS com até 51% de desconto.;Não;Não;Não;Não;Não;Não;Não;Não;3;0;1;0;0;0;0;0;Não;Não;;Não;0;90;11.47;0;Não
13629;E;;88748;EUD K/M DES COL AGAIN 50ml;PERFUMARIA;PERFUMARIA FEMININA;202611;;0;0;0;0;0;0;0;0;0;0;0;0;0;103;89;11;18;3;5;7;9;32;;;29.0;Franqueado: Ressarcimento via BSO. Consumidor/Revendedor: Itens selecionados de CUIDADOS COM A PELE e PERFUMARIA com até 39% de desconto.;;;31.0;Franqueado: Ressarcimento via BSO. Revendedor: Compre itens selecionados de perfumaria (Diva, Eudora EDP, Kiss Me, Imensi, Velvet, Lyra, Club 6, Eudora H, Pulse e Volpe) com até 31% de desconto;Não;Não;Não;Não;Não;Não;Não;Não;37;0;8;0;0;0;0;22;Não;Não;;Não;0;48;27.17;0;Não
13629;B;BA;50268;EUD K/M DES COL CABERNET V3 50ml;PERFUMARIA;PERFUMARIA FEMININA;;;19;1;14;23;4;1;8;3;6;5;44;3;13;14;4;5;26;0;12;6;32;12;;;;;22.0;Franqueado: Ressarcimento via BSO. Consumidor/Revendedor: Itens selecionados CABELOS, DESODORANTES e PERFUMARIA com até 36% de desconto.;22.0;Franqueado: Ressarcimento via BSO. Consumidor/Revendedor: Itens selecionados DESODORANTES, PERFUMARIA, CUIDADOS COM A PELE, MAQUIAGEM, CABELOS, ACESSÓRIOS, CUIDADOS FACIAIS, SABONETE CORPO, SOLAR e CUIDADOS COM A BARBA com até 63% de desconto.;Não;Não;Não;Não;Não;Não;Não;Não;7;0;31;0;28;32;64;76;Sim;Não;Crítico;Não;0;48;27.17;28;Não
13629;B;BA;56365;EUD K/M DES COL DELICIOUS 50ml;PERFUMARIA;PERFUMARIA FEMININA;;202615;0;0;0;0;0;0;44;3;3;3;15;8;35;2;5;24;3;1;7;2;0;0;;;;;22.0;Franqueado: Ressarcimento via BSO. Consumidor/Revendedor: Itens selecionados INFANTIL, ACESSÓRIOS, PERFUMARIA, MAQUIAGEM, CUIDADOS COM A PELE, CABELOS, GIFTS, SABONETE CORPO, CUIDADOS FACIAIS, SOLAR e ÓLEOS com até 63% de desconto.;22.0;Franqueado: Ressarcimento via BSO. Consumidor/Revendedor: Itens selecionados INFANTIL, ACESSÓRIOS, PERFUMARIA, MAQUIAGEM, CUIDADOS COM A PELE, CABELOS, GIFTS, SABONETE CORPO, CUIDADOS FACIAIS, SOLAR e ÓLEOS com até 63% de desconto.;Não;Não;Não;Não;Não;Não;Não;Não;9;0;5;0;0;0;0;0;Não;Não;;Não;0;48;27.17;0;Não
13629;B;BA;50271;EUD K/M DES COL NOW V2 50ml;PERFUMARIA;PERFUMARIA FEMININA;;;11;44;9;15;4;1;6;7;4;17;11;6;3;23;7;5;4;12;3;7;9;26;18.0;Franqueado: Ressarcimento via BSO. Revendedor: Compre itens selecionados de perfumaria Eudora (Eudora EDP, Kiss Me, La Victorie, Velvet, Magnific, Club 6, Eudora H e Pulse) com até 25% de desconto;;;;;31.0;Franqueado: Ressarcimento via BSO. Consumidor/Revendedor: Itens selecionados CABELOS, MAQUIAGEM, CUIDADOS COM A PELE, PERFUMARIA, CUIDADOS COM A BARBA, ACESSÓRIOS, SOLAR, SABONETE CORPO, DESODORANTES e CUIDADOS FACIAIS com até 45% de desconto.;Não;Não;Não;Não;Não;Não;Não;Não;25;0;15;0;10;15;24;50;Não;Não;;Não;0;48;27.17;10;Não
13629;C;;59549;EUD K/M DES COL PLEASE 50ml;PERFUMARIA;PERFUMARIA FEMININA;;;26;2;12;19;4;1;57;8;3;2;8;5;1;5;1;1;1;0;16;8;4;4;22.0;Franqueado: Ressarcimento via BSO. Consumidor/Revendedor: Itens selecionados MAQUIAGEM, PERFUMARIA e SOLAR com até 39% de desconto.;22.0;Franqueado: Ressarcimento via BSO. Consumidor/Revendedor: Itens selecionados de MAQUIAGEM, PERFUMARIA, SOLAR e CUIDADOS COM A PELE com até 40% de desconto.;;;;;Não;Não;Não;Não;Não;Não;Não;Não;24;0;9;0;0;0;0;4;Não;Não;;Não;0;48;27.17;0;Não
13629;B;BA;50267;EUD K/M DES COL R/MARCAN V3 50ml;PERFUMARIA;PERFUMARIA FEMININA;;;6;4;7;8;6;4;33;3;8;8;11;40;15;8;10;5;31;4;4;7;10;8;;;;;24.0;Consumidor/Revendedor: Compre o combo Natal Kiss Me composto por: Eudora Desodorante Colônia Rosa Marcante 50Ml + Eudora Loção Perfumada Desodorante Corporal Kiss Me Rosa Marcante 100Ml, preço de R$144,98 por R$109,90 - 24,19644% de desconto.;24.0;Consumidor/Revendedor: Compre o combo Natal Kiss Me composto por: Eudora Desodorante Colônia Rosa Marcante 50Ml + Eudora Loção Perfumada Desodorante Corporal Kiss Me Rosa Marcante 100Ml, preço de R$144,98 por R$109,90 - 24,19644% de desconto.;Não;Não;Não;Não;Não;Não;Não;Não;7;1;15;4;9;13;23;31;Não;Não;;Não;0;48;27.17;9;Não
13629;C;;86293;EUD K/M GLOS LABIAL CHERRY 5,5ml;MAQUIAGEM;MAQUIAGEM BOCA;;202614;0;0;0;0;0;0;0;0;0;0;0;0;0;0;0;0;0;2;4;0;0;0;;;14.0;Franqueado: Ressarcimento via BSO. Consumidor/Revendedor: Itens selecionados de PERFUMARIA, MAQUIAGEM, CABELOS, CUIDADOS COM A PELE, CUIDADOS FACIAIS, SABONETE CORPO e DESODORANTES com até 50% de desconto.;;;51.0;Franqueado: Ressarcimento via BSO. Consumidor/Revendedor: Itens selecionados MAQUIAGEM, ACESSÓRIOS e CUIDADOS COM A PELE com até 51% de desconto.;Não;Não;Não;Não;Não;Não;Não;Não;0;0;;0;0;0;0;0;Não;Não;;Não;0;391;8.29;0;Não
13629;C;;89635;EUD KIT ESPONJAS MAQUIAGEM PU;ACESSÓRIOS;FUNCIONAIS MAQUIAGEM;;;0;0;0;0;0;0;0;0;0;26;6;1;1;2;1;1;1;0;19;3;4;11;;;;;;;14.0;Franqueado: Ressarcimento via BSO. Consumidor/Revendedor: Itens selecionados MAQUIAGEM e ACESSÓRIOS com até 23% de desconto.;Não;Não;Não;Não;Não;Não;Não;Não;7;0;6;0;1;3;7;18;Não;Não;;Não;0;336;10.01;1;Não
13629;B;BC;81132;EUD KIT PINCEIS DOURADOS;ACESSÓRIOS;PINCÉIS;;;0;2;21;21;4;2;6;12;8;4;2;15;6;2;4;0;1;2;6;3;5;8;;;;;;;22.0;Franqueado: Ressarcimento via BSO. Consumidor/Revendedor: Itens selecionados PERFUMARIA, SABONETE CORPO, ACESSÓRIOS, INFANTIL, MAQUIAGEM, CABELOS, CUIDADOS COM A PELE, CUIDADOS FACIAIS, CUIDADOS COM A BARBA e DESODORANTES com até 37% de desconto.;Não;Não;Não;Não;Não;Não;Não;Não;7;0;6;0;1;3;8;16;Não;Não;;Não;0;32;25.8;1;Não
13629;C;;86311;EUD LOC DES CPO ILUM K/M DELICIOUS 100ml;CUIDADOS COM A PELE;CUIDADOS COM O CORPO;;;0;0;0;0;3;1;0;0;1;0;2;0;0;0;0;0;0;0;142;0;0;0;"18.0
16.0
16.0
15.0
15.0
14.0
14.0
14.0
14.0
13.0
13.0
13.0
13.0
13.0";"Franqueado: Ressarcimento via BSO. Consumidor/Revendedor: Itens selecionados INFANTIL, CUIDADOS COM A PELE, SABONETE CORPO e DESODORANTES com até 51% de desconto.
Revendedor Cobre/Bronze: Itens selecionados com até 20% de lucro extra.
Revendedor Cobre/Bronze: Itens selecionados com até 44% de lucro extra.
Revendedor Prata: Itens selecionados com até 18,75% de lucro extra.
Revendedor Prata: Itens selecionados com até 41,25% de lucro extra.
Revendedor Platina: Itens selecionados com até 17,5% de lucro extra.
Revendedor Ouro: Itens selecionados com até 18% de lucro extra.
Revendedor Platina: Itens selecionados com até 38,5% de lucro extra.
Revendedor Ouro: Itens selecionados com até 39,6% de lucro extra.
Revendedor Esmeralda: Itens selecionados com até 16,5% de lucro extra.
Revendedor Rubi: Itens selecionados com até 17% de lucro extra.
Revendedor Rubi: Itens selecionados com até 37,4% de lucro extra.
Revendedor Esmeralda: Itens selecionados com até 36,3% de lucro extra.
Revendedor Diamante: Itens selecionados com até 35,75% de lucro extra.";"16.0
15.0
14.0
14.0
13.0
13.0
13.0";"Revendedor Cobre/Bronze: Itens selecionados com até 20% de lucro extra.
Revendedor Prata: Itens selecionados com até 18,75% de lucro extra.
Revendedor Platina: Itens selecionados com até 17,5% de lucro extra.
Revendedor Ouro: Itens selecionados com até 18% de lucro extra.
Revendedor Diamante: Itens selecionados com até 16,25% de lucro extra.
Revendedor Rubi: Itens selecionados com até 17% de lucro extra.
Revendedor Esmeralda: Itens selecionados com até 16,5% de lucro extra.";"16.0
15.0
14.0
14.0
13.0
13.0
13.0";"Revendedor Cobre/Bronze: Compre itens selecionados e ganhe lucro extra de até 24%.
Revendedor Prata: Compre itens selecionados e ganhe lucro extra de até 22,5%.
Revendedor Ouro: Compre itens selecionados e ganhe lucro extra de até 21,6%.
Revendedor Platina: Compre itens selecionados e ganhe lucro extra de até 21%.
Revendedor Diamante: Compre itens selecionados e ganhe lucro extra de até 19,5%.
Revendedor Esmeralda: Compre itens selecionados e ganhe lucro extra de até 19,8%.
Revendedor Rubi: Compre itens selecionados e ganhe lucro extra de até 20,4%.";"18.0
16.0
15.0
14.0
14.0
13.0
13.0
13.0";"Franqueado: Ressarcimento via BSO. Consumidor/Revendedor: Itens selecionados CABELOS, MAQUIAGEM, CUIDADOS COM A PELE, PERFUMARIA, CUIDADOS COM A BARBA, ACESSÓRIOS, SOLAR, SABONETE CORPO, DESODORANTES e CUIDADOS FACIAIS com até 45% de desconto.
Revendedor Cobre/Bronze: Compre itens selecionados e ganhe lucro extra de até 24%.
Revendedor Prata: Compre itens selecionados e ganhe lucro extra de até 22,5%.
Revendedor Platina: Compre itens selecionados e ganhe lucro extra de até 21%.
Revendedor Ouro: Compre itens selecionados e ganhe lucro extra de até 21,6%.
Revendedor Diamante: Compre itens selecionados e ganhe lucro extra de até 19,5%.
Revendedor Esmeralda: Compre itens selecionados e ganhe lucro extra de até 19,8%.
Revendedor Rubi: Compre itens selecionados e ganhe lucro extra de até 20,4%.";Não;Não;Não;Não;Não;Não;Não;Não;3;0;0;0;0;0;0;0;Não;Não;;Não;0;80;10.62;0;Não
13629;C;;94062;EUD LOC DES HID CPO VELV DIVINE 150ml;CUIDADOS COM A PELE;CUIDADOS COM O CORPO;;;5;18;1;0;1;0;0;4;6;0;0;0;0;6;5;4;0;0;38;4;0;0;18.0;Franqueado: Ressarcimento via BSO. Consumidor/Revendedor: Itens selecionados  com até 60% de desconto.;;;"24.0
22.0
21.0
21.0
20.0
19.0
19.0";"Revendedor Cobre/Bronze: Itens selecionados com até 59,5% de lucro extra.
Revendedor Prata: Itens selecionados com até 59,5% de lucro extra.
Revendedor Ouro: Itens selecionados com até 59,5% de lucro extra.
Revendedor Platina: Itens selecionados com até 59,5% de lucro extra.
Revendedor Rubi: Itens selecionados com até 59,5% de lucro extra.
Revendedor Diamante: Itens selecionados com até 59,5% de lucro extra.
Revendedor Esmeralda: Itens selecionados com até 59,5% de lucro extra.";;;Não;Não;Não;Não;Não;Não;Não;Não;5;0;2;0;0;2;2;2;Não;Não;;Não;0;80;11.85;0;Não
13629;B;BB;91009;EUD LOC DES HID CPO VELV SOUL 150ml;CUIDADOS COM A PELE;CUIDADOS COM O CORPO;;;0;0;0;0;0;0;0;0;0;0;0;0;160;1;1;4;2;0;19;4;6;5;31.0;Franqueado: Ressarcimento via BSO. Consumidor/Revendedor: Itens selecionados CUIDADOS COM A PELE com até 31% de desconto.;;;;;;;Não;Não;Não;Não;Não;Não;Não;Não;76;0;8;0;0;0;0;0;Sim;Não;Crítico;Não;0;80;11.85;0;Não
13629;B;BB;87444;EUD MAK BAT LIQ MAT TIN FOR BORD/INT 4ml;MAQUIAGEM;MAQUIAGEM BOCA;;;4;16;11;14;4;7;8;17;9;23;11;21;4;11;12;11;17;19;5;8;10;8;0.0;Franqueado: Ressarcimento via BSO. Consumidor/Revendedor: Compre 2 itens selecionados de Eudora Make Forever Proof e tenha 50% de desconto em cada unidade.;30.0;Na compra de itens selecionados de maquiagem glam no primeiro pedido, ganhe 30% de lucro extra. Limitado a 1 unidade por CPF. Válido para revendedores selecionados.;30.0;Na compra de itens selecionados de maquiagem glam no primeiro pedido, ganhe 30% de lucro extra. Limitado a 1 unidade por CPF. Válido para revendedores selecionados.;30.0;Na compra de itens selecionados de maquiagem Glam no primeiro pedido, ganhe 30% de lucro extra. Limitado a 1 unidade por CPF. Válido para revendedores selecionados.;Não;Não;Não;Não;Não;Não;Não;Não;1;0;14;8;8;13;23;31;Não;Não;;Não;0;352;14.22;8;Não
13629;B;BB;87437;EUD MAK BAT LIQ MAT TIN FOR NUD/ICON 4ml;MAQUIAGEM;MAQUIAGEM BOCA;;;13;25;6;2;3;1;5;19;1;7;16;8;10;5;16;11;11;13;6;6;8;6;0.0;Franqueado: Ressarcimento via BSO. Consumidor/Revendedor: Compre 2 itens selecionados de Eudora Make Forever Proof e tenha 50% de desconto em cada unidade.;30.0;Na compra de itens selecionados de maquiagem glam no primeiro pedido, ganhe 30% de lucro extra. Limitado a 1 unidade por CPF. Válido para revendedores selecionados.;30.0;Na compra de itens selecionados de maquiagem glam no primeiro pedido, ganhe 30% de lucro extra. Limitado a 1 unidade por CPF. Válido para revendedores selecionados.;30.0;Na compra de itens selecionados de maquiagem Glam no primeiro pedido, ganhe 30% de lucro extra. Limitado a 1 unidade por CPF. Válido para revendedores selecionados.;Não;Não;Não;Não;Não;Não;Não;Não;0;6;11;0;8;12;20;26;Sim;Não;Crítico;Não;0;352;14.22;8;Não
13629;B;BA;87436;EUD MAK BAT LIQ MAT TIN FOR ROS/VINT 4ml;MAQUIAGEM;MAQUIAGEM BOCA;;;28;36;24;5;9;12;9;57;19;30;42;0;11;23;12;26;30;6;10;14;17;15;0.0;Franqueado: Ressarcimento via BSO. Consumidor/Revendedor: Compre 2 itens selecionados de Eudora Make Forever Proof e tenha 50% de desconto em cada unidade.;30.0;Na compra de itens selecionados de maquiagem glam no primeiro pedido, ganhe 30% de lucro extra. Limitado a 1 unidade por CPF. Válido para revendedores selecionados.;30.0;Na compra de itens selecionados de maquiagem glam no primeiro pedido, ganhe 30% de lucro extra. Limitado a 1 unidade por CPF. Válido para revendedores selecionados.;30.0;Na compra de itens selecionados de maquiagem Glam no primeiro pedido, ganhe 30% de lucro extra. Limitado a 1 unidade por CPF. Válido para revendedores selecionados.;Não;Não;Não;Não;Não;Não;Não;Não;0;6;28;0;30;39;56;71;Sim;Não;Crítico;Não;0;352;14.22;30;Não
13629;B;BC;87435;EUD MAK BAT LIQ MAT TIN FOR VERM/RAD 4ml;MAQUIAGEM;MAQUIAGEM BOCA;;;4;13;28;17;0;1;2;14;7;9;3;12;5;4;8;1;4;17;6;4;6;4;0.0;Franqueado: Ressarcimento via BSO. Consumidor/Revendedor: Compre 2 itens selecionados de Eudora Make Forever Proof e tenha 50% de desconto em cada unidade.;30.0;Na compra de itens selecionados de maquiagem glam no primeiro pedido, ganhe 30% de lucro extra. Limitado a 1 unidade por CPF. Válido para revendedores selecionados.;30.0;Na compra de itens selecionados de maquiagem glam no primeiro pedido, ganhe 30% de lucro extra. Limitado a 1 unidade por CPF. Válido para revendedores selecionados.;30.0;Na compra de itens selecionados de maquiagem Glam no primeiro pedido, ganhe 30% de lucro extra. Limitado a 1 unidade por CPF. Válido para revendedores selecionados.;Não;Não;Não;Não;Não;Não;Não;Não;2;0;7;3;4;6;12;16;Não;Não;;Não;0;352;14.22;4;Não
13629;B;BC;87446;EUD MAK BAT LIQ MAT TIN FOR VIN/SBLM 4ml;MAQUIAGEM;MAQUIAGEM BOCA;;;2;12;15;10;1;3;4;20;5;5;3;18;6;5;5;5;5;18;6;6;9;7;0.0;Franqueado: Ressarcimento via BSO. Consumidor/Revendedor: Compre 2 itens selecionados de Eudora Make Forever Proof e tenha 50% de desconto em cada unidade.;30.0;Na compra de itens selecionados de maquiagem glam no primeiro pedido, ganhe 30% de lucro extra. Limitado a 1 unidade por CPF. Válido para revendedores selecionados.;30.0;Na compra de itens selecionados de maquiagem glam no primeiro pedido, ganhe 30% de lucro extra. Limitado a 1 unidade por CPF. Válido para revendedores selecionados.;30.0;Na compra de itens selecionados de maquiagem Glam no primeiro pedido, ganhe 30% de lucro extra. Limitado a 1 unidade por CPF. Válido para revendedores selecionados.;Não;Não;Não;Não;Não;Não;Não;Não;0;0;10;6;5;9;18;25;Não;Não;;Não;0;352;14.22;5;Não
13629;C;;84960;EUD MAKE BAS LIQ CONTR SK/PERF 120N 30ml;MAQUIAGEM;MAQUIAGEM ROSTO;;;0;0;0;1;1;0;0;2;0;0;1;0;2;3;0;1;0;0;34;0;0;0;24.0;Franqueado: Ressarcimento via BSO. Consumidor/Revendedor: Itens selecionados de Eudora Make (Base Skin Control), Glam (Eudora Glam Lapiseira Retrátil Para Sobrancelhas E Eudora Blush Unitário) e Niina Secrets (Niina Pincel Contorno) com até 50% de desconto;;;;;;;Não;Não;Não;Não;Não;Não;Não;Não;2;0;0;0;0;0;0;0;Não;Não;;Não;0;85;18.49;0;Não
13629;C;;84962;EUD MAKE BAS LIQ CONTR SK/PERF 140Q 30ml;MAQUIAGEM;MAQUIAGEM ROSTO;;;0;0;0;0;0;1;2;2;0;0;0;0;1;1;0;1;0;1;10;0;0;0;24.0;Franqueado: Ressarcimento via BSO. Consumidor/Revendedor: Itens selecionados de Eudora Make (Base Skin Control), Glam (Eudora Glam Lapiseira Retrátil Para Sobrancelhas E Eudora Blush Unitário) e Niina Secrets (Niina Pincel Contorno) com até 50% de desconto;;;;;;;Não;Não;Não;Não;Não;Não;Não;Não;47;0;0;0;0;0;0;0;Não;Não;;Não;0;85;18.49;0;Não
13629;C;;84967;EUD MAKE BAS LIQ CONTR SK/PERF 215N 30ml;MAQUIAGEM;MAQUIAGEM ROSTO;;;0;0;0;1;2;0;0;0;2;1;0;2;0;1;0;1;0;1;10;0;0;0;24.0;Franqueado: Ressarcimento via BSO. Consumidor/Revendedor: Itens selecionados de Eudora Make (Base Skin Control), Glam (Eudora Glam Lapiseira Retrátil Para Sobrancelhas E Eudora Blush Unitário) e Niina Secrets (Niina Pincel Contorno) com até 50% de desconto;;;;;;;Não;Não;Não;Não;Não;Não;Não;Não;1;0;0;0;0;0;0;0;Sim;Não;Crítico;Não;0;85;18.49;0;Não
13629;C;;84970;EUD MAKE BAS LIQ CONTR SK/PERF 250Q 30ml;MAQUIAGEM;MAQUIAGEM ROSTO;;;0;0;0;2;1;0;1;1;0;0;1;1;0;2;0;0;0;0;84;0;0;0;24.0;Franqueado: Ressarcimento via BSO. Consumidor/Revendedor: Itens selecionados de Eudora Make (Base Skin Control), Glam (Eudora Glam Lapiseira Retrátil Para Sobrancelhas E Eudora Blush Unitário) e Niina Secrets (Niina Pincel Contorno) com até 50% de desconto;;;;;;;Não;Não;Não;Não;Não;Não;Não;Não;0;0;;0;0;0;0;0;Sim;Não;Crítico;Não;0;85;18.49;0;Não
13629;C;;84972;EUD MAKE BAS LIQ CONTR SK/PERF 270Q 30ml;MAQUIAGEM;MAQUIAGEM ROSTO;;;0;0;0;0;0;1;0;0;0;0;0;0;1;0;0;0;0;0;101;0;0;0;24.0;Franqueado: Ressarcimento via BSO. Consumidor/Revendedor: Itens selecionados de Eudora Make (Base Skin Control), Glam (Eudora Glam Lapiseira Retrátil Para Sobrancelhas E Eudora Blush Unitário) e Niina Secrets (Niina Pincel Contorno) com até 50% de desconto;;;;;;;Não;Não;Não;Não;Não;Não;Não;Não;0;0;;0;0;0;0;0;Não;Não;;Não;0;85;18.49;0;Não
13629;C;;85008;EUD MAKE BASE LIQ MATE SK/PERF 100F 30ml;MAQUIAGEM;MAQUIAGEM ROSTO;;;0;0;0;0;0;0;0;0;0;2;1;1;0;0;1;0;0;0;54;0;3;0;;;;;14.0;Franqueado: Ressarcimento via BSO. Consumidor/Revendedor: Itens selecionados MAQUIAGEM e ACESSÓRIOS com até 63% de desconto.;14.0;Franqueado: Ressarcimento via BSO. Consumidor/Revendedor: Itens selecionados DESODORANTES, PERFUMARIA, CUIDADOS COM A PELE, MAQUIAGEM, CABELOS, ACESSÓRIOS, CUIDADOS FACIAIS, SABONETE CORPO, SOLAR e CUIDADOS COM A BARBA com até 63% de desconto.;Não;Não;Não;Não;Não;Não;Não;Não;0;0;2;0;1;1;4;4;Não;Não;;Não;0;88;25.6;1;Não
13629;C;;85011;EUD MAKE BASE LIQ MATE SK/PERF 120N 30ml;MAQUIAGEM;MAQUIAGEM ROSTO;;;0;0;0;0;0;0;0;0;0;4;0;1;1;1;2;0;1;0;20;1;3;1;;;;;14.0;Franqueado: Ressarcimento via BSO. Consumidor/Revendedor: Itens selecionados MAQUIAGEM e ACESSÓRIOS com até 63% de desconto.;14.0;Franqueado: Ressarcimento via BSO. Consumidor/Revendedor: Itens selecionados DESODORANTES, PERFUMARIA, CUIDADOS COM A PELE, MAQUIAGEM, CABELOS, ACESSÓRIOS, CUIDADOS FACIAIS, SABONETE CORPO, SOLAR e CUIDADOS COM A BARBA com até 63% de desconto.;Não;Não;Não;Não;Não;Não;Não;Não;0;0;3;0;3;3;6;7;Sim;Não;Crítico;Não;0;88;25.6;3;Não
13629;C;;85007;EUD MAKE BASE LIQ MATE SK/PERF 140Q 30ml;MAQUIAGEM;MAQUIAGEM ROSTO;;;0;0;0;0;0;0;0;0;0;4;0;2;1;0;3;1;0;0;44;1;3;1;;;;;14.0;Franqueado: Ressarcimento via BSO. Consumidor/Revendedor: Itens selecionados MAQUIAGEM e ACESSÓRIOS com até 63% de desconto.;14.0;Franqueado: Ressarcimento via BSO. Consumidor/Revendedor: Itens selecionados DESODORANTES, PERFUMARIA, CUIDADOS COM A PELE, MAQUIAGEM, CABELOS, ACESSÓRIOS, CUIDADOS FACIAIS, SABONETE CORPO, SOLAR e CUIDADOS COM A BARBA com até 63% de desconto.;Não;Não;Não;Não;Não;Não;Não;Não;1;0;3;0;2;3;6;7;Não;Não;;Não;0;88;25.6;2;Não
13629;C;;85012;EUD MAKE BASE LIQ MATE SK/PERF 170Q 30ml;MAQUIAGEM;MAQUIAGEM ROSTO;;;0;0;0;0;0;0;0;0;0;4;3;1;0;0;1;0;0;0;56;0;3;0;;;;;14.0;Franqueado: Ressarcimento via BSO. Consumidor/Revendedor: Itens selecionados MAQUIAGEM e ACESSÓRIOS com até 63% de desconto.;14.0;Franqueado: Ressarcimento via BSO. Consumidor/Revendedor: Itens selecionados DESODORANTES, PERFUMARIA, CUIDADOS COM A PELE, MAQUIAGEM, CABELOS, ACESSÓRIOS, CUIDADOS FACIAIS, SABONETE CORPO, SOLAR e CUIDADOS COM A BARBA com até 63% de desconto.;Não;Não;Não;Não;Não;Não;Não;Não;5;0;2;0;0;0;0;0;Sim;Não;Crítico;Não;0;88;25.6;0;Não
13629;C;;85023;EUD MAKE BASE LIQ MATE SK/PERF 270Q 30ml;MAQUIAGEM;MAQUIAGEM ROSTO;;;0;0;0;0;0;0;0;0;0;0;3;1;1;1;2;1;1;0;26;1;2;1;;;;;14.0;Franqueado: Ressarcimento via BSO. Consumidor/Revendedor: Itens selecionados MAQUIAGEM e ACESSÓRIOS com até 63% de desconto.;14.0;Franqueado: Ressarcimento via BSO. Consumidor/Revendedor: Itens selecionados DESODORANTES, PERFUMARIA, CUIDADOS COM A PELE, MAQUIAGEM, CABELOS, ACESSÓRIOS, CUIDADOS FACIAIS, SABONETE CORPO, SOLAR e CUIDADOS COM A BARBA com até 63% de desconto.;Não;Não;Não;Não;Não;Não;Não;Não;0;0;3;0;2;3;5;6;Sim;Não;Crítico;Não;0;88;25.6;2;Não
13629;C;;85024;EUD MAKE BASE LIQ MATE SK/PERF 275N 30ml;MAQUIAGEM;MAQUIAGEM ROSTO;;;0;0;0;0;0;0;0;0;0;0;0;2;1;1;3;1;2;1;9;1;2;2;;;;;14.0;Franqueado: Ressarcimento via BSO. Consumidor/Revendedor: Itens selecionados MAQUIAGEM e ACESSÓRIOS com até 63% de desconto.;14.0;Franqueado: Ressarcimento via BSO. Consumidor/Revendedor: Itens selecionados DESODORANTES, PERFUMARIA, CUIDADOS COM A PELE, MAQUIAGEM, CABELOS, ACESSÓRIOS, CUIDADOS FACIAIS, SABONETE CORPO, SOLAR e CUIDADOS COM A BARBA com até 63% de desconto.;Não;Não;Não;Não;Não;Não;Não;Não;3;0;3;0;0;1;3;5;Não;Não;;Não;0;88;25.6;0;Não
13629;E;;85026;EUD MAKE BASE LIQ MATE SK/PERF 288Q 30ml;MAQUIAGEM;MAQUIAGEM ROSTO;;;0;0;0;0;0;0;0;0;0;0;0;0;0;0;0;0;0;0;0;0;1;0;;;;;14.0;Franqueado: Ressarcimento via BSO. Consumidor/Revendedor: Itens selecionados MAQUIAGEM e ACESSÓRIOS com até 63% de desconto.;14.0;Franqueado: Ressarcimento via BSO. Consumidor/Revendedor: Itens selecionados DESODORANTES, PERFUMARIA, CUIDADOS COM A PELE, MAQUIAGEM, CABELOS, ACESSÓRIOS, CUIDADOS FACIAIS, SABONETE CORPO, SOLAR e CUIDADOS COM A BARBA com até 63% de desconto.;Não;Não;Não;Não;Não;Não;Não;Não;0;0;1;0;0;0;1;1;Não;Não;;Não;0;88;25.6;0;Não
13629;E;;85027;EUD MAKE BASE LIQ MATE SK/PERF 300Q 30ml;MAQUIAGEM;MAQUIAGEM ROSTO;;;0;0;0;0;0;0;0;0;0;0;0;0;0;0;0;0;0;0;;0;0;0;;;;;14.0;Franqueado: Ressarcimento via BSO. Consumidor/Revendedor: Itens selecionados MAQUIAGEM e ACESSÓRIOS com até 63% de desconto.;14.0;Franqueado: Ressarcimento via BSO. Consumidor/Revendedor: Itens selecionados DESODORANTES, PERFUMARIA, CUIDADOS COM A PELE, MAQUIAGEM, CABELOS, ACESSÓRIOS, CUIDADOS FACIAIS, SABONETE CORPO, SOLAR e CUIDADOS COM A BARBA com até 63% de desconto.;Não;Não;Não;Não;Não;Não;Não;Não;0;1;0;0;0;0;0;0;Não;Não;;Não;0;88;25.6;0;Não
13629;B;BC;84859;EUD MAKE BAT HID K/M AVELA V5 3,7g;MAQUIAGEM;MAQUIAGEM BOCA;;;31;0;6;5;9;5;12;1;6;8;14;12;1;8;30;5;8;0;15;6;10;6;21.0;Franqueado: Ressarcimento via BSO. Consumidor/Revendedor: Itens selecionados MAQUIAGEM com até 27% de desconto.;;;0.0;Franqueado: Ressarcimento via BSO. Consumidor/Revendedor: Compre 2 itens selecionados de Eudora Make com até 50% de desconto em cada unidade;0.0;Franqueado: Ressarcimento via BSO. Consumidor/Revendedor: Compre 2 itens selecionados NIINA SECRETS, SOUL, EUDORA MAKE e GLAM e pague 1, até 50% de desconto em cada unidade.;Não;Não;Não;Não;Não;Não;Não;Não;0;0;10;0;12;15;25;31;Sim;Não;Crítico;Não;0;442;9.01;12;Não
13629;C;;84860;EUD MAKE BAT HID K/M CAST/PASSAR V4 3,7g;MAQUIAGEM;MAQUIAGEM BOCA;;;12;0;4;12;0;1;9;6;8;6;11;13;4;11;8;8;3;0;16;5;8;5;21.0;Franqueado: Ressarcimento via BSO. Consumidor/Revendedor: Itens selecionados MAQUIAGEM com até 27% de desconto.;;;0.0;Franqueado: Ressarcimento via BSO. Consumidor/Revendedor: Compre 2 itens selecionados de Eudora Make com até 50% de desconto em cada unidade;0.0;Franqueado: Ressarcimento via BSO. Consumidor/Revendedor: Compre 2 itens selecionados NIINA SECRETS, SOUL, EUDORA MAKE e GLAM e pague 1, até 50% de desconto em cada unidade.;Não;Não;Não;Não;Não;Não;Não;Não;1;0;10;0;11;14;22;27;Sim;Não;Crítico;Não;0;442;9.01;11;Não
13629;C;;84861;EUD MAKE BAT HID K/M LOOK/DIA V4 3,7g;MAQUIAGEM;MAQUIAGEM BOCA;;;11;1;7;12;3;1;13;4;5;3;1;10;3;3;55;4;12;0;13;3;7;3;21.0;Franqueado: Ressarcimento via BSO. Consumidor/Revendedor: Itens selecionados MAQUIAGEM com até 27% de desconto.;;;0.0;Franqueado: Ressarcimento via BSO. Consumidor/Revendedor: Compre 2 itens selecionados de Eudora Make com até 50% de desconto em cada unidade;0.0;Franqueado: Ressarcimento via BSO. Consumidor/Revendedor: Compre 2 itens selecionados NIINA SECRETS, SOUL, EUDORA MAKE e GLAM e pague 1, até 50% de desconto em cada unidade.;Não;Não;Não;Não;Não;Não;Não;Não;0;0;7;0;8;9;16;19;Sim;Não;Crítico;Não;0;442;9.01;8;Não
13629;C;;84862;EUD MAKE BAT HID K/M MALV/MOD V4 3,7g;MAQUIAGEM;MAQUIAGEM BOCA;;;11;7;2;18;1;3;16;4;2;8;0;4;1;10;35;0;0;0;62;5;7;5;21.0;Franqueado: Ressarcimento via BSO. Consumidor/Revendedor: Itens selecionados MAQUIAGEM com até 27% de desconto.;;;0.0;Franqueado: Ressarcimento via BSO. Consumidor/Revendedor: Compre 2 itens selecionados de Eudora Make com até 50% de desconto em cada unidade;0.0;Franqueado: Ressarcimento via BSO. Consumidor/Revendedor: Compre 2 itens selecionados NIINA SECRETS, SOUL, EUDORA MAKE e GLAM e pague 1, até 50% de desconto em cada unidade.;Não;Não;Não;Não;Não;Não;Não;Não;0;0;9;0;10;13;20;25;Sim;Não;Crítico;Não;0;442;9.01;10;Não
13629;C;;86524;EUD MAKE BAT HID K/M MARROM DESFILE 3,7g;MAQUIAGEM;MAQUIAGEM BOCA;;;0;0;0;0;0;0;0;0;0;0;0;7;0;8;8;4;5;0;14;3;7;3;;;;;0.0;Franqueado: Ressarcimento via BSO. Consumidor/Revendedor: Compre 2 itens selecionados de Eudora Make com até 50% de desconto em cada unidade;0.0;Franqueado: Ressarcimento via BSO. Consumidor/Revendedor: Compre 2 itens selecionados NIINA SECRETS, SOUL, EUDORA MAKE e GLAM e pague 1, até 50% de desconto em cada unidade.;Não;Não;Não;Não;Não;Não;Não;Não;4;0;7;0;5;7;14;17;Sim;Não;Crítico;Não;0;442;9.01;5;Não
13629;B;BC;84863;EUD MAKE BAT HID K/M NUDE VELUDO V5 3,7g;MAQUIAGEM;MAQUIAGEM BOCA;;;39;3;3;4;10;7;25;0;0;1;19;17;11;11;40;1;0;7;3;7;14;7;21.0;Franqueado: Ressarcimento via BSO. Consumidor/Revendedor: Itens selecionados MAQUIAGEM com até 27% de desconto.;;;0.0;Franqueado: Ressarcimento via BSO. Consumidor/Revendedor: Compre 2 itens selecionados de Eudora Make com até 50% de desconto em cada unidade;0.0;Franqueado: Ressarcimento via BSO. Consumidor/Revendedor: Compre 2 itens selecionados NIINA SECRETS, SOUL, EUDORA MAKE e GLAM e pague 1, até 50% de desconto em cada unidade.;Não;Não;Não;Não;Não;Não;Não;Não;0;10;13;1;13;18;32;39;Não;Não;;Não;0;442;9.01;13;Não
13629;B;BC;84864;EUD MAKE BAT HID K/M ROSA ATITUD V4 3,7g;MAQUIAGEM;MAQUIAGEM BOCA;;;38;2;5;12;2;5;14;4;1;13;5;19;3;8;49;0;4;5;3;5;10;5;21.0;Franqueado: Ressarcimento via BSO. Consumidor/Revendedor: Itens selecionados MAQUIAGEM com até 27% de desconto.;;;0.0;Franqueado: Ressarcimento via BSO. Consumidor/Revendedor: Compre 2 itens selecionados de Eudora Make com até 50% de desconto em cada unidade;0.0;Franqueado: Ressarcimento via BSO. Consumidor/Revendedor: Compre 2 itens selecionados NIINA SECRETS, SOUL, EUDORA MAKE e GLAM e pague 1, até 50% de desconto em cada unidade.;Não;Não;Não;Não;Não;Não;Não;Não;0;0;9;8;2;6;16;21;Não;Não;;Não;0;442;9.01;2;Não
13629;C;;86534;EUD MAKE BAT HID K/M VERM/ARRASO 3,7g;MAQUIAGEM;MAQUIAGEM BOCA;;;0;0;0;0;0;0;0;0;0;0;0;3;2;2;11;4;0;1;6;2;2;2;;;;;0.0;Franqueado: Ressarcimento via BSO. Consumidor/Revendedor: Compre 2 itens selecionados de Eudora Make com até 50% de desconto em cada unidade;0.0;Franqueado: Ressarcimento via BSO. Consumidor/Revendedor: Compre 2 itens selecionados NIINA SECRETS, SOUL, EUDORA MAKE e GLAM e pague 1, até 50% de desconto em cada unidade.;Não;Não;Não;Não;Não;Não;Não;Não;1;1;3;0;3;4;6;8;Não;Não;;Não;0;442;9.01;3;Não
13629;C;;84878;EUD MAKE BAT LIQ DUO CLIN CAN/SBLM 3,5g;MAQUIAGEM;MAQUIAGEM BOCA;;;7;1;6;0;0;1;0;0;5;1;0;1;0;2;4;0;3;0;18;2;1;2;;;23.0;Franqueado: Ressarcimento via BSO. Consumidor/Revendedor: Itens selecionados de PERFUMARIA, MAQUIAGEM, CABELOS, CUIDADOS COM A PELE, CUIDADOS FACIAIS, SABONETE CORPO e DESODORANTES com até 50% de desconto.;;;23.0;Franqueado: Ressarcimento via BSO. Consumidor/Revendedor: Itens selecionados MAQUIAGEM e ACESSÓRIOS com até 23% de desconto.;Não;Não;Não;Não;Não;Não;Não;Não;3;0;3;0;0;1;2;4;Não;Não;;Não;0;475;15.41;0;Não
13629;C;;84879;EUD MAKE BAT LIQ DUO CLIN MAG/ENIG 3,5g;MAQUIAGEM;MAQUIAGEM BOCA;;202616;7;3;23;1;1;0;0;0;5;0;0;2;1;0;3;0;1;0;27;2;1;0;;;"23.0
16.0
15.0
14.0
14.0
13.0
13.0
13.0";"Franqueado: Ressarcimento via BSO. Consumidor/Revendedor: Itens selecionados de PERFUMARIA, MAQUIAGEM, CABELOS, CUIDADOS COM A PELE, CUIDADOS FACIAIS, SABONETE CORPO e DESODORANTES com até 50% de desconto.
Revendedor Cobre/Bronze: Itens selecionados com 16% de lucro extra.
Revendedor Prata: Itens selecionados com 15% de lucro extra.
Revendedor Platina: Itens selecionados com 14% de lucro extra.
Revendedor Ouro: Itens selecionados com 14,4% de lucro extra.
Revendedor Diamante: Itens selecionados com 13% de lucro extra.
Revendedor Esmeralda: Itens selecionados com 13,2% de lucro extra.
Revendedor Rubi: Itens selecionados com 13,6% de lucro extra.";"20.0
18.0
18.0
17.0
17.0
16.0
16.0";"Revendedor Cobre/Bronze: Compre itens selecionados e ganhe lucro extra de até 24%.
Revendedor Prata: Compre itens selecionados e ganhe lucro extra de até 22,5%.
Revendedor Ouro: Compre itens selecionados e ganhe lucro extra de até 21,6%.
Revendedor Platina: Compre itens selecionados e ganhe lucro extra de até 21%.
Revendedor Rubi: Compre itens selecionados e ganhe lucro extra de até 20,4%.
Revendedor Diamante: Compre itens selecionados e ganhe lucro extra de até 19,5%.
Revendedor Esmeralda: Compre itens selecionados e ganhe lucro extra de até 19,8%.";"23.0
20.0
18.0
18.0
17.0
17.0
16.0
16.0";"Franqueado: Ressarcimento via BSO. Consumidor/Revendedor: Itens selecionados MAQUIAGEM e ACESSÓRIOS com até 23% de desconto.
Revendedor Cobre/Bronze: Compre itens selecionados e ganhe lucro extra de até 24%.
Revendedor Ouro: Compre itens selecionados e ganhe lucro extra de até 21,6%.
Revendedor Prata: Compre itens selecionados e ganhe lucro extra de até 22,5%.
Revendedor Rubi: Compre itens selecionados e ganhe lucro extra de até 20,4%.
Revendedor Platina: Compre itens selecionados e ganhe lucro extra de até 21%.
Revendedor Diamante: Compre itens selecionados e ganhe lucro extra de até 19,5%.
Revendedor Esmeralda: Compre itens selecionados e ganhe lucro extra de até 19,8%.";Não;Não;Não;Não;Não;Não;Não;Não;6;0;3;0;0;0;0;0;Não;Não;;Não;0;475;15.41;0;Não
13629;C;;84880;EUD MAKE BAT LIQ DUO CLIN MASCV/IRR 3,5g;MAQUIAGEM;MAQUIAGEM BOCA;;;0;0;25;1;3;1;0;1;2;0;0;0;0;0;5;0;1;1;3;2;1;2;;;23.0;Franqueado: Ressarcimento via BSO. Consumidor/Revendedor: Itens selecionados de PERFUMARIA, MAQUIAGEM, CABELOS, CUIDADOS COM A PELE, CUIDADOS FACIAIS, SABONETE CORPO e DESODORANTES com até 50% de desconto.;;;23.0;Franqueado: Ressarcimento via BSO. Consumidor/Revendedor: Itens selecionados MAQUIAGEM e ACESSÓRIOS com até 23% de desconto.;Não;Não;Não;Não;Não;Não;Não;Não;3;0;3;0;0;2;3;5;Sim;Não;Crítico;Não;0;475;15.41;0;Não
13629;C;;84881;EUD MAKE BAT LIQ DUO CLIN ROSAD/ESS 3,5g;MAQUIAGEM;MAQUIAGEM BOCA;;;2;1;1;4;5;2;0;0;4;1;0;0;4;1;3;0;2;1;10;2;1;2;;;23.0;Franqueado: Ressarcimento via BSO. Consumidor/Revendedor: Itens selecionados de PERFUMARIA, MAQUIAGEM, CABELOS, CUIDADOS COM A PELE, CUIDADOS FACIAIS, SABONETE CORPO e DESODORANTES com até 50% de desconto.;;;23.0;Franqueado: Ressarcimento via BSO. Consumidor/Revendedor: Itens selecionados MAQUIAGEM e ACESSÓRIOS com até 23% de desconto.;Não;Não;Não;Não;Não;Não;Não;Não;4;0;3;0;0;0;1;3;Sim;Não;Crítico;Não;0;475;15.41;0;Não
13629;C;;84882;EUD MAKE BAT LIQ DUO CLIN VERM/MAGN 3,5g;MAQUIAGEM;MAQUIAGEM BOCA;;;9;0;12;0;5;1;0;0;8;0;1;0;0;1;1;1;3;0;16;4;1;4;;;23.0;Franqueado: Ressarcimento via BSO. Consumidor/Revendedor: Itens selecionados de PERFUMARIA, MAQUIAGEM, CABELOS, CUIDADOS COM A PELE, CUIDADOS FACIAIS, SABONETE CORPO e DESODORANTES com até 50% de desconto.;;;23.0;Franqueado: Ressarcimento via BSO. Consumidor/Revendedor: Itens selecionados MAQUIAGEM e ACESSÓRIOS com até 23% de desconto.;Não;Não;Não;Não;Não;Não;Não;Não;9;0;4;0;0;0;0;4;Não;Não;;Não;0;475;15.41;0;Não
13629;E;;58815;EUD MAKE BAT LIQ GLIT K/M NUDE 5,2ml;MAQUIAGEM;MAQUIAGEM BOCA;;;0;0;1;36;0;0;3;0;0;0;0;0;0;0;0;0;0;0;;1;0;1;18.0;Franqueado: Ressarcimento via BSO. Consumidor/Revendedor: Itens selecionados MAQUIAGEM com até 27% de desconto.;18.0;Franqueado: Ressarcimento via BSO. Consumidor/Revendedor: Itens selecionados com até 60% de desconto.;;;"32.0
24.0
22.0
21.0
21.0
20.0
19.0
19.0";"Franqueado: Ressarcimento via BSO. Consumidor/Revendedor: Itens selecionados CABELOS, MAQUIAGEM, CUIDADOS COM A PELE, PERFUMARIA, CUIDADOS COM A BARBA, ACESSÓRIOS, SOLAR, SABONETE CORPO, DESODORANTES e CUIDADOS FACIAIS com até 45% de desconto.
Revendedor Cobre/Bronze: Itens selecionados com até 40% de lucro extra.
Revendedor Prata: Itens selecionados com até 37,5% de lucro extra.
Revendedor Platina: Itens selecionados com até 35% de lucro extra.
Revendedor Ouro: Itens selecionados com até 36% de lucro extra.
Revendedor Rubi: Itens selecionados com até 34% de lucro extra.
Revendedor Diamante: Itens selecionados com até 32,5% de lucro extra.
Revendedor Esmeralda: Itens selecionados com até 33% de lucro extra.";Não;Não;Não;Não;Não;Não;Não;Não;0;0;;0;0;0;0;0;Não;Sim;;Não;0;540;10.43;0;Não
13629;E;;58816;EUD MAKE BAT LIQ GLIT K/M VERMELHO 5,2ml;MAQUIAGEM;MAQUIAGEM BOCA;;;0;0;0;30;0;0;0;0;0;0;0;0;0;0;0;0;0;0;;1;0;1;18.0;Franqueado: Ressarcimento via BSO. Consumidor/Revendedor: Itens selecionados  com até 60% de desconto.;18.0;Franqueado: Ressarcimento via BSO. Consumidor/Revendedor: Itens selecionados com até 60% de desconto.;;;32.0;Franqueado: Ressarcimento via BSO. Consumidor/Revendedor: Itens selecionados CABELOS, MAQUIAGEM, CUIDADOS COM A PELE, PERFUMARIA, CUIDADOS COM A BARBA, ACESSÓRIOS, SOLAR, SABONETE CORPO, DESODORANTES e CUIDADOS FACIAIS com até 45% de desconto.;Não;Não;Não;Não;Não;Não;Não;Não;0;0;;0;0;0;0;0;Não;Sim;;Não;0;540;10.43;0;Não
13629;B;BC;79364;EUD MAKE BAT LIQ MAT SUPR BORD/AVEL 4ml;MAQUIAGEM;MAQUIAGEM BOCA;;;1;4;5;11;13;8;3;2;0;13;4;4;5;11;1;3;17;3;5;3;5;4;"30.0
25.0";"Na compra de itens selecionados de maquiagem Eudora Make no primeiro pedido, ganhe 30% de lucro extra. Limitado a 1 unidade por CPF. Válido para revendedores selecionados.
Franqueado: Ressarcimento via BSO. Consumidor/Revendedor: Itens selecionados CUIDADOS COM A PELE, MAQUIAGEM e PERFUMARIA com até 31% de desconto.";30.0;Na compra de itens selecionados de maquiagem Eudora Make no primeiro pedido, ganhe 30% de lucro extra. Limitado a 1 unidade por CPF. Válido para revendedores selecionados.;35.0;Franqueado: Ressarcimento via BSO. Consumidor: Monte seu presente com itens selecionados de Eudora (Make e Acessórios) com desconto progressivo. Leve 2 itens com 25% de desconto. Leve 3 itens ou mais com 35% de desconto.;35.0;Franqueado: Ressarcimento via BSO. Consumidor: Monte seu presente com itens selecionados de Eudora (Make e Acessórios) com desconto progressivo. Leve 2 itens com 25% de desconto. Leve 3 itens ou mais com 35% de desconto.;Não;Não;Não;Não;Não;Não;Não;Não;14;0;6;0;0;0;3;7;Não;Não;;Não;0;368;14.22;0;Não
13629;B;BC;79363;EUD MAKE BAT LIQ MAT SUPR FUCSIA/VAL 4ml;MAQUIAGEM;MAQUIAGEM BOCA;;;0;1;3;7;10;3;4;2;1;11;3;4;2;12;5;3;13;3;6;3;4;4;"30.0
25.0";"Na compra de itens selecionados de maquiagem Eudora Make no primeiro pedido, ganhe 30% de lucro extra. Limitado a 1 unidade por CPF. Válido para revendedores selecionados.
Franqueado: Ressarcimento via BSO. Consumidor/Revendedor: Itens selecionados CUIDADOS COM A PELE, MAQUIAGEM e PERFUMARIA com até 31% de desconto.";30.0;Na compra de itens selecionados de maquiagem Eudora Make no primeiro pedido, ganhe 30% de lucro extra. Limitado a 1 unidade por CPF. Válido para revendedores selecionados.;35.0;Franqueado: Ressarcimento via BSO. Consumidor: Monte seu presente com itens selecionados de Eudora (Make e Acessórios) com desconto progressivo. Leve 2 itens com 25% de desconto. Leve 3 itens ou mais com 35% de desconto.;35.0;Franqueado: Ressarcimento via BSO. Consumidor: Monte seu presente com itens selecionados de Eudora (Make e Acessórios) com desconto progressivo. Leve 2 itens com 25% de desconto. Leve 3 itens ou mais com 35% de desconto.;Não;Não;Não;Não;Não;Não;Não;Não;13;0;5;0;0;0;2;6;Não;Não;;Não;0;368;14.22;0;Não
13629;B;BB;87439;EUD MAKE BAT LIQ MAT SUPR MARR/PREC 4ml;MAQUIAGEM;MAQUIAGEM BOCA;;;0;9;8;10;20;1;6;5;4;32;4;6;4;20;8;6;26;6;5;3;7;6;"30.0
25.0";"Na compra de itens selecionados de maquiagem Eudora Make no primeiro pedido, ganhe 30% de lucro extra. Limitado a 1 unidade por CPF. Válido para revendedores selecionados.
Franqueado: Ressarcimento via BSO. Consumidor/Revendedor: Itens selecionados CUIDADOS COM A PELE, MAQUIAGEM e PERFUMARIA com até 31% de desconto.";30.0;Na compra de itens selecionados de maquiagem Eudora Make no primeiro pedido, ganhe 30% de lucro extra. Limitado a 1 unidade por CPF. Válido para revendedores selecionados.;35.0;Franqueado: Ressarcimento via BSO. Consumidor: Monte seu presente com itens selecionados de Eudora (Make e Acessórios) com desconto progressivo. Leve 2 itens com 25% de desconto. Leve 3 itens ou mais com 35% de desconto.;35.0;Franqueado: Ressarcimento via BSO. Consumidor: Monte seu presente com itens selecionados de Eudora (Make e Acessórios) com desconto progressivo. Leve 2 itens com 25% de desconto. Leve 3 itens ou mais com 35% de desconto.;Não;Não;Não;Não;Não;Não;Não;Não;1;3;8;3;5;7;14;20;Não;Não;;Não;0;368;14.22;5;Não
13629;B;BB;87440;EUD MAKE BAT LIQ MAT SUPR NUD/CONFOR 4ml;MAQUIAGEM;MAQUIAGEM BOCA;;;0;7;6;3;21;2;3;1;1;46;3;5;6;12;5;4;20;3;4;3;5;4;"30.0
25.0";"Na compra de itens selecionados de maquiagem Eudora Make no primeiro pedido, ganhe 30% de lucro extra. Limitado a 1 unidade por CPF. Válido para revendedores selecionados.
Franqueado: Ressarcimento via BSO. Consumidor/Revendedor: Itens selecionados CUIDADOS COM A PELE, MAQUIAGEM e PERFUMARIA com até 31% de desconto.";30.0;Na compra de itens selecionados de maquiagem Eudora Make no primeiro pedido, ganhe 30% de lucro extra. Limitado a 1 unidade por CPF. Válido para revendedores selecionados.;35.0;Franqueado: Ressarcimento via BSO. Consumidor: Monte seu presente com itens selecionados de Eudora (Make e Acessórios) com desconto progressivo. Leve 2 itens com 25% de desconto. Leve 3 itens ou mais com 35% de desconto.;35.0;Franqueado: Ressarcimento via BSO. Consumidor: Monte seu presente com itens selecionados de Eudora (Make e Acessórios) com desconto progressivo. Leve 2 itens com 25% de desconto. Leve 3 itens ou mais com 35% de desconto.;Não;Não;Não;Não;Não;Não;Não;Não;4;0;6;5;2;4;9;13;Não;Não;;Não;0;368;14.22;2;Não
13629;E;;94516;EUD MAKE BAT LIQ MAT SUPR NUD/DELIC 4ml;MAQUIAGEM;MAQUIAGEM BOCA;;202615;0;0;0;36;0;0;0;0;0;0;0;0;0;0;0;0;0;0;;0;0;0;16.0;Franqueado: Ressarcimento via BSO. Consumidor/Revendedor: Itens selecionados  com até 60% de desconto.;"16.0
15.0
14.0
14.0
13.0
13.0
13.0";"Revendedor Cobre/Bronze: Itens selecionados com 16% de lucro extra.
Revendedor Prata: Itens selecionados com 15% de lucro extra.
Revendedor Platina: Itens selecionados com 14% de lucro extra.
Revendedor Ouro: Itens selecionados com 14,4% de lucro extra.
Revendedor Diamante: Itens selecionados com 13% de lucro extra.
Revendedor Esmeralda: Itens selecionados com 13,2% de lucro extra.
Revendedor Rubi: Itens selecionados com 13,6% de lucro extra.";16.0;Franqueado: Ressarcimento via BSO. Consumidor/Revendedor: Itens selecionados MAQUIAGEM, PERFUMARIA, ÓLEOS, ACESSÓRIOS, INFANTIL, CUIDADOS COM A PELE, CABELOS, CUIDADOS FACIAIS e CUIDADOS COM A BARBA com até 51% de desconto.;"24.0
22.0
21.0
21.0
20.0
19.0
19.0
16.0";"Revendedor Cobre/Bronze: Itens selecionados com até 47,6% de lucro extra.
Revendedor Prata: Itens selecionados com até 44,63% de lucro extra.
Revendedor Platina: Itens selecionados com até 41,65% de lucro extra.
Revendedor Ouro: Itens selecionados com até 42,84% de lucro extra.
Revendedor Rubi: Itens selecionados com até 40,46% de lucro extra.
Revendedor Diamante: Itens selecionados com até 38,68% de lucro extra.
Revendedor Esmeralda: Itens selecionados com até 39,27% de lucro extra.
Franqueado: Ressarcimento via BSO. Consumidor/Revendedor: Itens selecionados MAQUIAGEM, PERFUMARIA, ÓLEOS, ACESSÓRIOS, INFANTIL, CUIDADOS COM A PELE, CABELOS e CUIDADOS FACIAIS com até 51% de desconto.";Não;Não;Não;Não;Não;Não;Não;Não;0;0;;0;0;0;0;0;Não;Sim;;Não;0;368;14.22;0;Não
13629;C;;87442;EUD MAKE BAT LIQ MAT SUPR ROSAD/SUAV 4ml;MAQUIAGEM;MAQUIAGEM BOCA;;;0;0;1;3;17;2;3;1;1;7;1;1;2;5;3;0;9;3;3;2;2;2;"30.0
25.0";"Na compra de itens selecionados de maquiagem Eudora Make no primeiro pedido, ganhe 30% de lucro extra. Limitado a 1 unidade por CPF. Válido para revendedores selecionados.
Franqueado: Ressarcimento via BSO. Consumidor/Revendedor: Itens selecionados CUIDADOS COM A PELE, MAQUIAGEM e PERFUMARIA com até 31% de desconto.";30.0;Na compra de itens selecionados de maquiagem Eudora Make no primeiro pedido, ganhe 30% de lucro extra. Limitado a 1 unidade por CPF. Válido para revendedores selecionados.;35.0;Franqueado: Ressarcimento via BSO. Consumidor: Monte seu presente com itens selecionados de Eudora (Make e Acessórios) com desconto progressivo. Leve 2 itens com 25% de desconto. Leve 3 itens ou mais com 35% de desconto.;35.0;Franqueado: Ressarcimento via BSO. Consumidor: Monte seu presente com itens selecionados de Eudora (Make e Acessórios) com desconto progressivo. Leve 2 itens com 25% de desconto. Leve 3 itens ou mais com 35% de desconto.;Não;Não;Não;Não;Não;Não;Não;Não;40;0;3;0;0;0;0;0;Não;Não;;Não;0;368;14.22;0;Não
13629;C;;79365;EUD MAKE BAT LIQ MAT SUPR VERM/AMBAR 4ml;MAQUIAGEM;MAQUIAGEM BOCA;;;0;3;4;4;7;3;1;0;1;12;2;4;0;7;1;1;19;3;5;1;2;1;"30.0
25.0";"Na compra de itens selecionados de maquiagem Eudora Make no primeiro pedido, ganhe 30% de lucro extra. Limitado a 1 unidade por CPF. Válido para revendedores selecionados.
Franqueado: Ressarcimento via BSO. Consumidor/Revendedor: Itens selecionados CUIDADOS COM A PELE, MAQUIAGEM e PERFUMARIA com até 31% de desconto.";30.0;Na compra de itens selecionados de maquiagem Eudora Make no primeiro pedido, ganhe 30% de lucro extra. Limitado a 1 unidade por CPF. Válido para revendedores selecionados.;35.0;Franqueado: Ressarcimento via BSO. Consumidor: Monte seu presente com itens selecionados de Eudora (Make e Acessórios) com desconto progressivo. Leve 2 itens com 25% de desconto. Leve 3 itens ou mais com 35% de desconto.;35.0;Franqueado: Ressarcimento via BSO. Consumidor: Monte seu presente com itens selecionados de Eudora (Make e Acessórios) com desconto progressivo. Leve 2 itens com 25% de desconto. Leve 3 itens ou mais com 35% de desconto.;Não;Não;Não;Não;Não;Não;Não;Não;2;0;3;3;0;0;2;3;Não;Não;;Não;0;368;14.22;0;Não
13629;B;BC;84889;EUD MAKE BAT LIQ S/M K/M ROS/FABUL 5ml;MAQUIAGEM;MAQUIAGEM BOCA;;;2;14;1;2;11;3;4;23;2;15;4;5;7;1;67;3;3;16;2;3;3;3;37.0;Franqueado: Ressarcimento via BSO. Consumidor/Revendedor: itens selecionados de Eudora Make, Glam e Soul com até 54% de desconto;;;;;;;Não;Não;Não;Não;Não;Não;Não;Não;22;0;4;0;0;0;0;0;Não;Não;;Não;0;540;9.48;0;Não
13629;C;;84888;EUD MAKE BAT LIQ S/M K/M VERM/MAGNIF 5ml;MAQUIAGEM;MAQUIAGEM BOCA;;;0;13;37;5;25;1;3;16;2;5;4;3;3;2;34;2;0;4;4;1;2;2;37.0;Franqueado: Ressarcimento via BSO. Consumidor/Revendedor: itens selecionados de Eudora Make, Glam e Soul com até 54% de desconto;;;;;;;Não;Não;Não;Não;Não;Não;Não;Não;86;0;3;0;0;0;0;0;Não;Não;;Não;0;540;9.48;0;Não
13629;C;;84908;EUD MAKE BAT LIQ TINT K/M ROSAD/EN 5,5ml;MAQUIAGEM;MAQUIAGEM BOCA;;;43;14;44;8;9;6;10;1;4;2;2;7;0;1;33;2;1;1;5;2;16;6;;;;;14.0;Franqueado: Ressarcimento via BSO. Consumidor/Revendedor: Itens selecionados MAQUIAGEM e ACESSÓRIOS com até 63% de desconto.;14.0;Franqueado: Ressarcimento via BSO. Consumidor/Revendedor: Itens selecionados DESODORANTES, PERFUMARIA, CUIDADOS COM A PELE, MAQUIAGEM, CABELOS, ACESSÓRIOS, CUIDADOS FACIAIS, SABONETE CORPO, SOLAR e CUIDADOS COM A BARBA com até 63% de desconto.;Não;Não;Não;Não;Não;Não;Não;Não;10;0;13;0;4;5;21;27;Não;Não;;Não;0;391;8.29;4;Não
13629;C;;86605;EUD MAKE BAT LIQ TINT K/M UVA/REL 5,5ml;MAQUIAGEM;MAQUIAGEM BOCA;;;43;19;9;7;4;4;3;1;2;4;2;1;2;2;15;2;0;1;5;1;9;4;;;;;14.0;Franqueado: Ressarcimento via BSO. Consumidor/Revendedor: Itens selecionados MAQUIAGEM e ACESSÓRIOS com até 63% de desconto.;14.0;Franqueado: Ressarcimento via BSO. Consumidor/Revendedor: Itens selecionados DESODORANTES, PERFUMARIA, CUIDADOS COM A PELE, MAQUIAGEM, CABELOS, ACESSÓRIOS, CUIDADOS FACIAIS, SABONETE CORPO, SOLAR e CUIDADOS COM A BARBA com até 63% de desconto.;Não;Não;Não;Não;Não;Não;Não;Não;11;0;8;0;0;0;7;11;Não;Não;;Não;0;391;8.29;0;Não
13629;C;;84907;EUD MAKE BAT LIQ TINT K/M VERM/HAP 5,5ml;MAQUIAGEM;MAQUIAGEM BOCA;;;32;5;56;19;4;1;9;6;4;2;3;2;5;1;28;2;13;4;10;3;13;7;"24.0
22.0
21.0
21.0
20.0
19.0
19.0";"Revendedor Cobre/Bronze: Itens selecionados com até 44% de lucro extra.
Revendedor Prata: Itens selecionados com até 41,25% de lucro extra.
Revendedor Platina: Itens selecionados com até 38,5% de lucro extra.
Revendedor Ouro: Itens selecionados com até 39,6% de lucro extra.
Revendedor Rubi: Itens selecionados com até 37,4% de lucro extra.
Revendedor Esmeralda: Itens selecionados com até 36,3% de lucro extra.
Revendedor Diamante: Itens selecionados com até 35,75% de lucro extra.";;;14.0;Franqueado: Ressarcimento via BSO. Consumidor/Revendedor: Itens selecionados MAQUIAGEM e ACESSÓRIOS com até 63% de desconto.;14.0;Franqueado: Ressarcimento via BSO. Consumidor/Revendedor: Itens selecionados DESODORANTES, PERFUMARIA, CUIDADOS COM A PELE, MAQUIAGEM, CABELOS, ACESSÓRIOS, CUIDADOS FACIAIS, SABONETE CORPO, SOLAR e CUIDADOS COM A BARBA com até 63% de desconto.;Não;Não;Não;Não;Não;Não;Não;Não;0;6;12;0;8;10;23;30;Não;Não;;Não;0;391;8.29;8;Não
13629;C;;86533;EUD MAKE BAT MATE K/M MAGMA/OBSESS 3,7g;MAQUIAGEM;MAQUIAGEM BOCA;;;0;0;0;0;0;0;0;0;0;0;0;2;2;4;2;0;1;1;8;1;2;2;;;;;0.0;Franqueado: Ressarcimento via BSO. Consumidor/Revendedor: Compre 2 itens selecionados de Eudora Make com até 50% de desconto em cada unidade;0.0;Franqueado: Ressarcimento via BSO. Consumidor/Revendedor: Compre 2 itens selecionados NIINA SECRETS, SOUL, EUDORA MAKE e GLAM e pague 1, até 50% de desconto em cada unidade.;Não;Não;Não;Não;Não;Não;Não;Não;0;1;3;0;2;3;5;7;Não;Não;;Não;0;442;9.01;2;Não
13629;C;;84867;EUD MAKE BAT MATE K/M MARR TEND V4 3,7g;MAQUIAGEM;MAQUIAGEM BOCA;;;18;3;10;20;2;0;2;0;0;2;0;0;10;9;4;8;15;3;4;4;7;4;21.0;Franqueado: Ressarcimento via BSO. Consumidor/Revendedor: Itens selecionados MAQUIAGEM com até 27% de desconto.;;;0.0;Franqueado: Ressarcimento via BSO. Consumidor/Revendedor: Compre 2 itens selecionados de Eudora Make com até 50% de desconto em cada unidade;0.0;Franqueado: Ressarcimento via BSO. Consumidor/Revendedor: Compre 2 itens selecionados NIINA SECRETS, SOUL, EUDORA MAKE e GLAM e pague 1, até 50% de desconto em cada unidade.;Não;Não;Não;Não;Não;Não;Não;Não;0;0;8;0;9;11;18;22;Sim;Não;Crítico;Não;0;442;9.01;9;Não
13629;C;;84866;EUD MAKE BAT MATE K/M MARR/AUT V5 3,7g;MAQUIAGEM;MAQUIAGEM BOCA;;;0;2;4;11;0;0;3;0;1;8;0;0;5;4;14;1;6;0;19;2;4;2;21.0;Franqueado: Ressarcimento via BSO. Consumidor/Revendedor: Itens selecionados MAQUIAGEM com até 27% de desconto.;;;0.0;Franqueado: Ressarcimento via BSO. Consumidor/Revendedor: Compre 2 itens selecionados de Eudora Make com até 50% de desconto em cada unidade;0.0;Franqueado: Ressarcimento via BSO. Consumidor/Revendedor: Compre 2 itens selecionados NIINA SECRETS, SOUL, EUDORA MAKE e GLAM e pague 1, até 50% de desconto em cada unidade.;Não;Não;Não;Não;Não;Não;Não;Não;0;0;5;0;5;6;10;12;Sim;Não;Crítico;Não;0;442;9.01;5;Não
13629;C;;84868;EUD MAKE BAT MATE K/M NUD/AUTRL V4 3,7g;MAQUIAGEM;MAQUIAGEM BOCA;;;46;6;10;14;0;0;4;0;0;18;0;7;7;3;55;3;0;0;34;5;8;6;21.0;Franqueado: Ressarcimento via BSO. Consumidor/Revendedor: Itens selecionados MAQUIAGEM com até 27% de desconto.;;;0.0;Franqueado: Ressarcimento via BSO. Consumidor/Revendedor: Compre 2 itens selecionados de Eudora Make com até 50% de desconto em cada unidade;0.0;Franqueado: Ressarcimento via BSO. Consumidor/Revendedor: Compre 2 itens selecionados NIINA SECRETS, SOUL, EUDORA MAKE e GLAM e pague 1, até 50% de desconto em cada unidade.;Não;Não;Não;Não;Não;Não;Não;Não;0;0;10;0;11;14;22;28;Sim;Não;Crítico;Não;0;442;9.01;11;Não
13629;C;;86535;EUD MAKE BAT MATE K/M NUDE CARAMELO 3,7g;MAQUIAGEM;MAQUIAGEM BOCA;;;0;0;0;0;0;0;0;0;0;0;0;6;1;9;1;4;3;1;9;3;4;3;;;;;0.0;Franqueado: Ressarcimento via BSO. Consumidor/Revendedor: Compre 2 itens selecionados de Eudora Make com até 50% de desconto em cada unidade;0.0;Franqueado: Ressarcimento via BSO. Consumidor/Revendedor: Compre 2 itens selecionados NIINA SECRETS, SOUL, EUDORA MAKE e GLAM e pague 1, até 50% de desconto em cada unidade.;Não;Não;Não;Não;Não;Não;Não;Não;0;2;6;0;5;7;11;14;Sim;Não;Crítico;Não;0;442;9.01;5;Não
13629;C;;84869;EUD MAKE BAT MATE K/M NUDE DESTAQUE 3,7g;MAQUIAGEM;MAQUIAGEM BOCA;;202614;0;0;0;0;0;0;0;0;0;0;0;5;3;6;1;0;3;0;28;0;0;0;;;;;0.0;Franqueado: Ressarcimento via BSO. Consumidor/Revendedor: Compre 2 itens selecionados de Eudora Make com até 50% de desconto em cada unidade;0.0;Franqueado: Ressarcimento via BSO. Consumidor/Revendedor: Compre 2 itens selecionados NIINA SECRETS, SOUL, EUDORA MAKE e GLAM e pague 1, até 50% de desconto em cada unidade.;Não;Não;Não;Não;Não;Não;Não;Não;0;3;0;0;0;0;0;0;Não;Não;;Não;0;442;9.01;0;Não
13629;C;;84865;EUD MAKE BAT MATE K/M NUDE ESTILO 3,7g;MAQUIAGEM;MAQUIAGEM BOCA;;;16;1;8;9;5;2;16;0;0;14;2;9;4;8;17;12;12;1;11;3;6;4;;;;;0.0;Franqueado: Ressarcimento via BSO. Consumidor/Revendedor: Compre 2 itens selecionados de Eudora Make com até 50% de desconto em cada unidade;0.0;Franqueado: Ressarcimento via BSO. Consumidor/Revendedor: Compre 2 itens selecionados NIINA SECRETS, SOUL, EUDORA MAKE e GLAM e pague 1, até 50% de desconto em cada unidade.;Não;Não;Não;Não;Não;Não;Não;Não;1;0;7;0;8;9;15;19;Sim;Não;Crítico;Não;0;442;9.01;8;Não
13629;C;;84871;EUD MAKE BAT MATE K/M NUDE PODER 3,7g;MAQUIAGEM;MAQUIAGEM BOCA;;;0;0;0;0;0;0;0;0;0;0;0;9;2;3;12;7;1;2;10;2;3;3;;;;;0.0;Franqueado: Ressarcimento via BSO. Consumidor/Revendedor: Compre 2 itens selecionados de Eudora Make com até 50% de desconto em cada unidade;0.0;Franqueado: Ressarcimento via BSO. Consumidor/Revendedor: Compre 2 itens selecionados NIINA SECRETS, SOUL, EUDORA MAKE e GLAM e pague 1, até 50% de desconto em cada unidade.;Não;Não;Não;Não;Não;Não;Não;Não;0;3;4;0;2;4;7;10;Não;Não;;Não;0;442;9.01;2;Não
13629;C;;84872;EUD MAKE BAT MATE K/M NUDE REALCE 3,7g;MAQUIAGEM;MAQUIAGEM BOCA;;;0;0;0;0;0;0;0;0;0;0;0;5;0;0;4;1;3;2;9;2;4;3;;;;;0.0;Franqueado: Ressarcimento via BSO. Consumidor/Revendedor: Compre 2 itens selecionados de Eudora Make com até 50% de desconto em cada unidade;0.0;Franqueado: Ressarcimento via BSO. Consumidor/Revendedor: Compre 2 itens selecionados NIINA SECRETS, SOUL, EUDORA MAKE e GLAM e pague 1, até 50% de desconto em cada unidade.;Não;Não;Não;Não;Não;Não;Não;Não;0;1;5;0;5;6;10;13;Não;Não;;Não;0;442;9.01;5;Não
13629;C;;86536;EUD MAKE BAT MATE K/M NUDE/QUERID 3,7g;MAQUIAGEM;MAQUIAGEM BOCA;;;0;0;0;0;0;0;0;0;0;0;0;12;2;6;8;0;0;0;66;2;2;3;;;;;0.0;Franqueado: Ressarcimento via BSO. Consumidor/Revendedor: Compre 2 itens selecionados de Eudora Make com até 50% de desconto em cada unidade;0.0;Franqueado: Ressarcimento via BSO. Consumidor/Revendedor: Compre 2 itens selecionados NIINA SECRETS, SOUL, EUDORA MAKE e GLAM e pague 1, até 50% de desconto em cada unidade.;Não;Não;Não;Não;Não;Não;Não;Não;0;0;3;0;4;5;7;10;Sim;Não;Crítico;Não;0;442;9.01;4;Não
13629;C;;84873;EUD MAKE BAT MATE K/M PINK NUDE V5 3,7g;MAQUIAGEM;MAQUIAGEM BOCA;;;22;5;2;6;0;0;11;1;0;0;0;9;4;11;35;5;6;0;27;3;6;3;21.0;Franqueado: Ressarcimento via BSO. Consumidor/Revendedor: Itens selecionados MAQUIAGEM com até 27% de desconto.;;;0.0;Franqueado: Ressarcimento via BSO. Consumidor/Revendedor: Compre 2 itens selecionados de Eudora Make com até 50% de desconto em cada unidade;0.0;Franqueado: Ressarcimento via BSO. Consumidor/Revendedor: Compre 2 itens selecionados NIINA SECRETS, SOUL, EUDORA MAKE e GLAM e pague 1, até 50% de desconto em cada unidade.;Não;Não;Não;Não;Não;Não;Não;Não;1;0;7;0;7;9;15;18;Sim;Não;Crítico;Não;0;442;9.01;7;Não
13629;C;;84874;EUD MAKE BAT MATE K/M ROS/UNICO V4 3,7g;MAQUIAGEM;MAQUIAGEM BOCA;;;14;0;5;16;1;4;15;0;0;14;6;0;0;0;43;6;0;0;37;4;6;4;21.0;Franqueado: Ressarcimento via BSO. Consumidor/Revendedor: Itens selecionados MAQUIAGEM com até 27% de desconto.;;;0.0;Franqueado: Ressarcimento via BSO. Consumidor/Revendedor: Compre 2 itens selecionados de Eudora Make com até 50% de desconto em cada unidade;0.0;Franqueado: Ressarcimento via BSO. Consumidor/Revendedor: Compre 2 itens selecionados NIINA SECRETS, SOUL, EUDORA MAKE e GLAM e pague 1, até 50% de desconto em cada unidade.;Não;Não;Não;Não;Não;Não;Não;Não;0;1;8;7;1;4;10;14;Não;Não;;Não;0;442;9.01;1;Não
13629;B;BC;84875;EUD MAKE BAT MATE K/M VERM MODRN V4 3,7g;MAQUIAGEM;MAQUIAGEM BOCA;;;21;3;3;18;2;2;7;0;2;3;1;14;8;9;46;5;13;0;20;4;9;4;21.0;Franqueado: Ressarcimento via BSO. Consumidor/Revendedor: Itens selecionados MAQUIAGEM com até 27% de desconto.;;;0.0;Franqueado: Ressarcimento via BSO. Consumidor/Revendedor: Compre 2 itens selecionados de Eudora Make com até 50% de desconto em cada unidade;0.0;Franqueado: Ressarcimento via BSO. Consumidor/Revendedor: Compre 2 itens selecionados NIINA SECRETS, SOUL, EUDORA MAKE e GLAM e pague 1, até 50% de desconto em cada unidade.;Não;Não;Não;Não;Não;Não;Não;Não;0;0;8;0;9;11;20;24;Sim;Não;Crítico;Não;0;442;9.01;9;Não
13629;C;;84876;EUD MAKE BAT MATE K/M VERM PAPAR V4 3,7g;MAQUIAGEM;MAQUIAGEM BOCA;;;23;2;7;17;4;6;12;5;6;6;4;10;6;16;7;2;0;2;3;4;8;4;21.0;Franqueado: Ressarcimento via BSO. Consumidor/Revendedor: Itens selecionados MAQUIAGEM com até 27% de desconto.;;;0.0;Franqueado: Ressarcimento via BSO. Consumidor/Revendedor: Compre 2 itens selecionados de Eudora Make com até 50% de desconto em cada unidade;0.0;Franqueado: Ressarcimento via BSO. Consumidor/Revendedor: Compre 2 itens selecionados NIINA SECRETS, SOUL, EUDORA MAKE e GLAM e pague 1, até 50% de desconto em cada unidade.;Não;Não;Não;Não;Não;Não;Não;Não;9;0;9;0;7;10;18;22;Sim;Não;Crítico;Não;0;442;9.01;7;Não
13629;B;BC;84877;EUD MAKE BAT MATE K/M VIN CBRNT V4 3,7g;MAQUIAGEM;MAQUIAGEM BOCA;;;44;3;8;11;0;2;10;0;0;10;12;7;7;17;45;10;0;0;33;6;14;6;21.0;Franqueado: Ressarcimento via BSO. Consumidor/Revendedor: Itens selecionados MAQUIAGEM com até 27% de desconto.;;;0.0;Franqueado: Ressarcimento via BSO. Consumidor/Revendedor: Compre 2 itens selecionados de Eudora Make com até 50% de desconto em cada unidade;0.0;Franqueado: Ressarcimento via BSO. Consumidor/Revendedor: Compre 2 itens selecionados NIINA SECRETS, SOUL, EUDORA MAKE e GLAM e pague 1, até 50% de desconto em cada unidade.;Não;Não;Não;Não;Não;Não;Não;Não;0;0;12;0;13;17;31;37;Sim;Não;Crítico;Não;0;442;9.01;13;Não
13629;C;;94220;EUD MAKE CORRET LIQ L/D SK/PERF 120N 4ml;MAQUIAGEM;MAQUIAGEM ROSTO;;;0;0;0;0;0;0;0;0;0;10;2;2;0;0;3;1;2;1;4;1;3;3;;;;;33.0;Franqueado: Ressarcimento via BSO. Consumidor/Revendedor: Itens selecionados MAQUIAGEM e ACESSÓRIOS com até 43% de desconto.;33.0;Franqueado: Ressarcimento via BSO. Consumidor/Revendedor: Itens selecionados DESODORANTES, PERFUMARIA, CUIDADOS COM A PELE, MAQUIAGEM, CABELOS, ACESSÓRIOS, CUIDADOS FACIAIS, SABONETE CORPO, SOLAR e CUIDADOS COM A BARBA com até 63% de desconto.;Não;Não;Não;Não;Não;Não;Não;Não;11;0;3;0;0;0;0;0;Não;Não;;Não;0;368;14.22;0;Não
13629;C;;94221;EUD MAKE CORRET LIQ L/D SK/PERF 150Q 4ml;MAQUIAGEM;MAQUIAGEM ROSTO;;;0;0;0;0;0;0;0;0;0;9;1;3;0;0;5;0;2;0;13;1;4;3;;;;;33.0;Franqueado: Ressarcimento via BSO. Consumidor/Revendedor: Itens selecionados MAQUIAGEM e ACESSÓRIOS com até 43% de desconto.;33.0;Franqueado: Ressarcimento via BSO. Consumidor/Revendedor: Itens selecionados DESODORANTES, PERFUMARIA, CUIDADOS COM A PELE, MAQUIAGEM, CABELOS, ACESSÓRIOS, CUIDADOS FACIAIS, SABONETE CORPO, SOLAR e CUIDADOS COM A BARBA com até 63% de desconto.;Não;Não;Não;Não;Não;Não;Não;Não;6;0;4;0;0;0;3;6;Não;Não;;Não;0;368;14.22;0;Não
13629;C;;94226;EUD MAKE CORRET LIQ L/D SK/PERF 210Q 4ml;MAQUIAGEM;MAQUIAGEM ROSTO;;;0;0;0;0;0;0;0;0;0;7;0;1;1;0;0;1;2;1;11;1;1;2;;;;;33.0;Franqueado: Ressarcimento via BSO. Consumidor/Revendedor: Itens selecionados MAQUIAGEM e ACESSÓRIOS com até 43% de desconto.;33.0;Franqueado: Ressarcimento via BSO. Consumidor/Revendedor: Itens selecionados DESODORANTES, PERFUMARIA, CUIDADOS COM A PELE, MAQUIAGEM, CABELOS, ACESSÓRIOS, CUIDADOS FACIAIS, SABONETE CORPO, SOLAR e CUIDADOS COM A BARBA com até 63% de desconto.;Não;Não;Não;Não;Não;Não;Não;Não;5;0;2;0;0;0;0;1;Não;Não;;Não;0;368;14.22;0;Não
13629;C;;94228;EUD MAKE CORRET LIQ L/D SK/PERF 250N 4ml;MAQUIAGEM;MAQUIAGEM ROSTO;;;0;0;0;0;0;0;0;0;0;6;0;0;0;0;2;0;1;0;18;0;2;1;;;;;33.0;Franqueado: Ressarcimento via BSO. Consumidor/Revendedor: Itens selecionados MAQUIAGEM e ACESSÓRIOS com até 43% de desconto.;33.0;Franqueado: Ressarcimento via BSO. Consumidor/Revendedor: Itens selecionados DESODORANTES, PERFUMARIA, CUIDADOS COM A PELE, MAQUIAGEM, CABELOS, ACESSÓRIOS, CUIDADOS FACIAIS, SABONETE CORPO, SOLAR e CUIDADOS COM A BARBA com até 63% de desconto.;Não;Não;Não;Não;Não;Não;Não;Não;4;0;2;0;0;0;0;0;Não;Não;;Não;0;368;14.22;0;Não
13629;C;;94230;EUD MAKE CORRET LIQ L/D SK/PERF 270Q 4ml;MAQUIAGEM;MAQUIAGEM ROSTO;;;0;0;0;0;0;0;0;0;0;2;0;0;2;1;1;0;2;0;12;0;1;1;;;;;33.0;Franqueado: Ressarcimento via BSO. Consumidor/Revendedor: Itens selecionados MAQUIAGEM e ACESSÓRIOS com até 43% de desconto.;33.0;Franqueado: Ressarcimento via BSO. Consumidor/Revendedor: Itens selecionados DESODORANTES, PERFUMARIA, CUIDADOS COM A PELE, MAQUIAGEM, CABELOS, ACESSÓRIOS, CUIDADOS FACIAIS, SABONETE CORPO, SOLAR e CUIDADOS COM A BARBA com até 63% de desconto.;Não;Não;Não;Não;Não;Não;Não;Não;3;0;1;0;0;0;0;0;Não;Não;;Não;0;368;14.22;0;Não
13629;C;;94232;EUD MAKE CORRET LIQ L/D SK/PERF 325F 4ml;MAQUIAGEM;MAQUIAGEM ROSTO;;;0;0;0;0;0;0;0;0;0;1;0;1;0;1;1;1;0;0;47;0;1;1;;;;;33.0;Franqueado: Ressarcimento via BSO. Consumidor/Revendedor: Itens selecionados MAQUIAGEM e ACESSÓRIOS com até 43% de desconto.;33.0;Franqueado: Ressarcimento via BSO. Consumidor/Revendedor: Itens selecionados DESODORANTES, PERFUMARIA, CUIDADOS COM A PELE, MAQUIAGEM, CABELOS, ACESSÓRIOS, CUIDADOS FACIAIS, SABONETE CORPO, SOLAR e CUIDADOS COM A BARBA com até 63% de desconto.;Não;Não;Não;Não;Não;Não;Não;Não;1;0;1;0;0;0;1;2;Não;Não;;Não;0;368;14.22;0;Não
13629;C;;87434;EUD MAKE DELIN LIQ FOREVER PRETO 3ml;MAQUIAGEM;MAQUIAGEM OLHOS;;;0;0;1;1;3;0;3;0;4;2;0;1;2;2;3;4;0;0;45;1;1;1;;;;;35.0;Franqueado: Ressarcimento via BSO. Consumidor: Monte seu presente com itens selecionados de Eudora (Make e Acessórios) com desconto progressivo. Leve 2 itens com 25% de desconto. Leve 3 itens ou mais com 35% de desconto.;35.0;Franqueado: Ressarcimento via BSO. Consumidor: Monte seu presente com itens selecionados de Eudora (Make e Acessórios) com desconto progressivo. Leve 2 itens com 25% de desconto. Leve 3 itens ou mais com 35% de desconto.;Não;Não;Não;Não;Não;Não;Não;Não;3;0;2;0;0;0;1;2;Não;Não;;Não;0;475;13.04;0;Não
13629;C;;80835;EUD MAKE ESPONJA MAQ PU;ACESSÓRIOS;FUNCIONAIS MAQUIAGEM;;;2;4;1;6;5;1;5;4;2;1;0;0;1;8;9;4;0;1;10;9;3;3;17.0;Franqueado: Ressarcimento via BSO. Consumidor/Revendedor: Itens selecionados  com até 60% de desconto.;"17.0
0.0";"Franqueado: Ressarcimento via BSO. Consumidor/Revendedor: itens selecionados de Niina Secrets (blush, pó solto, iluminador, batom, máscara de cílios, bruma e esponja de maquiagem) com até 27% de desconto
Junte ao menos 5 embalagens de qualquer marca, leve ao Espaço do Revendedor durante o Ciclo 15/2026, utilizando o cupom ""Botirecicla5"" ao fazer um pedido mínimo e ganhe um produto selecionado para vender com 100% de lucro. Promoção não válida para cartuchos.";;;20.0;Franqueado: Ressarcimento via BSO. Consumidor/Revendedor: Itens selecionados PERFUMARIA, SABONETE CORPO, ACESSÓRIOS, INFANTIL, MAQUIAGEM, CABELOS, CUIDADOS COM A PELE, CUIDADOS FACIAIS, CUIDADOS COM A BARBA e DESODORANTES com até 37% de desconto.;Não;Não;Não;Não;Não;Não;Não;Não;4;0;8;0;9;15;18;21;Não;Não;;Não;0;144;11.44;9;Não
13629;E;;89095;EUD MAKE GL/LAB MICR/INJ PNK/EXTR 5,2ml;MAQUIAGEM;MAQUIAGEM BOCA;202611;;0;0;0;0;0;0;0;0;0;0;0;0;0;78;60;6;4;0;16;3;3;3;28.0;Franqueado: Ressarcimento via BSO. Consumidor/Revendedor: Itens selecionados MAQUIAGEM, PERFUMARIA e SOLAR com até 39% de desconto.;28.0;Franqueado: Ressarcimento via BSO. Consumidor/Revendedor: Itens selecionados de MAQUIAGEM, PERFUMARIA, SOLAR e CUIDADOS COM A PELE com até 40% de desconto.;;;;;Não;Não;Não;Não;Não;Não;Não;Não;0;0;3;0;4;6;9;12;Sim;Não;Crítico;Não;0;315;16.59;4;Não
13629;B;BC;85006;EUD MAKE GLOS LAB K/M INCOLOR 5,2ml;MAQUIAGEM;MAQUIAGEM BOCA;;;8;3;18;8;1;0;5;2;3;10;6;10;5;11;27;6;14;0;15;4;33;18;"28.0
26.0
25.0
24.0
23.0
23.0
22.0";"Revendedor Cobre/Bronze: Itens selecionados com até 44% de lucro extra.
Revendedor Prata: Itens selecionados com até 41,25% de lucro extra.
Revendedor Ouro: Itens selecionados com até 39,6% de lucro extra.
Revendedor Platina: Itens selecionados com até 38,5% de lucro extra.
Revendedor Rubi: Itens selecionados com até 37,4% de lucro extra.
Revendedor Esmeralda: Itens selecionados com até 36,3% de lucro extra.
Revendedor Diamante: Itens selecionados com até 35,75% de lucro extra.";;;46.0;Franqueado: Ressarcimento via BSO. Consumidor/Revendedor: Itens selecionados MAQUIAGEM e ACESSÓRIOS com até 63% de desconto.;46.0;Franqueado: Ressarcimento via BSO. Consumidor/Revendedor: Itens selecionados DESODORANTES, PERFUMARIA, CUIDADOS COM A PELE, MAQUIAGEM, CABELOS, ACESSÓRIOS, CUIDADOS FACIAIS, SABONETE CORPO, SOLAR e CUIDADOS COM A BARBA com até 63% de desconto.;Não;Não;Não;Não;Não;Não;Não;Não;0;18;23;0;8;11;44;62;Não;Não;;Não;0;540;8.77;8;Não
13629;C;;86611;EUD MAKE GLOS LAB K/M PESS/FLASH 5,2ml;MAQUIAGEM;MAQUIAGEM BOCA;;;6;33;32;28;4;2;2;3;5;10;4;9;5;5;32;2;6;9;5;4;32;18;27.0;Franqueado: Ressarcimento via BSO. Consumidor/Revendedor: Itens selecionados MAQUIAGEM com até 27% de desconto.;;;46.0;Franqueado: Ressarcimento via BSO. Consumidor/Revendedor: Itens selecionados MAQUIAGEM e ACESSÓRIOS com até 63% de desconto.;46.0;Franqueado: Ressarcimento via BSO. Consumidor/Revendedor: Itens selecionados DESODORANTES, PERFUMARIA, CUIDADOS COM A PELE, MAQUIAGEM, CABELOS, ACESSÓRIOS, CUIDADOS FACIAIS, SABONETE CORPO, SOLAR e CUIDADOS COM A BARBA com até 63% de desconto.;Não;Não;Não;Não;Não;Não;Não;Não;10;0;26;0;27;29;61;79;Não;Não;;Não;0;540;8.77;27;Não
13629;B;BB;86555;EUD MAKE GLOS LAB K/M ROS/HOLOFOTE 5,2ml;MAQUIAGEM;MAQUIAGEM BOCA;;;7;53;47;40;5;6;6;2;6;9;2;19;11;12;61;8;7;1;11;8;41;26;27.0;Franqueado: Ressarcimento via BSO. Consumidor/Revendedor: Itens selecionados MAQUIAGEM com até 27% de desconto.;;;46.0;Franqueado: Ressarcimento via BSO. Consumidor/Revendedor: Itens selecionados MAQUIAGEM e ACESSÓRIOS com até 63% de desconto.;46.0;Franqueado: Ressarcimento via BSO. Consumidor/Revendedor: Itens selecionados DESODORANTES, PERFUMARIA, CUIDADOS COM A PELE, MAQUIAGEM, CABELOS, ACESSÓRIOS, CUIDADOS FACIAIS, SABONETE CORPO, SOLAR e CUIDADOS COM A BARBA com até 63% de desconto.;Não;Não;Não;Não;Não;Não;Não;Não;4;0;36;10;28;33;74;100;Não;Não;;Não;0;540;8.77;28;Não
13629;E;;89097;EUD MAKE GLOSS LAB MICR/INJ BROWN 5,2ml;MAQUIAGEM;MAQUIAGEM BOCA;202611;;0;0;0;0;0;0;0;0;0;0;0;0;0;40;47;11;0;0;38;3;3;3;28.0;Franqueado: Ressarcimento via BSO. Consumidor/Revendedor: Itens selecionados MAQUIAGEM, PERFUMARIA e SOLAR com até 39% de desconto.;28.0;Franqueado: Ressarcimento via BSO. Consumidor/Revendedor: Itens selecionados de MAQUIAGEM, PERFUMARIA, SOLAR e CUIDADOS COM A PELE com até 40% de desconto.;;;;;Não;Não;Não;Não;Não;Não;Não;Não;0;0;3;0;4;6;9;12;Sim;Não;Crítico;Não;0;315;16.59;4;Não
13629;E;;89098;EUD MAKE GLOSS LAB MICR/INJ CHERRY 5,2ml;MAQUIAGEM;MAQUIAGEM BOCA;202611;;0;0;0;0;0;0;0;0;0;0;0;0;0;67;51;7;3;0;20;2;3;2;28.0;Franqueado: Ressarcimento via BSO. Consumidor/Revendedor: Itens selecionados MAQUIAGEM, PERFUMARIA e SOLAR com até 39% de desconto.;28.0;Franqueado: Ressarcimento via BSO. Consumidor/Revendedor: Itens selecionados de MAQUIAGEM, PERFUMARIA, SOLAR e CUIDADOS COM A PELE com até 40% de desconto.;;;;;Não;Não;Não;Não;Não;Não;Não;Não;1;0;3;0;3;4;7;9;Sim;Não;Crítico;Não;0;315;16.59;3;Não
13629;E;;94210;EUD MAKE GLOSS LAB MICR/INJ FUCCIA 5,2ml;MAQUIAGEM;MAQUIAGEM BOCA;202611;;0;0;0;0;0;0;0;0;0;0;0;0;0;56;23;0;0;0;69;1;1;1;28.0;Franqueado: Ressarcimento via BSO. Consumidor/Revendedor: Itens selecionados MAQUIAGEM, PERFUMARIA e SOLAR com até 39% de desconto.;28.0;Franqueado: Ressarcimento via BSO. Consumidor/Revendedor: Itens selecionados de MAQUIAGEM, PERFUMARIA, SOLAR e CUIDADOS COM A PELE com até 40% de desconto.;;;;;Não;Não;Não;Não;Não;Não;Não;Não;0;0;1;0;1;2;3;4;Sim;Não;Crítico;Não;0;315;16.59;1;Não
13629;E;;89096;EUD MAKE GLOSS LAB MICR/INJ ROSE 5,2ml;MAQUIAGEM;MAQUIAGEM BOCA;202611;;0;0;0;0;0;0;0;0;0;0;0;0;0;71;46;9;3;1;10;3;3;2;28.0;Franqueado: Ressarcimento via BSO. Consumidor/Revendedor: Itens selecionados MAQUIAGEM, PERFUMARIA e SOLAR com até 39% de desconto.;28.0;Franqueado: Ressarcimento via BSO. Consumidor/Revendedor: Itens selecionados de MAQUIAGEM, PERFUMARIA, SOLAR e CUIDADOS COM A PELE com até 40% de desconto.;;;;;Não;Não;Não;Não;Não;Não;Não;Não;0;0;3;0;3;5;8;10;Sim;Não;Crítico;Não;0;315;16.59;3;Não
13629;E;;94213;EUD MAKE LAP CON/LAB M/INJ BAR/BRW 0,3g;MAQUIAGEM;MAQUIAGEM BOCA;202611;;0;0;0;0;0;0;0;0;0;0;0;0;0;19;29;5;0;0;44;1;1;1;20.0;Franqueado: Ressarcimento via BSO. Consumidor/Revendedor: Itens selecionados MAQUIAGEM, PERFUMARIA e SOLAR com até 39% de desconto.;20.0;Franqueado: Ressarcimento via BSO. Consumidor/Revendedor: Itens selecionados de MAQUIAGEM, PERFUMARIA, SOLAR e CUIDADOS COM A PELE com até 40% de desconto.;;;;;Não;Não;Não;Não;Não;Não;Não;Não;4;16;1;0;0;0;0;0;Não;Não;;Não;0;432;11.85;0;Não
13629;E;;94212;EUD MAKE LAP CON/LAB M/INJ SFT/ROS 0,3g;MAQUIAGEM;MAQUIAGEM BOCA;202611;;0;0;0;0;0;0;0;0;0;0;0;0;0;25;24;3;1;3;4;1;1;1;20.0;Franqueado: Ressarcimento via BSO. Consumidor/Revendedor: Itens selecionados MAQUIAGEM, PERFUMARIA e SOLAR com até 39% de desconto.;20.0;Franqueado: Ressarcimento via BSO. Consumidor/Revendedor: Itens selecionados de MAQUIAGEM, PERFUMARIA, SOLAR e CUIDADOS COM A PELE com até 40% de desconto.;;;;;Não;Não;Não;Não;Não;Não;Não;Não;1;12;1;0;0;0;0;0;Não;Não;;Não;0;432;11.85;0;Não
13629;C;;84921;EUD MAKE LAP SOBRANC TURBO CLARO 1,1g;MAQUIAGEM;MAQUIAGEM SOBRANCELHAS;;;2;0;1;2;0;0;7;0;0;0;0;0;0;1;3;6;0;0;42;0;4;2;;;;;25.0;Franqueado: Ressarcimento via BSO. Consumidor/Revendedor: Itens selecionados MAQUIAGEM e ACESSÓRIOS com até 63% de desconto.;25.0;Franqueado: Ressarcimento via BSO. Consumidor/Revendedor: Itens selecionados DESODORANTES, PERFUMARIA, CUIDADOS COM A PELE, MAQUIAGEM, CABELOS, ACESSÓRIOS, CUIDADOS FACIAIS, SABONETE CORPO, SOLAR e CUIDADOS COM A BARBA com até 63% de desconto.;Não;Não;Não;Não;Não;Não;Não;Não;6;0;3;0;0;0;1;3;Não;Não;;Não;0;560;9.48;0;Não
13629;C;;84922;EUD MAKE LAP SOBRANC TURBO MEDIO 1,1g;MAQUIAGEM;MAQUIAGEM SOBRANCELHAS;;;6;0;3;3;3;3;23;3;2;2;0;0;1;0;0;1;0;0;39;2;8;4;;;;;25.0;Franqueado: Ressarcimento via BSO. Consumidor/Revendedor: Itens selecionados MAQUIAGEM e ACESSÓRIOS com até 63% de desconto.;25.0;Franqueado: Ressarcimento via BSO. Consumidor/Revendedor: Itens selecionados DESODORANTES, PERFUMARIA, CUIDADOS COM A PELE, MAQUIAGEM, CABELOS, ACESSÓRIOS, CUIDADOS FACIAIS, SABONETE CORPO, SOLAR e CUIDADOS COM A BARBA com até 63% de desconto.;Não;Não;Não;Não;Não;Não;Não;Não;1;0;8;0;8;9;17;21;Não;Não;;Não;0;560;9.48;8;Não
13629;C;;87404;EUD MAKE MASC SOBRANC FOREVER INCOLOR 4g;MAQUIAGEM;MAQUIAGEM SOBRANCELHAS;;;3;1;2;4;2;1;1;3;2;3;3;3;7;3;1;11;0;1;5;2;3;6;;;;;;;20.0;Franqueado: Ressarcimento via BSO. Consumidor/Revendedor: Itens selecionados MAQUIAGEM e ACESSÓRIOS com até 23% de desconto.;Não;Não;Não;Não;Não;Não;Não;Não;3;0;4;0;2;4;7;13;Sim;Não;Crítico;Não;0;540;14.93;2;Não
13629;B;BB;84946;EUD MAKE MASC/CILIO TURBO 10g;MAQUIAGEM;MAQUIAGEM OLHOS;;;36;44;15;28;3;0;16;16;23;15;24;16;60;18;0;22;3;0;19;14;20;17;"31.0
30.0";"Franqueado: Ressarcimento via BSO. Consumidor/Revendedor: Itens selecionados CUIDADOS COM A PELE, MAQUIAGEM e PERFUMARIA com até 31% de desconto.
Na compra de itens selecionados de maquiagem Eudora Make no primeiro pedido, ganhe 30% de lucro extra. Limitado a 1 unidade por CPF. Válido para revendedores selecionados.";;;26.0;Franqueado: Ressarcimento via BSO. Consumidor/Revendedor: Nessa oferta compre COMBO DIVA FABULOSA NAT/26 - DIVA DES COL FABULOSA 100ml + EUD MAKE MASC/CILIO TURBO 10g DE R$ 204,89 POR R$ 149,90. Desconto total de 26.83879%.;26.0;Franqueado: Ressarcimento via BSO. Consumidor/Revendedor: Nessa oferta compre COMBO DIVA FABULOSA - (52107) DIVA DES COL FABULOSA 100ml + (84946) EUD MAKE MASC/CILIO TURBO 10g. DE R$ 204,89 POR R$ 149,90 Desconto total de 26.83879%.;Não;Não;Não;Não;Não;Não;Não;Não;0;0;25;0;30;39;59;76;Não;Não;;Não;0;234;13.04;30;Não
13629;B;BB;89977;EUD MAKE MASC/CILIO TURBO DIMENSION 10g;MAQUIAGEM;MAQUIAGEM OLHOS;;;0;0;0;0;0;0;121;23;16;42;27;6;10;13;12;32;6;16;4;12;18;14;25.0;Franqueado: Ressarcimento via BSO. Consumidor/Revendedor: Itens selecionados CUIDADOS COM A PELE, MAQUIAGEM e PERFUMARIA com até 31% de desconto.;;;0.0;Franqueado: Ressarcimento via BSO. Consumidor/Revendedor: Compre 2 itens selecionados de Eudora Make com até 50% de desconto em cada unidade;0.0;Franqueado: Ressarcimento via BSO. Consumidor/Revendedor: Compre 2 itens selecionados NIINA SECRETS, SOUL, EUDORA MAKE e GLAM e pague 1, até 50% de desconto em cada unidade.;Não;Não;Não;Não;Não;Não;Não;Não;2;0;22;0;26;34;52;66;Sim;Não;Crítico;Não;0;234;13.04;26;Não
13629;B;BA;86538;EUD MAKE MASC/CILIO TURBO VOLUMACO 10g;MAQUIAGEM;MAQUIAGEM OLHOS;;;3;7;45;20;40;1;41;36;8;39;13;43;27;4;27;63;28;1;9;24;38;22;30.0;Na compra de itens selecionados de maquiagem Eudora Make no primeiro pedido, ganhe 30% de lucro extra. Limitado a 1 unidade por CPF. Válido para revendedores selecionados.;;;35.0;Franqueado: Ressarcimento via BSO. Consumidor: Monte seu presente com itens selecionados de Eudora (Make e Acessórios) com desconto progressivo. Leve 2 itens com 25% de desconto. Leve 3 itens ou mais com 35% de desconto.;"35.0
30.0";"Franqueado: Ressarcimento via BSO. Consumidor: Monte seu presente com itens selecionados de Eudora (Make e Acessórios) com desconto progressivo. Leve 2 itens com 25% de desconto. Leve 3 itens ou mais com 35% de desconto.
Na compra de itens selecionados de maquiagem Eudora Make no primeiro pedido, ganhe 30% de lucro extra. Limitado a 1 unidade por CPF. Válido para revendedores selecionados.";Não;Não;Não;Não;Não;Não;Não;Não;4;0;51;0;58;74;112;134;Sim;Não;Crítico;Não;0;234;10.66;58;Não
13629;B;BB;89980;EUD MAKE PLT SOMBRAS TURBO 8g;MAQUIAGEM;MAQUIAGEM OLHOS;;;0;0;0;0;0;0;211;11;13;1;0;1;11;20;20;12;10;7;5;8;13;10;25.0;Franqueado: Ressarcimento via BSO. Consumidor/Revendedor: Itens selecionados CUIDADOS COM A PELE, MAQUIAGEM e PERFUMARIA com até 31% de desconto.;;;;;;;Não;Não;Não;Não;Não;Não;Não;Não;0;3;16;41;0;0;0;5;Não;Não;;Não;0;126;11.43;0;Não
13629;E;;85075;EUD MAKE PO COMP SK/PERF 100 10g;MAQUIAGEM;MAQUIAGEM ROSTO;202611;;0;0;0;0;0;0;0;0;0;0;0;0;0;0;0;0;0;0;0;0;2;0;;;;;25.0;Franqueado: Ressarcimento via BSO. Consumidor/Revendedor: Itens selecionados MAQUIAGEM e ACESSÓRIOS com até 63% de desconto.;25.0;Franqueado: Ressarcimento via BSO. Consumidor/Revendedor: Itens selecionados DESODORANTES, PERFUMARIA, CUIDADOS COM A PELE, MAQUIAGEM, CABELOS, ACESSÓRIOS, CUIDADOS FACIAIS, SABONETE CORPO, SOLAR e CUIDADOS COM A BARBA com até 63% de desconto.;Não;Não;Não;Não;Não;Não;Não;Não;1;0;1;0;0;0;2;2;Sim;Não;Crítico;Não;0;140;14.22;0;Não
13629;E;;85076;EUD MAKE PO COMP SK/PERF 170 10g;MAQUIAGEM;MAQUIAGEM ROSTO;202611;;0;0;0;0;0;0;0;0;0;0;0;0;0;0;0;2;1;0;26;1;6;0;;;;;25.0;Franqueado: Ressarcimento via BSO. Consumidor/Revendedor: Itens selecionados MAQUIAGEM e ACESSÓRIOS com até 63% de desconto.;25.0;Franqueado: Ressarcimento via BSO. Consumidor/Revendedor: Itens selecionados DESODORANTES, PERFUMARIA, CUIDADOS COM A PELE, MAQUIAGEM, CABELOS, ACESSÓRIOS, CUIDADOS FACIAIS, SABONETE CORPO, SOLAR e CUIDADOS COM A BARBA com até 63% de desconto.;Não;Não;Não;Não;Não;Não;Não;Não;1;2;3;0;0;1;7;7;Não;Não;;Não;0;140;14.22;0;Não
13629;E;;85077;EUD MAKE PO COMP SK/PERF 235 10g;MAQUIAGEM;MAQUIAGEM ROSTO;202611;;0;0;0;0;0;0;0;0;0;0;0;0;0;0;0;0;4;1;9;1;8;0;;;;;25.0;Franqueado: Ressarcimento via BSO. Consumidor/Revendedor: Itens selecionados MAQUIAGEM e ACESSÓRIOS com até 63% de desconto.;25.0;Franqueado: Ressarcimento via BSO. Consumidor/Revendedor: Itens selecionados DESODORANTES, PERFUMARIA, CUIDADOS COM A PELE, MAQUIAGEM, CABELOS, ACESSÓRIOS, CUIDADOS FACIAIS, SABONETE CORPO, SOLAR e CUIDADOS COM A BARBA com até 63% de desconto.;Não;Não;Não;Não;Não;Não;Não;Não;0;2;3;0;2;2;10;10;Não;Não;;Não;0;140;14.22;2;Não
13629;E;;85078;EUD MAKE PO COMP SK/PERF 270 10g;MAQUIAGEM;MAQUIAGEM ROSTO;202611;;0;0;0;0;0;0;0;0;0;0;0;0;0;0;0;1;2;0;17;1;9;0;;;;;25.0;Franqueado: Ressarcimento via BSO. Consumidor/Revendedor: Itens selecionados MAQUIAGEM e ACESSÓRIOS com até 63% de desconto.;25.0;Franqueado: Ressarcimento via BSO. Consumidor/Revendedor: Itens selecionados DESODORANTES, PERFUMARIA, CUIDADOS COM A PELE, MAQUIAGEM, CABELOS, ACESSÓRIOS, CUIDADOS FACIAIS, SABONETE CORPO, SOLAR e CUIDADOS COM A BARBA com até 63% de desconto.;Não;Não;Não;Não;Não;Não;Não;Não;2;3;4;0;0;0;9;9;Não;Não;;Não;0;140;14.22;0;Não
13629;E;;85079;EUD MAKE PO COMP SK/PERF 288 10g;MAQUIAGEM;MAQUIAGEM ROSTO;202611;;0;0;0;0;0;0;0;0;0;0;0;0;0;0;0;0;2;0;24;1;5;0;;;;;25.0;Franqueado: Ressarcimento via BSO. Consumidor/Revendedor: Itens selecionados MAQUIAGEM e ACESSÓRIOS com até 63% de desconto.;25.0;Franqueado: Ressarcimento via BSO. Consumidor/Revendedor: Itens selecionados DESODORANTES, PERFUMARIA, CUIDADOS COM A PELE, MAQUIAGEM, CABELOS, ACESSÓRIOS, CUIDADOS FACIAIS, SABONETE CORPO, SOLAR e CUIDADOS COM A BARBA com até 63% de desconto.;Não;Não;Não;Não;Não;Não;Não;Não;0;0;2;0;2;3;8;8;Sim;Não;Crítico;Não;0;140;14.22;2;Não
13629;E;;85080;EUD MAKE PO COMP SK/PERF 300 10g;MAQUIAGEM;MAQUIAGEM ROSTO;202611;;0;0;0;0;0;0;0;0;0;0;0;0;0;0;0;0;0;0;0;0;3;0;;;;;25.0;Franqueado: Ressarcimento via BSO. Consumidor/Revendedor: Itens selecionados MAQUIAGEM e ACESSÓRIOS com até 63% de desconto.;25.0;Franqueado: Ressarcimento via BSO. Consumidor/Revendedor: Itens selecionados DESODORANTES, PERFUMARIA, CUIDADOS COM A PELE, MAQUIAGEM, CABELOS, ACESSÓRIOS, CUIDADOS FACIAIS, SABONETE CORPO, SOLAR e CUIDADOS COM A BARBA com até 63% de desconto.;Não;Não;Não;Não;Não;Não;Não;Não;1;0;1;0;0;0;3;3;Sim;Não;Crítico;Não;0;140;14.22;0;Não
13629;E;;85081;EUD MAKE PO COMP SK/PERF 325 10g;MAQUIAGEM;MAQUIAGEM ROSTO;202611;;0;0;0;0;0;0;0;0;0;0;0;0;0;0;0;0;0;0;;0;1;0;;;;;25.0;Franqueado: Ressarcimento via BSO. Consumidor/Revendedor: Itens selecionados MAQUIAGEM e ACESSÓRIOS com até 63% de desconto.;25.0;Franqueado: Ressarcimento via BSO. Consumidor/Revendedor: Itens selecionados DESODORANTES, PERFUMARIA, CUIDADOS COM A PELE, MAQUIAGEM, CABELOS, ACESSÓRIOS, CUIDADOS FACIAIS, SABONETE CORPO, SOLAR e CUIDADOS COM A BARBA com até 63% de desconto.;Não;Não;Não;Não;Não;Não;Não;Não;1;0;1;0;0;0;0;0;Sim;Não;Crítico;Não;0;140;14.22;0;Não
13629;E;;85082;EUD MAKE PO COMP SK/PERF 335 10g;MAQUIAGEM;MAQUIAGEM ROSTO;202611;;0;0;0;0;0;0;0;0;0;0;0;0;0;0;0;0;0;0;0;0;1;0;;;;;25.0;Franqueado: Ressarcimento via BSO. Consumidor/Revendedor: Itens selecionados MAQUIAGEM e ACESSÓRIOS com até 63% de desconto.;25.0;Franqueado: Ressarcimento via BSO. Consumidor/Revendedor: Itens selecionados DESODORANTES, PERFUMARIA, CUIDADOS COM A PELE, MAQUIAGEM, CABELOS, ACESSÓRIOS, CUIDADOS FACIAIS, SABONETE CORPO, SOLAR e CUIDADOS COM A BARBA com até 63% de desconto.;Não;Não;Não;Não;Não;Não;Não;Não;0;0;;0;0;0;1;1;Sim;Não;Crítico;Não;0;140;14.22;0;Não
13629;C;;80939;EUD NECESS COLLECTION 1 DOURADA PU;ACESSÓRIOS;ORGANIZADOR COSTURÁVEL;;;2;1;13;9;0;0;1;1;1;0;3;1;2;0;1;1;6;0;14;0;1;1;;;;;35.0;Franqueado: Ressarcimento via BSO. Consumidor: Monte seu presente com itens selecionados de Eudora (Make e Acessórios) com desconto progressivo. Leve 2 itens com 25% de desconto. Leve 3 itens ou mais com 35% de desconto.;35.0;Franqueado: Ressarcimento via BSO. Consumidor: Monte seu presente com itens selecionados de Eudora (Make e Acessórios) com desconto progressivo. Leve 2 itens com 25% de desconto. Leve 3 itens ou mais com 35% de desconto.;Não;Não;Não;Não;Não;Não;Não;Não;1;0;1;0;0;0;1;2;Não;Não;;Não;0;50;16.63;0;Não
13629;C;;80837;EUD NECESS COLLECTION 2 DOURADO PU;ACESSÓRIOS;ORGANIZADOR COSTURÁVEL;;;3;0;1;0;3;2;1;1;3;2;0;4;0;0;1;0;4;1;10;2;0;0;30.0;Franqueado: Ressarcimento via BSO. Consumidor/Revendedor: Itens selecionados  com até 60% de desconto.;24.0;Franqueado: Ressarcimento via BSO. Consumidor/Revendedor: Itens selecionados com até 60% de desconto.;35.0;Franqueado: Ressarcimento via BSO. Consumidor: Monte seu presente com itens selecionados de Eudora (Make e Acessórios) com desconto progressivo. Leve 2 itens com 25% de desconto. Leve 3 itens ou mais com 35% de desconto.;35.0;Franqueado: Ressarcimento via BSO. Consumidor: Monte seu presente com itens selecionados de Eudora (Make e Acessórios) com desconto progressivo. Leve 2 itens com 25% de desconto. Leve 3 itens ou mais com 35% de desconto.;Não;Não;Não;Não;Não;Não;Não;Não;4;0;1;0;0;0;0;0;Não;Não;;Não;0;36;22.94;0;Não
13629;C;;80877;EUD NECESS COLLECTION 3 DOURADO PU;ACESSÓRIOS;ORGANIZADOR COSTURÁVEL;;;4;1;3;1;5;0;7;0;5;1;0;1;0;0;2;1;3;0;12;0;0;1;;;;;35.0;Franqueado: Ressarcimento via BSO. Consumidor: Monte seu presente com itens selecionados de Eudora (Make e Acessórios) com desconto progressivo. Leve 2 itens com 25% de desconto. Leve 3 itens ou mais com 35% de desconto.;35.0;Franqueado: Ressarcimento via BSO. Consumidor: Monte seu presente com itens selecionados de Eudora (Make e Acessórios) com desconto progressivo. Leve 2 itens com 25% de desconto. Leve 3 itens ou mais com 35% de desconto.;Não;Não;Não;Não;Não;Não;Não;Não;2;0;0;0;0;0;0;0;Não;Não;;Não;0;32;20.07;0;Não
13629;C;;56666;EUD NECESS COLLECTION M PU;ACESSÓRIOS;ORGANIZADOR COSTURÁVEL;;202614;6;1;7;0;0;0;0;0;0;0;0;0;0;1;3;0;2;0;31;0;0;0;"24.0
22.0
21.0
21.0
20.0
19.0
19.0";"Revendedor Cobre/Bronze: Itens selecionados com até 44% de lucro extra.
Revendedor Prata: Itens selecionados com até 41,25% de lucro extra.
Revendedor Platina: Itens selecionados com até 38,5% de lucro extra.
Revendedor Ouro: Itens selecionados com até 39,6% de lucro extra.
Revendedor Rubi: Itens selecionados com até 37,4% de lucro extra.
Revendedor Esmeralda: Itens selecionados com até 36,3% de lucro extra.
Revendedor Diamante: Itens selecionados com até 35,75% de lucro extra.";16.0;Franqueado: Ressarcimento via BSO. Consumidor/Revendedor: Itens selecionados com até 60% de desconto.;39.0;Franqueado: Ressarcimento via BSO. Consumidor/Revendedor: Itens selecionados MAQUIAGEM, PERFUMARIA, ÓLEOS, ACESSÓRIOS, INFANTIL, CUIDADOS COM A PELE, CABELOS, CUIDADOS FACIAIS e CUIDADOS COM A BARBA com até 51% de desconto.;39.0;Franqueado: Ressarcimento via BSO. Consumidor/Revendedor: Itens selecionados MAQUIAGEM, PERFUMARIA, ÓLEOS, ACESSÓRIOS, INFANTIL, CUIDADOS COM A PELE, CABELOS e CUIDADOS FACIAIS com até 51% de desconto.;Não;Não;Não;Não;Não;Não;Não;Não;2;0;0;0;0;0;0;0;Não;Não;;Não;0;12;15.77;0;Não
13629;C;;57642;EUD NECESS MASCULINA PES;ACESSÓRIOS;ORGANIZADOR COSTURÁVEL;;;1;3;3;4;0;4;3;1;0;0;1;1;3;9;1;0;0;0;73;4;2;2;"32.0
30.0
28.0
28.0
27.0
26.0
26.0";"Revendedor Cobre/Bronze: Itens selecionados com até 44% de lucro extra.
Revendedor Prata: Itens selecionados com até 41,25% de lucro extra.
Revendedor Platina: Itens selecionados com até 38,5% de lucro extra.
Revendedor Ouro: Itens selecionados com até 39,6% de lucro extra.
Revendedor Rubi: Itens selecionados com até 37,4% de lucro extra.
Revendedor Esmeralda: Itens selecionados com até 36,3% de lucro extra.
Revendedor Diamante: Itens selecionados com até 35,75% de lucro extra.";22.0;Franqueado: Ressarcimento via BSO. Consumidor/Revendedor: Itens selecionados com até 60% de desconto.;;;26.0;Franqueado: Ressarcimento via BSO. Consumidor/Revendedor: Itens selecionados PERFUMARIA, SABONETE CORPO, ACESSÓRIOS, INFANTIL, MAQUIAGEM, CABELOS, CUIDADOS COM A PELE, CUIDADOS FACIAIS, CUIDADOS COM A BARBA e DESODORANTES com até 37% de desconto.;Não;Não;Não;Não;Não;Não;Não;Não;0;0;5;0;5;8;10;12;Não;Não;;Não;0;70;12.9;5;Não
13629;C;;56770;EUD PORTA BATOM PAPEL;ACESSÓRIOS;ORGANIZADOR NÃO COSTURÁVEL;;;4;0;3;0;0;0;0;0;0;0;0;0;0;0;0;0;1;0;25;1;2;1;60.0;Franqueado: Ressarcimento via BSO. Consumidor/Revendedor: Itens selecionados  com até 60% de desconto.;40.0;Franqueado: Ressarcimento via BSO. Consumidor/Revendedor: Itens selecionados com até 60% de desconto.;42.0;Franqueado: Ressarcimento via BSO. Consumidor/Revendedor: Itens selecionados MAQUIAGEM, PERFUMARIA, ÓLEOS, ACESSÓRIOS, INFANTIL, CUIDADOS COM A PELE, CABELOS, CUIDADOS FACIAIS e CUIDADOS COM A BARBA com até 51% de desconto.;42.0;Franqueado: Ressarcimento via BSO. Consumidor/Revendedor: Itens selecionados MAQUIAGEM, PERFUMARIA, ÓLEOS, ACESSÓRIOS, INFANTIL, CUIDADOS COM A PELE, CABELOS e CUIDADOS FACIAIS com até 51% de desconto.;Não;Não;Não;Não;Não;Não;Não;Não;2;0;3;0;1;2;4;5;Não;Não;;Não;0;96;14.33;1;Não
13629;A;;55295;EUD ROYAL DES COL FEM 100ml;PERFUMARIA;PERFUMARIA FEMININA;;;0;0;0;0;0;0;0;0;0;173;121;48;24;14;22;38;54;8;2;10;15;12;;;"20.0
15.0
12.0
10.0
8.0
6.0
5.0";"20% de Lucro Extra em itens selecionados de Perfumaria Royal, limitado a 4 unidades.
15% de Lucro Extra em itens selecionados de Perfumaria Royal, limitado a 4 unidades.
12% de Lucro Extra em itens selecionados de Perfumaria Royal, limitado a 4 unidades.
10% de Lucro Extra em itens selecionados de Perfumaria Royal, limitado a 4 unidades.
8% de Lucro Extra em itens selecionados de Perfumaria Royal, limitado a 4 unidades.
6% de Lucro Extra em itens selecionados de Perfumaria Royal, limitado a 4 unidades.
5% de Lucro Extra em itens selecionados de Perfumaria Royal, limitado a 4 unidades.";;;18.0;Consumidor/Revendedor: Compre o combo Natal Partilhar composto por: Eudora Nova Marca Desodorante Colonia Feminina 100Ml + Eudora Loção Desodorante Hidratante Corporal Royal, 200 Ml, preço de R$202,98 por R$164,90 - 18,76047% de desconto.;Não;Não;Não;Não;Não;Não;Não;Não;30;0;26;0;5;11;26;38;Não;Não;;Não;0;36;37.05;5;Não
13629;A;;55296;EUD ROYAL DES COL MASC 100ml;PERFUMARIA;PERFUMARIA MASCULINA;;;0;0;0;0;0;0;0;0;0;111;86;62;19;3;19;12;25;2;2;11;15;16;;;"20.0
15.0
12.0
10.0
8.0
6.0
5.0";"20% de Lucro Extra em itens selecionados de Perfumaria Royal, limitado a 4 unidades.
15% de Lucro Extra em itens selecionados de Perfumaria Royal, limitado a 4 unidades.
12% de Lucro Extra em itens selecionados de Perfumaria Royal, limitado a 4 unidades.
10% de Lucro Extra em itens selecionados de Perfumaria Royal, limitado a 4 unidades.
8% de Lucro Extra em itens selecionados de Perfumaria Royal, limitado a 4 unidades.
6% de Lucro Extra em itens selecionados de Perfumaria Royal, limitado a 4 unidades.
5% de Lucro Extra em itens selecionados de Perfumaria Royal, limitado a 4 unidades.";;;;;Não;Não;Não;Não;Não;Não;Não;Não;31;0;27;0;5;13;28;44;Não;Não;;Não;0;36;37.05;5;Não
13629;E;;95755;EUD SAB LIQ CPO ROSE C/GLITTER 100ml;SABONETE CORPO;CORPO;202614;;0;0;0;0;0;0;0;0;0;0;0;0;0;0;0;0;0;0;0;5;4;4;;;;;;;;;Não;Não;Não;Não;Não;Não;Não;Não;0;0;;0;6;9;13;17;Não;Não;;Não;0;80;0.0;6;Não
13629;E;;54475;EUDORA CX COMB LANCAMENTO NAT/23;ACESSÓRIOS;EMBALAGEM PRESENTEÁVEL;;;0;0;0;0;0;0;0;0;0;0;0;0;0;0;0;0;0;0;;0;0;0;"32.0
30.0
28.0
28.0
27.0
26.0
26.0
0.0";"Revendedor Cobre/Bronze: Itens selecionados com até 44% de lucro extra.
Revendedor Prata: Itens selecionados com até 41,25% de lucro extra.
Revendedor Platina: Itens selecionados com até 38,5% de lucro extra.
Revendedor Ouro: Itens selecionados com até 39,6% de lucro extra.
Revendedor Rubi: Itens selecionados com até 37,4% de lucro extra.
Revendedor Esmeralda: Itens selecionados com até 36,3% de lucro extra.
Revendedor Diamante: Itens selecionados com até 35,75% de lucro extra.
Ao fazer um pedido mínimo, ganhe 3 embalagens selecionadas. Limitado a 1 conquista por CPF.";0.0;Ao fazer um pedido mínimo, ganhe 3 embalagens selecionadas. Limitado a 1 conquista por CPF.;0.0;Ao fazer um pedido mínimo, ganhe 3 embalagens selecionadas. Limitado a 1 conquista por CPF.;0.0;Ao fazer um pedido mínimo, ganhe 3 embalagens selecionadas. Limitado a 1 conquista por CPF.;Não;Não;Não;Não;Não;Não;Não;Não;0;0;;0;0;0;0;0;Não;Não;;Não;0;70;1.69;0;Não
13629;E;;54478;EUDORA H BALM POS BARBA V2 75g;CUIDADOS COM A BARBA;PÓS-BARBEAR;;;1;10;40;43;3;8;16;2;0;0;0;0;0;0;0;0;0;0;220;4;6;6;20.0;Franqueado: Ressarcimento via BSO. Consumidor/Revendedor: Itens selecionados  com até 60% de desconto.;;;"16.0
15.0
14.0
14.0
13.0
13.0
13.0";"Revendedor Cobre/Bronze: Itens selecionados com até 59,5% de lucro extra.
Revendedor Prata: Itens selecionados com até 59,5% de lucro extra.
Revendedor Ouro: Itens selecionados com até 59,5% de lucro extra.
Revendedor Platina: Itens selecionados com até 59,5% de lucro extra.
Revendedor Diamante: Itens selecionados com até 59,5% de lucro extra.
Revendedor Rubi: Itens selecionados com até 59,5% de lucro extra.
Revendedor Esmeralda: Itens selecionados com até 59,5% de lucro extra.";29.0;Franqueado: Ressarcimento via BSO. Consumidor/Revendedor: Itens selecionados CABELOS, MAQUIAGEM, CUIDADOS COM A PELE, PERFUMARIA, CUIDADOS COM A BARBA, ACESSÓRIOS, SOLAR, SABONETE CORPO, DESODORANTES e CUIDADOS FACIAIS com até 45% de desconto.;Não;Não;Não;Não;Não;Não;Não;Não;0;0;5;0;6;8;14;20;Não;Não;;Não;0;80;13.07;6;Não
13629;B;BC;53447;EUDORA H DES ANTIT AER V2 125ml;DESODORANTES;DESODORANTE MASCULINO;;202615;14;1;48;1;3;0;6;7;0;2;6;26;7;8;32;11;4;10;6;7;0;0;23.0;Franqueado: Ressarcimento via BSO. Consumidor/Revendedor: itens selecionados de de desodorante Eudora H com até 23% de desconto;;;"24.0
22.0
21.0
21.0
20.0
19.0
19.0";"Revendedor Cobre/Bronze: Itens selecionados com até 59,5% de lucro extra.
Revendedor Prata: Itens selecionados com até 59,5% de lucro extra.
Revendedor Ouro: Itens selecionados com até 59,5% de lucro extra.
Revendedor Platina: Itens selecionados com até 59,5% de lucro extra.
Revendedor Rubi: Itens selecionados com até 59,5% de lucro extra.
Revendedor Diamante: Itens selecionados com até 59,5% de lucro extra.
Revendedor Esmeralda: Itens selecionados com até 59,5% de lucro extra.";"24.0
23.0
22.0
21.0
21.0
20.0
19.0
19.0";"Revendedor Cobre/Bronze: Itens selecionados com até 47,6% de lucro extra.
Franqueado: Ressarcimento via BSO. Consumidor/Revendedor: Itens selecionados CABELOS, MAQUIAGEM, CUIDADOS COM A PELE, PERFUMARIA, CUIDADOS COM A BARBA, ACESSÓRIOS, SOLAR, SABONETE CORPO, DESODORANTES e CUIDADOS FACIAIS com até 45% de desconto.
Revendedor Prata: Itens selecionados com até 44,63% de lucro extra.
Revendedor Platina: Itens selecionados com até 41,65% de lucro extra.
Revendedor Ouro: Itens selecionados com até 42,84% de lucro extra.
Revendedor Rubi: Itens selecionados com até 40,46% de lucro extra.
Revendedor Diamante: Itens selecionados com até 38,68% de lucro extra.
Revendedor Esmeralda: Itens selecionados com até 39,27% de lucro extra.";Não;Não;Não;Não;Não;Não;Não;Não;0;0;11;0;13;17;17;17;Sim;Não;Crítico;Não;0;72;9.44;13;Não
13629;B;BA;94054;EUDORA H DES COL ACQUA V2 100ml;PERFUMARIA;PERFUMARIA MASCULINA;;;5;0;41;5;0;2;4;13;7;4;3;52;7;21;10;11;4;2;3;24;10;8;;;"24.0
12.0";"Franqueado: Ressarcimento via BSO. Revendedor: Compre itens selecionados de perfumaria (Eudora EDP, Diva, Imensi, Niina Secrets, Club 6, Eudora H, Pulse e Intention) com até 24% de desconto
Lucro Extra em itens selecionados de Perfumaria Eudora H de acordo com a quantidade comprada: 12% de Lucro Extra em 4 unidades ou mais.";;;;;Não;Não;Não;Não;Não;Não;Não;Não;14;5;26;0;19;34;44;52;Não;Não;;Não;0;48;30.85;19;Não
13629;C;;94052;EUDORA H DES COL ENERGY V2 100ml;PERFUMARIA;PERFUMARIA MASCULINA;;;11;0;2;4;3;20;7;7;5;0;0;10;1;2;4;0;1;5;5;1;2;5;24.0;Franqueado: Ressarcimento via BSO. Revendedor: Compre itens selecionados de perfumaria Eudora (Eudora EDP, Kiss Me, La Victorie, Velvet, Magnific, Club 6, Eudora H e Pulse) com até 25% de desconto;;;;;31.0;Franqueado: Ressarcimento via BSO. Consumidor/Revendedor: Itens selecionados CABELOS, MAQUIAGEM, CUIDADOS COM A PELE, PERFUMARIA, CUIDADOS COM A BARBA, ACESSÓRIOS, SOLAR, SABONETE CORPO, DESODORANTES e CUIDADOS FACIAIS com até 45% de desconto.;Não;Não;Não;Não;Não;Não;Não;Não;7;0;3;0;0;1;3;8;Não;Não;;Não;0;48;30.85;0;Não
13629;B;BC;53452;EUDORA H DES COL FLOW 100ml;PERFUMARIA;PERFUMARIA MASCULINA;;;7;20;3;2;4;0;1;0;16;2;4;1;1;3;4;4;13;0;12;4;30;17;;;;;36.0;Franqueado: Ressarcimento via BSO. Consumidor/Revendedor: Itens selecionados MAQUIAGEM, PERFUMARIA, ÓLEOS, ACESSÓRIOS, INFANTIL, CUIDADOS COM A PELE, CABELOS, CUIDADOS FACIAIS e CUIDADOS COM A BARBA com até 51% de desconto.;36.0;Franqueado: Ressarcimento via BSO. Consumidor/Revendedor: Itens selecionados MAQUIAGEM, PERFUMARIA, ÓLEOS, ACESSÓRIOS, INFANTIL, CUIDADOS COM A PELE, CABELOS e CUIDADOS FACIAIS com até 51% de desconto.;Não;Não;Não;Não;Não;Não;Não;Não;9;1;21;4;10;13;43;60;Não;Não;;Não;0;48;30.85;10;Não
13629;B;BB;57597;EUDORA H DES COL MARINE 100ml;PERFUMARIA;PERFUMARIA MASCULINA;;;2;10;2;0;0;2;6;3;7;1;13;6;3;3;27;5;1;1;5;4;57;16;;;;;36.0;Franqueado: Ressarcimento via BSO. Revendedor: Na Beauty Week, compre itens selecionados de perfumaria Eudora (Eudora EDP, Diva, Kiss Me, Velvet, Lyra, Magnific, Club 6, Eudora H, Pulse, Intention, Impression e Volpe) com até 41% de desconto;36.0;Franqueado: Ressarcimento via BSO. Consumidor/Revendedor: Itens selecionados DESODORANTES, PERFUMARIA, CUIDADOS COM A PELE, MAQUIAGEM, CABELOS, ACESSÓRIOS, CUIDADOS FACIAIS, SABONETE CORPO, SOLAR e CUIDADOS COM A BARBA com até 63% de desconto.;Não;Não;Não;Não;Não;Não;Não;Não;94;0;39;0;0;0;8;24;Não;Não;;Não;0;48;30.85;0;Não
13629;C;;50112;EUDORA H DES COL REFRESH 100ml;PERFUMARIA;PERFUMARIA MASCULINA;;202616;5;5;2;37;5;0;4;2;12;2;0;1;9;3;0;0;10;0;12;3;0;14;;;15.0;Lucro Extra Progressivo em Itens Selecionados de Perfumaria Masculina, de acordo com a quantidade comprada: 10% de Lucro Extra em 2 a 5 unidades, 15% de Lucro Extra em 6 a 10 unidades. Limitado a 10 unidades por CPF. Válido para Revendedores Selecionados.;;;20.0;Franqueado: Ressarcimento via BSO. Revendedor: Compre itens selecionados de perfumaria (Diva, Eudora EDP, Kiss Me, Imensi, Velvet, Lyra, Club 6, Eudora H, Pulse e Volpe) com até 31% de desconto;Não;Não;Não;Não;Não;Não;Não;Não;10;0;6;0;0;0;14;14;Não;Não;;Não;0;48;30.85;0;Não
13629;B;BA;94051;EUDORA H DES COL V2 100ml;PERFUMARIA;PERFUMARIA MASCULINA;;202617;1;2;16;23;18;11;27;25;5;5;22;13;19;2;2;17;4;0;12;6;9;7;;;;;23.0;Consumidor/Revendedor: Compre o combo Natal Eudora H composto por: Des Col Eudora H Regular + Eudora H Espuma De Barbear 200Ml, preço de R$182,89 por R$139,90 - 23,50593% de desconto.;23.0;Consumidor/Revendedor: Compre o combo Natal Eudora H composto por: Des Col Eudora H Regular + Eudora H Espuma De Barbear 200Ml, preço de R$182,89 por R$139,90 - 23,50593% de desconto.;Não;Não;Não;Não;Não;Não;Não;Não;12;1;14;0;5;9;18;25;Não;Não;;Não;0;48;30.85;5;Não
13629;C;;85321;EUDORA H ESPUM P/BARB V3 200ml;CUIDADOS COM A BARBA;PRÉ-BARBEAR;;;2;9;39;43;1;8;18;3;4;2;0;14;2;1;2;9;0;0;39;3;4;3;;;;;23.0;Consumidor/Revendedor: Compre o combo Natal Eudora H composto por: Des Col Eudora H Regular + Eudora H Espuma De Barbear 200Ml, preço de R$182,89 por R$139,90 - 23,50593% de desconto.;23.0;Consumidor/Revendedor: Compre o combo Natal Eudora H composto por: Des Col Eudora H Regular + Eudora H Espuma De Barbear 200Ml, preço de R$182,89 por R$139,90 - 23,50593% de desconto.;Não;Não;Não;Não;Não;Não;Não;Não;28;0;6;0;0;0;0;0;Não;Não;;Não;0;48;14.04;0;Não
13629;C;;55894;GLAM BAS LIQ SKIN SCULPT COR 10 30ml;MAQUIAGEM;MAQUIAGEM ROSTO;;;0;1;6;1;0;0;0;1;0;0;0;1;0;1;1;1;1;0;18;0;2;1;"20.0
18.0
18.0
17.0
17.0
16.0
16.0";"Revendedor Cobre/Bronze: Itens selecionados com até 44% de lucro extra.
Revendedor Prata: Itens selecionados com até 41,25% de lucro extra.
Revendedor Ouro: Itens selecionados com até 39,6% de lucro extra.
Revendedor Rubi: Itens selecionados com até 37,4% de lucro extra.
Revendedor Platina: Itens selecionados com até 38,5% de lucro extra.
Revendedor Esmeralda: Itens selecionados com até 36,3% de lucro extra.
Revendedor Diamante: Itens selecionados com até 35,75% de lucro extra.";;;31.0;Franqueado: Ressarcimento via BSO. Consumidor/Revendedor: Itens selecionados MAQUIAGEM e ACESSÓRIOS com até 63% de desconto.;31.0;Franqueado: Ressarcimento via BSO. Consumidor/Revendedor: Itens selecionados DESODORANTES, PERFUMARIA, CUIDADOS COM A PELE, MAQUIAGEM, CABELOS, ACESSÓRIOS, CUIDADOS FACIAIS, SABONETE CORPO, SOLAR e CUIDADOS COM A BARBA com até 63% de desconto.;Não;Não;Não;Não;Não;Não;Não;Não;1;0;2;0;0;0;2;3;Não;Não;;Não;0;96;21.33;0;Não
13629;C;;55903;GLAM BAS LIQ SKIN SCULPT COR 15 30ml;MAQUIAGEM;MAQUIAGEM ROSTO;;;0;0;0;1;0;0;0;0;1;1;0;0;0;1;0;1;3;0;17;0;2;0;;;;;31.0;Franqueado: Ressarcimento via BSO. Consumidor/Revendedor: Itens selecionados MAQUIAGEM e ACESSÓRIOS com até 63% de desconto.;31.0;Franqueado: Ressarcimento via BSO. Consumidor/Revendedor: Itens selecionados DESODORANTES, PERFUMARIA, CUIDADOS COM A PELE, MAQUIAGEM, CABELOS, ACESSÓRIOS, CUIDADOS FACIAIS, SABONETE CORPO, SOLAR e CUIDADOS COM A BARBA com até 63% de desconto.;Não;Não;Não;Não;Não;Não;Não;Não;3;0;2;0;0;0;0;0;Não;Não;;Não;0;96;21.33;0;Não
13629;C;;55890;GLAM BAS LIQ SKIN SCULPT COR 25 30ml;MAQUIAGEM;MAQUIAGEM ROSTO;;;0;1;10;2;0;1;2;1;0;4;0;0;0;6;3;2;4;0;25;0;4;2;"20.0
18.0
18.0
17.0
17.0
16.0
16.0";"Revendedor Cobre/Bronze: Itens selecionados com até 44% de lucro extra.
Revendedor Prata: Itens selecionados com até 41,25% de lucro extra.
Revendedor Ouro: Itens selecionados com até 39,6% de lucro extra.
Revendedor Rubi: Itens selecionados com até 37,4% de lucro extra.
Revendedor Platina: Itens selecionados com até 38,5% de lucro extra.
Revendedor Esmeralda: Itens selecionados com até 36,3% de lucro extra.
Revendedor Diamante: Itens selecionados com até 35,75% de lucro extra.";;;31.0;Franqueado: Ressarcimento via BSO. Consumidor/Revendedor: Itens selecionados MAQUIAGEM e ACESSÓRIOS com até 63% de desconto.;31.0;Franqueado: Ressarcimento via BSO. Consumidor/Revendedor: Itens selecionados DESODORANTES, PERFUMARIA, CUIDADOS COM A PELE, MAQUIAGEM, CABELOS, ACESSÓRIOS, CUIDADOS FACIAIS, SABONETE CORPO, SOLAR e CUIDADOS COM A BARBA com até 63% de desconto.;Não;Não;Não;Não;Não;Não;Não;Não;1;0;3;0;2;2;6;8;Não;Não;;Não;0;96;21.33;2;Não
13629;C;;55885;GLAM BAS LIQ SKIN SCULPT COR 35 30ml;MAQUIAGEM;MAQUIAGEM ROSTO;;;0;0;0;1;1;0;0;0;0;1;0;0;0;2;0;2;1;0;16;0;2;0;;;;;31.0;Franqueado: Ressarcimento via BSO. Consumidor/Revendedor: Itens selecionados MAQUIAGEM e ACESSÓRIOS com até 63% de desconto.;31.0;Franqueado: Ressarcimento via BSO. Consumidor/Revendedor: Itens selecionados DESODORANTES, PERFUMARIA, CUIDADOS COM A PELE, MAQUIAGEM, CABELOS, ACESSÓRIOS, CUIDADOS FACIAIS, SABONETE CORPO, SOLAR e CUIDADOS COM A BARBA com até 63% de desconto.;Não;Não;Não;Não;Não;Não;Não;Não;0;0;2;0;1;1;3;3;Não;Não;;Não;0;96;21.33;1;Não
13629;C;;50634;GLAM BASE LIQ SK/CONTR COR 00 30ml;MAQUIAGEM;MAQUIAGEM ROSTO;;;0;1;1;0;0;2;0;0;0;1;1;0;0;1;0;0;0;0;89;0;0;0;23.0;Franqueado: Ressarcimento via BSO. Consumidor/Revendedor: Itens selecionados MAQUIAGEM com até 27% de desconto.;;;;;23.0;Franqueado: Ressarcimento via BSO. Consumidor/Revendedor: Itens selecionados PERFUMARIA, SABONETE CORPO, ACESSÓRIOS, INFANTIL, MAQUIAGEM, CABELOS, CUIDADOS COM A PELE, CUIDADOS FACIAIS, CUIDADOS COM A BARBA e DESODORANTES com até 37% de desconto.;Não;Não;Não;Não;Não;Não;Não;Não;4;0;0;0;0;0;0;0;Não;Não;;Não;0;85;18.49;0;Não
13629;E;;50629;GLAM BASE LIQ SK/CONTR COR 10 30ml;MAQUIAGEM;MAQUIAGEM ROSTO;;;0;0;1;1;1;2;0;0;0;0;0;0;0;0;0;0;0;0;243;0;0;1;23.0;Franqueado: Ressarcimento via BSO. Consumidor/Revendedor: Itens selecionados MAQUIAGEM com até 27% de desconto.;"16.0
15.0
14.0
14.0
13.0
13.0
13.0";"Revendedor Cobre/Bronze: Itens selecionados com 16% de lucro extra.
Revendedor Prata: Itens selecionados com 15% de lucro extra.
Revendedor Platina: Itens selecionados com 14% de lucro extra.
Revendedor Ouro: Itens selecionados com 14,4% de lucro extra.
Revendedor Diamante: Itens selecionados com 13% de lucro extra.
Revendedor Esmeralda: Itens selecionados com 13,2% de lucro extra.
Revendedor Rubi: Itens selecionados com 13,6% de lucro extra.";;;23.0;Franqueado: Ressarcimento via BSO. Consumidor/Revendedor: Itens selecionados PERFUMARIA, SABONETE CORPO, ACESSÓRIOS, INFANTIL, MAQUIAGEM, CABELOS, CUIDADOS COM A PELE, CUIDADOS FACIAIS, CUIDADOS COM A BARBA e DESODORANTES com até 37% de desconto.;Não;Não;Não;Não;Não;Não;Não;Não;1;0;0;0;0;0;0;0;Não;Não;;Não;0;85;18.49;0;Não
13629;E;;50627;GLAM BASE LIQ SK/CONTR COR 25 30ml;MAQUIAGEM;MAQUIAGEM ROSTO;;;1;0;6;0;0;0;0;0;0;0;0;0;0;0;0;0;0;0;306;0;0;1;23.0;Franqueado: Ressarcimento via BSO. Consumidor/Revendedor: Itens selecionados MAQUIAGEM com até 27% de desconto.;;;;;23.0;Franqueado: Ressarcimento via BSO. Consumidor/Revendedor: Itens selecionados PERFUMARIA, SABONETE CORPO, ACESSÓRIOS, INFANTIL, MAQUIAGEM, CABELOS, CUIDADOS COM A PELE, CUIDADOS FACIAIS, CUIDADOS COM A BARBA e DESODORANTES com até 37% de desconto.;Não;Não;Não;Não;Não;Não;Não;Não;0;0;;0;0;0;0;1;Não;Não;;Não;0;85;18.49;0;Não
13629;C;;50624;GLAM BASE LIQ SK/CONTR COR 50 30ml;MAQUIAGEM;MAQUIAGEM ROSTO;;;0;0;2;2;2;0;0;0;0;0;0;0;0;0;0;0;1;2;9;0;0;1;23.0;Franqueado: Ressarcimento via BSO. Consumidor/Revendedor: Itens selecionados MAQUIAGEM com até 27% de desconto.;;;;;23.0;Franqueado: Ressarcimento via BSO. Consumidor/Revendedor: Itens selecionados PERFUMARIA, SABONETE CORPO, ACESSÓRIOS, INFANTIL, MAQUIAGEM, CABELOS, CUIDADOS COM A PELE, CUIDADOS FACIAIS, CUIDADOS COM A BARBA e DESODORANTES com até 37% de desconto.;Não;Não;Não;Não;Não;Não;Não;Não;0;0;;0;0;0;0;1;Não;Não;;Não;0;85;18.49;0;Não
13629;C;;50623;GLAM BASE LIQ SK/CONTR COR 65 30ml;MAQUIAGEM;MAQUIAGEM ROSTO;;;0;1;0;0;1;0;4;0;1;0;0;1;1;0;3;1;0;1;11;1;1;1;23.0;Franqueado: Ressarcimento via BSO. Consumidor/Revendedor: Itens selecionados MAQUIAGEM com até 27% de desconto.;;;;;23.0;Franqueado: Ressarcimento via BSO. Consumidor/Revendedor: Itens selecionados PERFUMARIA, SABONETE CORPO, ACESSÓRIOS, INFANTIL, MAQUIAGEM, CABELOS, CUIDADOS COM A PELE, CUIDADOS FACIAIS, CUIDADOS COM A BARBA e DESODORANTES com até 37% de desconto.;Não;Não;Não;Não;Não;Não;Não;Não;6;0;2;0;0;0;0;0;Não;Não;;Não;0;85;18.49;0;Não
13629;C;;50632;GLAM BASE LIQ SK/CONTR COR 85 30ml;MAQUIAGEM;MAQUIAGEM ROSTO;;;0;0;0;0;0;1;0;0;0;0;0;0;0;0;0;0;0;2;3;0;0;0;"23.0
17.0
16.0
16.0";"Franqueado: Ressarcimento via BSO. Consumidor/Revendedor: Itens selecionados MAQUIAGEM com até 27% de desconto.
Revendedor Rubi: Compre 50 a 99 itens selecionados de Eudora ou Boti e tenha 15% LE Boti e 10,20% LE Eudora. Compre 100 a 199 itens selecionados de Eudora ou Boti e tenha 20% LE Boti e 13,6% LE Eudora. Compre 200 ou mais itens selecionados de Eudora ou Boti e tenha 25% LE Boti e 17% LE Eudora.
Revendedor Esmeralda: Compre 50 a 99 itens selecionados de Eudora ou Boti e tenha 15% LE Boti e 9,90% LE Eudora. Compre 100 a 199 itens selecionados de Eudora ou Boti e tenha 20% LE Boti e 13,2% LE Eudora. Compre 200 ou mais itens selecionados de Eudora ou Boti e tenha 25% LE Boti e 16,5% LE Eudora.
Revendedor Diamante: Compre 50 a 99 itens selecionados de Eudora ou Boti e tenha 15% LE Boti e 9,75% LE Eudora. Compre 100 a 199 itens selecionados de Eudora ou Boti e tenha 20% LE Boti e 13% LE Eudora. Compre 200 ou mais itens de Eudora ou Boti e tenha 25% LE Boti e 16,25% LE Eudora.";"16.0
15.0
14.0
14.0
13.0
13.0
13.0";"Revendedor Cobre/Bronze: Itens selecionados com 16% de lucro extra.
Revendedor Prata: Itens selecionados com 15% de lucro extra.
Revendedor Platina: Itens selecionados com 14% de lucro extra.
Revendedor Ouro: Itens selecionados com 14,4% de lucro extra.
Revendedor Diamante: Itens selecionados com 13% de lucro extra.
Revendedor Esmeralda: Itens selecionados com 13,2% de lucro extra.
Revendedor Rubi: Itens selecionados com 13,6% de lucro extra.";;;23.0;Franqueado: Ressarcimento via BSO. Consumidor/Revendedor: Itens selecionados PERFUMARIA, SABONETE CORPO, ACESSÓRIOS, INFANTIL, MAQUIAGEM, CABELOS, CUIDADOS COM A PELE, CUIDADOS FACIAIS, CUIDADOS COM A BARBA e DESODORANTES com até 37% de desconto.;Não;Não;Não;Não;Não;Não;Não;Não;3;0;0;0;0;0;0;0;Não;Não;;Não;0;85;18.49;0;Não
13629;E;;53406;GLAM BASE LIQ SKIN CONTROL COR 83 30ml;MAQUIAGEM;MAQUIAGEM ROSTO;;;0;0;0;0;0;0;0;0;1;0;0;0;0;0;0;0;0;0;198;0;0;0;"23.0
17.0
16.0
16.0";"Franqueado: Ressarcimento via BSO. Consumidor/Revendedor: Itens selecionados MAQUIAGEM com até 27% de desconto.
Revendedor Rubi: Compre 50 a 99 itens selecionados de Eudora ou Boti e tenha 15% LE Boti e 10,20% LE Eudora. Compre 100 a 199 itens selecionados de Eudora ou Boti e tenha 20% LE Boti e 13,6% LE Eudora. Compre 200 ou mais itens selecionados de Eudora ou Boti e tenha 25% LE Boti e 17% LE Eudora.
Revendedor Esmeralda: Compre 50 a 99 itens selecionados de Eudora ou Boti e tenha 15% LE Boti e 9,90% LE Eudora. Compre 100 a 199 itens selecionados de Eudora ou Boti e tenha 20% LE Boti e 13,2% LE Eudora. Compre 200 ou mais itens selecionados de Eudora ou Boti e tenha 25% LE Boti e 16,5% LE Eudora.
Revendedor Diamante: Compre 50 a 99 itens selecionados de Eudora ou Boti e tenha 15% LE Boti e 9,75% LE Eudora. Compre 100 a 199 itens selecionados de Eudora ou Boti e tenha 20% LE Boti e 13% LE Eudora. Compre 200 ou mais itens de Eudora ou Boti e tenha 25% LE Boti e 16,25% LE Eudora.";"16.0
15.0
14.0
14.0
13.0
13.0
13.0";"Revendedor Cobre/Bronze: Itens selecionados com 16% de lucro extra.
Revendedor Prata: Itens selecionados com 15% de lucro extra.
Revendedor Platina: Itens selecionados com 14% de lucro extra.
Revendedor Ouro: Itens selecionados com 14,4% de lucro extra.
Revendedor Diamante: Itens selecionados com 13% de lucro extra.
Revendedor Esmeralda: Itens selecionados com 13,2% de lucro extra.
Revendedor Rubi: Itens selecionados com 13,6% de lucro extra.";;;23.0;Franqueado: Ressarcimento via BSO. Consumidor/Revendedor: Itens selecionados PERFUMARIA, SABONETE CORPO, ACESSÓRIOS, INFANTIL, MAQUIAGEM, CABELOS, CUIDADOS COM A PELE, CUIDADOS FACIAIS, CUIDADOS COM A BARBA e DESODORANTES com até 37% de desconto.;Não;Não;Não;Não;Não;Não;Não;Não;12;0;0;0;0;0;0;0;Não;Não;;Não;0;85;18.49;0;Não
13629;C;;53019;GLAM BAT LIQ DUO/CLIN PINK UNICO 3,5g;MAQUIAGEM;MAQUIAGEM BOCA;;;0;0;10;1;0;0;1;0;0;1;0;0;0;0;3;0;4;0;12;0;7;1;;;;;46.0;Franqueado: Ressarcimento via BSO. Consumidor/Revendedor: Itens selecionados MAQUIAGEM, PERFUMARIA, ÓLEOS, ACESSÓRIOS, INFANTIL, CUIDADOS COM A PELE, CABELOS, CUIDADOS FACIAIS e CUIDADOS COM A BARBA com até 51% de desconto.;46.0;Franqueado: Ressarcimento via BSO. Consumidor/Revendedor: Itens selecionados MAQUIAGEM, PERFUMARIA, ÓLEOS, ACESSÓRIOS, INFANTIL, CUIDADOS COM A PELE, CABELOS e CUIDADOS FACIAIS com até 51% de desconto.;Não;Não;Não;Não;Não;Não;Não;Não;0;0;5;2;2;2;9;10;Não;Não;;Não;0;475;15.41;2;Não
13629;C;;56761;GLAM BAT LIQ DUO/CLIN VERM/IMPRESC 3,5g;MAQUIAGEM;MAQUIAGEM BOCA;;;2;2;6;1;0;0;1;0;0;0;0;0;0;1;2;1;3;0;25;0;6;1;;;;;46.0;Franqueado: Ressarcimento via BSO. Consumidor/Revendedor: Itens selecionados MAQUIAGEM, PERFUMARIA, ÓLEOS, ACESSÓRIOS, INFANTIL, CUIDADOS COM A PELE, CABELOS, CUIDADOS FACIAIS e CUIDADOS COM A BARBA com até 51% de desconto.;46.0;Franqueado: Ressarcimento via BSO. Consumidor/Revendedor: Itens selecionados MAQUIAGEM, PERFUMARIA, ÓLEOS, ACESSÓRIOS, INFANTIL, CUIDADOS COM A PELE, CABELOS e CUIDADOS FACIAIS com até 51% de desconto.;Não;Não;Não;Não;Não;Não;Não;Não;1;0;4;1;2;2;8;9;Não;Não;;Não;0;475;15.41;2;Não
13629;C;;70883;GLAM CANETA DELIN PRETA 1ml;MAQUIAGEM;MAQUIAGEM OLHOS;;202615;15;1;36;8;1;1;1;6;4;1;2;3;10;2;2;1;19;4;11;4;0;0;45.0;Franqueado: Ressarcimento via BSO. Consumidor/Revendedor: itens selecionados de Eudora Make, Glam e Soul com até 54% de desconto;;;35.0;Franqueado: Ressarcimento via BSO. Consumidor/Revendedor: Itens selecionados MAQUIAGEM, PERFUMARIA, ÓLEOS, ACESSÓRIOS, INFANTIL, CUIDADOS COM A PELE, CABELOS, CUIDADOS FACIAIS e CUIDADOS COM A BARBA com até 51% de desconto.;35.0;Franqueado: Ressarcimento via BSO. Consumidor/Revendedor: Itens selecionados MAQUIAGEM, PERFUMARIA, ÓLEOS, ACESSÓRIOS, INFANTIL, CUIDADOS COM A PELE, CABELOS e CUIDADOS FACIAIS com até 51% de desconto.;Não;Não;Não;Não;Não;Não;Não;Não;0;0;8;7;1;4;4;4;Não;Não;;Não;0;425;17.3;1;Não
13629;C;;56642;GLAM CASE BAT AMULIPS DOUR/SOFIST PLAST;ACESSÓRIOS;EMBALAGEM PRODUTO;;202617;1;3;1;0;3;0;1;0;1;1;8;0;2;1;3;1;0;0;;0;0;0;"0.0
0.0";"Franqueado: Ressarcimento via BSO. Consumidor/Revendedor: Compre 2 itens selecionados GLAM e pague 1, até 50% de desconto em cada unidade.
Compre Maquiagem de qualquer marca e ganhe 2 GLAM CASE BAT AMULIPS + 2 REF GLAM BAT MAT AMULIPS. Limitado a 1 conquista por CPF. Sem brinde garantido.";"24.0
22.0
21.0
21.0
20.0
19.0
19.0
0.0";"Revendedor Cobre/Bronze: Itens selecionados com até 24% de lucro extra.
Revendedor Prata: Itens selecionados com até 22,5% de lucro extra.
Revendedor Platina: Itens selecionados com até 21% de lucro extra.
Revendedor Ouro: Itens selecionados com até 21,6% de lucro extra.
Revendedor Rubi: Itens selecionados com até 20,4% de lucro extra.
Revendedor Diamante: Itens selecionados com até 19,5% de lucro extra.
Revendedor Esmeralda: Itens selecionados com até 19,8% de lucro extra.
Compre Maquiagem de qualquer marca e ganhe 2 GLAM CASE BAT AMULIPS + 2 REF GLAM BAT MAT AMULIPS. Limitado a 1 conquista por CPF. Sem brinde garantido.";"30.0
0.0";"Franqueado: Ressarcimento via BSO. Consumidor/Revendedor: Itens selecionados MAQUIAGEM e ACESSÓRIOS com até 43% de desconto.
Compre Maquiagem de qualquer marca e ganhe 2 GLAM CASE BAT AMULIPS + 2 REF GLAM BAT MAT AMULIPS. Limitado a 1 conquista por CPF. Sem brinde garantido.";"30.0
0.0";"Franqueado: Ressarcimento via BSO. Consumidor/Revendedor: Itens selecionados DESODORANTES, PERFUMARIA, CUIDADOS COM A PELE, MAQUIAGEM, CABELOS, ACESSÓRIOS, CUIDADOS FACIAIS, SABONETE CORPO, SOLAR e CUIDADOS COM A BARBA com até 63% de desconto.
Compre Maquiagem de qualquer marca e ganhe 2 GLAM CASE BAT AMULIPS + 2 REF GLAM BAT MAT AMULIPS. Limitado a 1 conquista por CPF. Sem brinde garantido.";Não;Não;Não;Não;Não;Não;Não;Não;0;0;;0;0;0;0;0;Não;Não;;Não;0;384;6.59;0;Não
13629;C;;56641;GLAM CASE BAT AMULIPS PRETO CHIQUE PLAST;ACESSÓRIOS;EMBALAGEM PRODUTO;;202617;1;1;1;0;4;0;0;0;1;0;2;0;0;2;0;1;0;0;;0;0;0;"0.0
0.0";"Franqueado: Ressarcimento via BSO. Consumidor/Revendedor: Compre 2 itens selecionados GLAM e pague 1, até 50% de desconto em cada unidade.
Compre Maquiagem de qualquer marca e ganhe 2 GLAM CASE BAT AMULIPS + 2 REF GLAM BAT MAT AMULIPS. Limitado a 1 conquista por CPF. Sem brinde garantido.";"24.0
22.0
21.0
21.0
20.0
19.0
19.0
0.0";"Revendedor Cobre/Bronze: Itens selecionados com até 24% de lucro extra.
Revendedor Prata: Itens selecionados com até 22,5% de lucro extra.
Revendedor Platina: Itens selecionados com até 21% de lucro extra.
Revendedor Ouro: Itens selecionados com até 21,6% de lucro extra.
Revendedor Rubi: Itens selecionados com até 20,4% de lucro extra.
Revendedor Diamante: Itens selecionados com até 19,5% de lucro extra.
Revendedor Esmeralda: Itens selecionados com até 19,8% de lucro extra.
Compre Maquiagem de qualquer marca e ganhe 2 GLAM CASE BAT AMULIPS + 2 REF GLAM BAT MAT AMULIPS. Limitado a 1 conquista por CPF. Sem brinde garantido.";"30.0
0.0";"Franqueado: Ressarcimento via BSO. Consumidor/Revendedor: Itens selecionados MAQUIAGEM e ACESSÓRIOS com até 43% de desconto.
Compre Maquiagem de qualquer marca e ganhe 2 GLAM CASE BAT AMULIPS + 2 REF GLAM BAT MAT AMULIPS. Limitado a 1 conquista por CPF. Sem brinde garantido.";"30.0
0.0";"Franqueado: Ressarcimento via BSO. Consumidor/Revendedor: Itens selecionados DESODORANTES, PERFUMARIA, CUIDADOS COM A PELE, MAQUIAGEM, CABELOS, ACESSÓRIOS, CUIDADOS FACIAIS, SABONETE CORPO, SOLAR e CUIDADOS COM A BARBA com até 63% de desconto.
Compre Maquiagem de qualquer marca e ganhe 2 GLAM CASE BAT AMULIPS + 2 REF GLAM BAT MAT AMULIPS. Limitado a 1 conquista por CPF. Sem brinde garantido.";Não;Não;Não;Não;Não;Não;Não;Não;0;0;;0;0;0;0;0;Não;Não;;Não;0;384;6.59;0;Não
13629;C;;56643;GLAM CASE BAT AMULIPS ROSA GLAMOUR PLAST;ACESSÓRIOS;EMBALAGEM PRODUTO;;202617;1;0;1;0;5;0;1;1;0;2;5;2;1;5;0;2;0;0;;0;0;0;"0.0
0.0";"Franqueado: Ressarcimento via BSO. Consumidor/Revendedor: Compre 2 itens selecionados GLAM e pague 1, até 50% de desconto em cada unidade.
Compre Maquiagem de qualquer marca e ganhe 2 GLAM CASE BAT AMULIPS + 2 REF GLAM BAT MAT AMULIPS. Limitado a 1 conquista por CPF. Sem brinde garantido.";"24.0
22.0
21.0
21.0
20.0
19.0
19.0
0.0";"Revendedor Cobre/Bronze: Itens selecionados com até 24% de lucro extra.
Revendedor Prata: Itens selecionados com até 22,5% de lucro extra.
Revendedor Platina: Itens selecionados com até 21% de lucro extra.
Revendedor Ouro: Itens selecionados com até 21,6% de lucro extra.
Revendedor Rubi: Itens selecionados com até 20,4% de lucro extra.
Revendedor Diamante: Itens selecionados com até 19,5% de lucro extra.
Revendedor Esmeralda: Itens selecionados com até 19,8% de lucro extra.
Compre Maquiagem de qualquer marca e ganhe 2 GLAM CASE BAT AMULIPS + 2 REF GLAM BAT MAT AMULIPS. Limitado a 1 conquista por CPF. Sem brinde garantido.";"30.0
0.0";"Franqueado: Ressarcimento via BSO. Consumidor/Revendedor: Itens selecionados MAQUIAGEM e ACESSÓRIOS com até 43% de desconto.
Compre Maquiagem de qualquer marca e ganhe 2 GLAM CASE BAT AMULIPS + 2 REF GLAM BAT MAT AMULIPS. Limitado a 1 conquista por CPF. Sem brinde garantido.";"30.0
0.0";"Franqueado: Ressarcimento via BSO. Consumidor/Revendedor: Itens selecionados DESODORANTES, PERFUMARIA, CUIDADOS COM A PELE, MAQUIAGEM, CABELOS, ACESSÓRIOS, CUIDADOS FACIAIS, SABONETE CORPO, SOLAR e CUIDADOS COM A BARBA com até 63% de desconto.
Compre Maquiagem de qualquer marca e ganhe 2 GLAM CASE BAT AMULIPS + 2 REF GLAM BAT MAT AMULIPS. Limitado a 1 conquista por CPF. Sem brinde garantido.";Não;Não;Não;Não;Não;Não;Não;Não;0;0;;0;0;0;0;0;Não;Não;;Não;0;384;6.59;0;Não
13629;C;;55795;GLAM CC CREAM SECOND SKIN COR 10 30ml;MAQUIAGEM;MAQUIAGEM ROSTO;;;4;0;5;2;1;0;1;0;1;1;0;2;0;1;0;2;0;0;41;1;1;1;24.0;Franqueado: Ressarcimento via BSO. Consumidor/Revendedor: itens selecionados de Eudora Make, Glam e Soul com até 54% de desconto;"16.0
15.0
14.0
14.0
13.0
13.0
13.0";"Revendedor Cobre/Bronze: Itens selecionados com 16% de lucro extra.
Revendedor Prata: Itens selecionados com 15% de lucro extra.
Revendedor Platina: Itens selecionados com 14% de lucro extra.
Revendedor Ouro: Itens selecionados com 14,4% de lucro extra.
Revendedor Diamante: Itens selecionados com 13% de lucro extra.
Revendedor Esmeralda: Itens selecionados com 13,2% de lucro extra.
Revendedor Rubi: Itens selecionados com 13,6% de lucro extra.";"16.0
15.0
14.0
14.0
13.0
13.0
13.0";"Revendedor Cobre/Bronze: Compre itens selecionados e ganhe lucro extra de até 24%.
Revendedor Prata: Compre itens selecionados e ganhe lucro extra de até 22,5%.
Revendedor Ouro: Compre itens selecionados e ganhe lucro extra de até 21,6%.
Revendedor Platina: Compre itens selecionados e ganhe lucro extra de até 21%.
Revendedor Diamante: Compre itens selecionados e ganhe lucro extra de até 19,5%.
Revendedor Esmeralda: Compre itens selecionados e ganhe lucro extra de até 19,8%.
Revendedor Rubi: Compre itens selecionados e ganhe lucro extra de até 20,4%.";"26.0
16.0
15.0
14.0
14.0
13.0
13.0
13.0";"Franqueado: Ressarcimento via BSO. Consumidor/Revendedor: Itens selecionados CABELOS, MAQUIAGEM, CUIDADOS COM A PELE, PERFUMARIA, CUIDADOS COM A BARBA, ACESSÓRIOS, SOLAR, SABONETE CORPO, DESODORANTES e CUIDADOS FACIAIS com até 45% de desconto.
Revendedor Cobre/Bronze: Compre itens selecionados e ganhe lucro extra de até 24%.
Revendedor Prata: Compre itens selecionados e ganhe lucro extra de até 22,5%.
Revendedor Platina: Compre itens selecionados e ganhe lucro extra de até 21%.
Revendedor Ouro: Compre itens selecionados e ganhe lucro extra de até 21,6%.
Revendedor Diamante: Compre itens selecionados e ganhe lucro extra de até 19,5%.
Revendedor Esmeralda: Compre itens selecionados e ganhe lucro extra de até 19,8%.
Revendedor Rubi: Compre itens selecionados e ganhe lucro extra de até 20,4%.";Não;Não;Não;Não;Não;Não;Não;Não;13;0;2;0;0;0;0;0;Não;Não;;Não;0;85;17.78;0;Não
13629;C;;55797;GLAM CC CREAM SECOND SKIN COR 35 30ml;MAQUIAGEM;MAQUIAGEM ROSTO;;;9;2;7;2;0;2;1;1;5;1;1;1;2;3;3;1;1;0;18;1;2;2;24.0;Franqueado: Ressarcimento via BSO. Consumidor/Revendedor: itens selecionados de Eudora Make, Glam e Soul com até 54% de desconto;;;;;26.0;Franqueado: Ressarcimento via BSO. Consumidor/Revendedor: Itens selecionados CABELOS, MAQUIAGEM, CUIDADOS COM A PELE, PERFUMARIA, CUIDADOS COM A BARBA, ACESSÓRIOS, SOLAR, SABONETE CORPO, DESODORANTES e CUIDADOS FACIAIS com até 45% de desconto.;Não;Não;Não;Não;Não;Não;Não;Não;7;0;3;0;0;0;0;2;Não;Não;;Não;0;85;17.78;0;Não
13629;E;;01159;GLAM ILUM STCK FAC GOLDEN 5g;MAQUIAGEM;MAQUIAGEM ROSTO;;;0;0;0;0;0;0;0;0;0;0;0;0;0;0;0;0;0;0;;0;0;0;"24.0
16.0
15.0
14.0
14.0
13.0
13.0
13.0";"Franqueado: Ressarcimento via BSO. Consumidor/Revendedor: Itens selecionados  com até 60% de desconto.
Revendedor Cobre/Bronze: Itens selecionados com até 20% de lucro extra.
Revendedor Prata: Itens selecionados com até 18,75% de lucro extra.
Revendedor Platina: Itens selecionados com até 17,5% de lucro extra.
Revendedor Ouro: Itens selecionados com até 18% de lucro extra.
Revendedor Esmeralda: Itens selecionados com até 16,5% de lucro extra.
Revendedor Rubi: Itens selecionados com até 17% de lucro extra.
Revendedor Diamante: Itens selecionados com até 16,25% de lucro extra.";"16.0
15.0
14.0
14.0
13.0
13.0
13.0";"Revendedor Cobre/Bronze: Itens selecionados com até 20% de lucro extra.
Revendedor Prata: Itens selecionados com até 18,75% de lucro extra.
Revendedor Platina: Itens selecionados com até 17,5% de lucro extra.
Revendedor Ouro: Itens selecionados com até 18% de lucro extra.
Revendedor Diamante: Itens selecionados com até 16,25% de lucro extra.
Revendedor Rubi: Itens selecionados com até 17% de lucro extra.
Revendedor Esmeralda: Itens selecionados com até 16,5% de lucro extra.";24.0;Franqueado: Ressarcimento via BSO. Consumidor/Revendedor: Itens selecionados INFANTIL, ACESSÓRIOS, PERFUMARIA, MAQUIAGEM, CUIDADOS COM A PELE, CABELOS, GIFTS, SABONETE CORPO, CUIDADOS FACIAIS, SOLAR e ÓLEOS com até 63% de desconto.;24.0;Franqueado: Ressarcimento via BSO. Consumidor/Revendedor: Itens selecionados INFANTIL, ACESSÓRIOS, PERFUMARIA, MAQUIAGEM, CUIDADOS COM A PELE, CABELOS, GIFTS, SABONETE CORPO, CUIDADOS FACIAIS, SOLAR e ÓLEOS com até 63% de desconto.;Não;Não;Não;Não;Não;Não;Não;Não;0;0;;0;0;0;0;0;Sim;Não;Crítico;Não;0;165;17.3;0;Não
13629;B;BC;56678;GLAM KIT PINCEIS MAQ PS;ACESSÓRIOS;PINCÉIS;;;6;3;6;9;1;2;12;3;9;8;0;2;3;4;8;5;1;6;4;4;22;16;31.0;Franqueado: Ressarcimento via BSO. Consumidor/Revendedor: Itens selecionados  com até 60% de desconto.;;;31.0;Franqueado: Ressarcimento via BSO. Consumidor/Revendedor: Itens selecionados MAQUIAGEM e ACESSÓRIOS com até 63% de desconto.;31.0;Franqueado: Ressarcimento via BSO. Consumidor/Revendedor: Itens selecionados DESODORANTES, PERFUMARIA, CUIDADOS COM A PELE, MAQUIAGEM, CABELOS, ACESSÓRIOS, CUIDADOS FACIAIS, SABONETE CORPO, SOLAR e CUIDADOS COM A BARBA com até 63% de desconto.;Não;Não;Não;Não;Não;Não;Não;Não;7;0;17;2;13;16;38;54;Não;Não;;Não;0;36;22.94;13;Não
13629;C;;81130;GLAM KIT PINCEIS OLH PS;ACESSÓRIOS;PINCÉIS;;;4;5;6;7;4;1;3;1;4;1;3;1;1;0;3;0;3;1;11;2;2;2;36.0;Franqueado: Ressarcimento via BSO. Consumidor/Revendedor: Itens selecionados  com até 60% de desconto.;;;35.0;Franqueado: Ressarcimento via BSO. Consumidor: Monte seu presente com itens selecionados de Eudora (Make e Acessórios) com desconto progressivo. Leve 2 itens com 25% de desconto. Leve 3 itens ou mais com 35% de desconto.;35.0;Franqueado: Ressarcimento via BSO. Consumidor: Monte seu presente com itens selecionados de Eudora (Make e Acessórios) com desconto progressivo. Leve 2 itens com 25% de desconto. Leve 3 itens ou mais com 35% de desconto.;Não;Não;Não;Não;Não;Não;Não;Não;1;0;3;2;2;3;5;7;Não;Não;;Não;0;60;18.06;2;Não
13629;C;;70878;GLAM LAP OLHO KJAL C/ESFUM PRET ABS 1,1g;MAQUIAGEM;MAQUIAGEM OLHOS;;202617;2;5;4;9;0;0;0;0;0;10;1;5;1;5;7;10;1;5;2;4;6;8;"24.0
22.0
21.0
21.0
20.0
19.0
19.0";"Revendedor Cobre/Bronze: Itens selecionados com até 44% de lucro extra.
Revendedor Prata: Itens selecionados com até 41,25% de lucro extra.
Revendedor Platina: Itens selecionados com até 38,5% de lucro extra.
Revendedor Ouro: Itens selecionados com até 39,6% de lucro extra.
Revendedor Rubi: Itens selecionados com até 37,4% de lucro extra.
Revendedor Esmeralda: Itens selecionados com até 36,3% de lucro extra.
Revendedor Diamante: Itens selecionados com até 35,75% de lucro extra.";;;44.0;Franqueado: Ressarcimento via BSO. Consumidor/Revendedor: Itens selecionados MAQUIAGEM e ACESSÓRIOS com até 44% de desconto.;44.0;Franqueado: Ressarcimento via BSO. Consumidor/Revendedor: Itens selecionados DESODORANTES, PERFUMARIA, CUIDADOS COM A PELE, MAQUIAGEM, CABELOS, ACESSÓRIOS, CUIDADOS FACIAIS, SABONETE CORPO, SOLAR e CUIDADOS COM A BARBA com até 63% de desconto.;Não;Não;Não;Não;Não;Não;Não;Não;0;0;8;0;9;11;17;25;Sim;Não;Crítico;Não;0;549;15.41;9;Não
13629;E;;01454;GLAM PLT SOMBRA ESSENTIAL 5,85g;MAQUIAGEM;MAQUIAGEM OLHOS;;;0;0;0;0;0;0;0;0;0;0;0;0;0;0;0;0;0;0;;0;0;0;;;;;37.0;Franqueado: Ressarcimento via BSO. Consumidor/Revendedor: Itens selecionados INFANTIL, ACESSÓRIOS, PERFUMARIA, MAQUIAGEM, CUIDADOS COM A PELE, CABELOS, GIFTS, SABONETE CORPO, CUIDADOS FACIAIS, SOLAR e ÓLEOS com até 63% de desconto.;37.0;Franqueado: Ressarcimento via BSO. Consumidor/Revendedor: Itens selecionados INFANTIL, ACESSÓRIOS, PERFUMARIA, MAQUIAGEM, CUIDADOS COM A PELE, CABELOS, GIFTS, SABONETE CORPO, CUIDADOS FACIAIS, SOLAR e ÓLEOS com até 63% de desconto.;Não;Não;Não;Não;Não;Não;Não;Não;0;0;;0;0;0;0;0;Não;Não;;Não;0;144;20.42;0;Não
13629;B;BA;58641;IMENSI DES BDY SPR V2 100ml;DESODORANTES;DESODORANTE FEMININO;;;20;11;281;53;74;41;31;5;6;3;1;100;7;21;26;26;10;15;3;11;16;11;"17.0
11.0";"Consumidor/Revendedor: Combo Imensi hidratante + body spray - DE R$ 102,98 POR R$ 79,90 - 22% de desconto (17,53535% de desconto adicional)
Franqueado: Ressarcimento via BSO. Consumidor/Revendedor: Compre itens selecionados de desodorantes (Volpe e Imensi) com até 12% de desconto";30.0;Na compra de itens selecionados de desodorantes Imensi no primeiro pedido, ganhe 30% de lucro extra. Limitado a 1 unidade por CPF. Válido para revendedores selecionados.;30.0;Na compra de itens selecionados de desodorantes Imensi no primeiro pedido, ganhe 30% de lucro extra. Limitado a 1 unidade por CPF. Válido para revendedores selecionados.;30.0;Na compra de itens selecionados de desodorantes Imensi no primeiro pedido, ganhe 30% de lucro extra. Limitado a 1 unidade por CPF. Válido para revendedores selecionados.;Não;Não;Não;Não;Não;Não;Não;Não;35;0;23;5;6;13;29;40;Não;Não;;Não;0;85;11.62;6;Não
13629;B;BB;53142;IMENSI DES COL ALIVE V2 100ml;PERFUMARIA;PERFUMARIA FEMININA;;;5;4;17;9;1;1;27;5;13;6;9;7;0;4;1;6;1;0;16;4;5;6;15.0;Franqueado: Ressarcimento via BSO. Consumidor/Revendedor: Itens selecionados  com até 60% de desconto.;;;;;18.0;Franqueado: Ressarcimento via BSO. Consumidor/Revendedor: Itens selecionados PERFUMARIA, SABONETE CORPO, ACESSÓRIOS, INFANTIL, MAQUIAGEM, CABELOS, CUIDADOS COM A PELE, CUIDADOS FACIAIS, CUIDADOS COM A BARBA e DESODORANTES com até 37% de desconto.;Não;Não;Não;Não;Não;Não;Não;Não;27;0;7;0;0;0;0;0;Não;Não;;Não;0;35;39.5;0;Não
13629;B;BB;53138;IMENSI DES COL INFINITE 100ml;PERFUMARIA;PERFUMARIA FEMININA;;;8;2;2;6;15;4;2;14;8;3;4;17;2;4;3;4;19;1;11;6;8;23;;;35.0;Franqueado: Ressarcimento via BSO. Consumidor/Revendedor: Itens selecionados de MAQUIAGEM, PERFUMARIA, SOLAR e CUIDADOS COM A PELE com até 40% de desconto.;;;18.0;Franqueado: Ressarcimento via BSO. Revendedor: Compre itens selecionados de perfumaria (Diva, Eudora EDP, Kiss Me, Imensi, Velvet, Lyra, Club 6, Eudora H, Pulse e Volpe) com até 31% de desconto;Não;Não;Não;Não;Não;Não;Não;Não;18;0;11;17;0;0;0;15;Não;Não;;Não;0;35;39.5;0;Não
13629;A;;53144;IMENSI DES COL V3 100ml;PERFUMARIA;PERFUMARIA FEMININA;;;9;10;21;9;6;11;7;9;24;12;81;8;14;5;4;25;4;1;3;24;16;12;;;"15.0
10.0
5.0
2.0";"Franqueado: Ressarcimento via BSO. Revendedor: Compre itens selecionados de perfumaria (Eudora EDP, Diva, Imensi, Niina Secrets, Club 6, Eudora H, Pulse e Intention) com até 24% de desconto
10% de Lucro Extra em itens selecionados de Perfumaria Feminina.
5% de Lucro Extra em itens selecionados de Perfumaria Feminina.
2% de Lucro Extra em itens selecionados de Perfumaria Feminina.";;;25.0;Consumidor/Revendedor: Compre o combo Natal Imensi composto por: Imensi Loção Desodorante Hidratante Corporal 200Ml + Eudora Imensi Desodorante Colônia 100 Ml, preço de R$214,89 por R$159,90 - 25,58984% de desconto.;Não;Não;Não;Não;Não;Não;Não;Não;16;0;37;17;17;32;48;60;Não;Não;;Não;0;35;39.5;17;Não
13629;C;;53145;IMENSI LOC DES HID CPO V3 200ml;CUIDADOS COM A PELE;CUIDADOS COM O CORPO;;;3;5;20;3;16;2;2;1;1;2;3;2;5;4;13;9;6;2;9;0;0;0;17.0;Consumidor/Revendedor: Combo Imensi hidratante + body spray - DE R$ 102,98 POR R$ 79,90 - 22% de desconto (17,53535% de desconto adicional);;;;;25.0;Consumidor/Revendedor: Compre o combo Natal Imensi composto por: Imensi Loção Desodorante Hidratante Corporal 200Ml + Eudora Imensi Desodorante Colônia 100 Ml, preço de R$214,89 por R$159,90 - 25,58984% de desconto.;Não;Não;Não;Não;Não;Não;Não;Não;1;0;0;5;0;0;0;0;Não;Não;;Não;0;48;13.58;0;Não
13629;C;;49583;IMPRESS ESPUM P/ BARB 200ml V2;CUIDADOS COM A BARBA;PRÉ-BARBEAR;;;1;3;2;10;12;3;0;2;0;1;0;2;1;5;13;1;6;0;14;3;3;4;;;;;;;;;Não;Não;Não;Não;Não;Não;Não;Não;4;0;5;0;3;5;8;12;Não;Não;;Não;0;50;18.88;3;Não
13629;B;BB;49584;IMPRESS LOC D HID CPO IN BLACK 200ml V2;CUIDADOS COM A PELE;CUIDADOS COM O CORPO;;;4;27;2;17;6;12;2;16;2;2;6;3;12;1;31;1;13;0;13;5;17;10;;;;;20.0;Franqueado: Ressarcimento via BSO. Consumidor/Revendedor: Itens selecionados INFANTIL, ACESSÓRIOS, PERFUMARIA, MAQUIAGEM, CUIDADOS COM A PELE, CABELOS, GIFTS, SABONETE CORPO, CUIDADOS FACIAIS, SOLAR e ÓLEOS com até 63% de desconto.;20.0;Franqueado: Ressarcimento via BSO. Consumidor/Revendedor: Itens selecionados INFANTIL, ACESSÓRIOS, PERFUMARIA, MAQUIAGEM, CUIDADOS COM A PELE, CABELOS, GIFTS, SABONETE CORPO, CUIDADOS FACIAIS, SOLAR e ÓLEOS com até 63% de desconto.;Não;Não;Não;Não;Não;Não;Não;Não;4;0;16;0;16;19;36;46;Não;Não;;Não;0;48;17.04;16;Não
13629;C;;56459;IMPRESSION DES BDY SPR 100ml;DESODORANTES;DESODORANTE MASCULINO;;;6;3;135;53;30;10;2;104;4;9;4;8;3;2;4;8;4;4;8;7;10;8;;;0.0;Franqueado: Ressarcimento via BSO. Consumidor/Revendedor: Compre 3 itens selecionados EUDORA ROXO, IMPRESSION, DIVA e VOLPE e pague 2, até 33% de desconto em cada unidade.;;;;;Não;Não;Não;Não;Não;Não;Não;Não;78;0;13;0;0;0;0;0;Sim;Não;Crítico;Não;0;85;11.62;0;Não
13629;A;;49577;IMPRESSION EDP 100ml V2;PERFUMARIA;PERFUMARIA MASCULINA;;;2;10;43;21;5;2;3;37;1;6;3;50;6;9;6;2;7;3;2;6;64;20;;;;;34.0;Franqueado: Ressarcimento via BSO. Revendedor: Na Beauty Week, compre itens selecionados de perfumaria Eudora (Eudora EDP, Diva, Kiss Me, Velvet, Lyra, Magnific, Club 6, Eudora H, Pulse, Intention, Impression e Volpe) com até 41% de desconto;34.0;Franqueado: Ressarcimento via BSO. Consumidor/Revendedor: Itens selecionados DESODORANTES, PERFUMARIA, CUIDADOS COM A PELE, MAQUIAGEM, CABELOS, ACESSÓRIOS, CUIDADOS FACIAIS, SABONETE CORPO, SOLAR e CUIDADOS COM A BARBA com até 63% de desconto.;Não;Não;Não;Não;Não;Não;Não;Não;9;22;65;1;38;42;106;126;Não;Não;;Não;0;30;64.2;38;Não
13629;B;BA;49579;IMPRESSION EDP IN BLACK 100ml V2;PERFUMARIA;PERFUMARIA MASCULINA;;;2;3;3;0;0;14;0;11;0;1;19;3;1;2;22;2;7;0;12;2;2;10;21.0;Franqueado: Ressarcimento via BSO. Consumidor/Revendedor: Itens selecionados  com até 60% de desconto.;;;;;29.0;Franqueado: Ressarcimento via BSO. Consumidor/Revendedor: Itens selecionados PERFUMARIA, SABONETE CORPO, ACESSÓRIOS, INFANTIL, MAQUIAGEM, CABELOS, CUIDADOS COM A PELE, CUIDADOS FACIAIS, CUIDADOS COM A BARBA e DESODORANTES com até 37% de desconto.;Não;Não;Não;Não;Não;Não;Não;Não;6;1;4;0;0;1;3;13;Não;Não;;Não;0;30;64.2;0;Não
13629;C;;49570;IMPRESSION GEL CREME POS BARBA 75g V2;CUIDADOS COM A BARBA;PÓS-BARBEAR;;;1;0;13;16;11;4;0;3;0;0;1;1;4;3;3;6;11;0;19;3;6;12;"16.0
15.0
14.0
14.0
13.0
13.0
13.0";"Revendedor Cobre/Bronze: Itens selecionados com até 20% de lucro extra.
Revendedor Prata: Itens selecionados com até 18,75% de lucro extra.
Revendedor Platina: Itens selecionados com até 17,5% de lucro extra.
Revendedor Ouro: Itens selecionados com até 18% de lucro extra.
Revendedor Esmeralda: Itens selecionados com até 16,5% de lucro extra.
Revendedor Rubi: Itens selecionados com até 17% de lucro extra.
Revendedor Diamante: Itens selecionados com até 16,25% de lucro extra.";"16.0
15.0
14.0
14.0
13.0
13.0
13.0";"Revendedor Cobre/Bronze: Itens selecionados com até 20% de lucro extra.
Revendedor Prata: Itens selecionados com até 18,75% de lucro extra.
Revendedor Platina: Itens selecionados com até 17,5% de lucro extra.
Revendedor Ouro: Itens selecionados com até 18% de lucro extra.
Revendedor Diamante: Itens selecionados com até 16,25% de lucro extra.
Revendedor Rubi: Itens selecionados com até 17% de lucro extra.
Revendedor Esmeralda: Itens selecionados com até 16,5% de lucro extra.";52.0;Franqueado: Ressarcimento via BSO. Consumidor/Revendedor: Na Beauty Week, compre itens selecionados de cuidados masculinos Impression) com até 52% de desconto;52.0;Franqueado: Ressarcimento via BSO. Consumidor/Revendedor: Itens selecionados DESODORANTES, PERFUMARIA, CUIDADOS COM A PELE, MAQUIAGEM, CABELOS, ACESSÓRIOS, CUIDADOS FACIAIS, SABONETE CORPO, SOLAR e CUIDADOS COM A BARBA com até 63% de desconto.;Não;Não;Não;Não;Não;Não;Não;Não;20;0;7;0;0;0;0;9;Não;Não;;Não;0;80;17.67;0;Não
13629;C;;54313;INSTANCE CR D H CP DC/FIN BBOM/AVE 400ml;CUIDADOS COM A PELE;CUIDADOS COM O CORPO;;;0;0;0;0;0;0;0;4;0;2;1;1;0;1;6;0;0;0;54;0;2;1;"24.0
22.0
21.0
21.0
20.0
19.0
19.0
16.0
15.0
14.0
14.0
13.0
13.0
13.0";"Revendedor Cobre/Bronze: Itens selecionados com até 40% de lucro extra.
Revendedor Prata: Itens selecionados com até 37,5% de lucro extra.
Revendedor Platina: Itens selecionados com até 35% de lucro extra.
Revendedor Ouro: Itens selecionados com até 36% de lucro extra.
Revendedor Rubi: Itens selecionados com até 34% de lucro extra.
Revendedor Diamante: Itens selecionados com até 32,5% de lucro extra.
Revendedor Esmeralda: Itens selecionados com até 33% de lucro extra.
Revendedor Cobre/Bronze: Itens selecionados com até 20% de lucro extra.
Revendedor Prata: Itens selecionados com até 18,75% de lucro extra.
Revendedor Platina: Itens selecionados com até 17,5% de lucro extra.
Revendedor Ouro: Itens selecionados com até 18% de lucro extra.
Revendedor Esmeralda: Itens selecionados com até 16,5% de lucro extra.
Revendedor Rubi: Itens selecionados com até 17% de lucro extra.
Revendedor Diamante: Itens selecionados com até 16,25% de lucro extra.";"16.0
15.0
14.0
14.0
13.0
13.0
13.0";"Revendedor Cobre/Bronze: Itens selecionados com até 20% de lucro extra.
Revendedor Prata: Itens selecionados com até 18,75% de lucro extra.
Revendedor Platina: Itens selecionados com até 17,5% de lucro extra.
Revendedor Ouro: Itens selecionados com até 18% de lucro extra.
Revendedor Diamante: Itens selecionados com até 16,25% de lucro extra.
Revendedor Rubi: Itens selecionados com até 17% de lucro extra.
Revendedor Esmeralda: Itens selecionados com até 16,5% de lucro extra.";37.0;Franqueado: Ressarcimento via BSO. Consumidor/Revendedor: Itens selecionados PERFUMARIA, MAQUIAGEM, CUIDADOS COM A PELE, DESODORANTES e SABONETE CORPO com até 50% de desconto.;37.0;Franqueado: Ressarcimento via BSO. Consumidor/Revendedor: Itens selecionados DESODORANTES, PERFUMARIA, CUIDADOS COM A PELE, MAQUIAGEM, CABELOS, ACESSÓRIOS, CUIDADOS FACIAIS, SABONETE CORPO, SOLAR e CUIDADOS COM A BARBA com até 63% de desconto.;Não;Não;Não;Não;Não;Não;Não;Não;0;0;2;0;1;1;3;4;Sim;Não;Crítico;Não;0;36;14.82;1;Não
13629;E;;94821;INSTANCE CR DES HID CP AMBR/PREC 150ml;CUIDADOS COM A PELE;CUIDADOS COM O CORPO;202614;;0;0;0;0;0;0;0;0;0;0;0;0;0;0;0;0;87;57;2;0;0;0;"12.0
7.0";"Franqueado: Ressarcimento via BSO. Consumidor/Revendedor: Itens selecionados Lançamentos INSTANCE com até 12% de desconto.
Lucro Extra  no lançamento de INSTANCE ÁRABES, de acordo com a quantidade comprada: 7% de Lucro Extra em 3 ou mais unidades. Válido para todos revendedores.";;;;;;;Sim;Não;Não;Não;Sim;Não;Não;Não;47;0;0;0;0;0;0;0;Sim;Não;Crítico;Não;0;48;9.88;0;Não
13629;E;;94816;INSTANCE CR DES HID CP AMBR/PREC 400ml;CUIDADOS COM A PELE;CUIDADOS COM O CORPO;202614;;0;0;0;0;0;0;0;0;0;0;0;0;0;0;0;0;165;144;2;0;0;0;"23.0
7.0
0.0
0.0
0.0";"Franqueado: Ressarcimento via BSO. Consumidor/Revendedor: Itens selecionados de Instance, La Victorie, Royal e Niina Secrets com até 25% de desconto
Lucro Extra  no lançamento de INSTANCE ÁRABES, de acordo com a quantidade comprada: 7% de Lucro Extra em 3 ou mais unidades. Válido para todos revendedores.
Ao comprar 5 unidades do lançamento participante no mesmo pedido, ganhe 1 unidade do mesmo item de brinde. Limitado a 1 brinde por CPF de cadastro da categoria Rubi.
Ao comprar 5 unidades do lançamento participante no mesmo pedido, ganhe 1 unidade do mesmo item de brinde. Limitado a 1 brinde por CPF de cadastro da categoria Esmeralda.
Ao comprar 5 unidades do lançamento participante no mesmo pedido, ganhe 1 unidade do mesmo item de brinde. Limitado a 1 brinde por CPF de cadastro da categoria Diamante.";;;;;;;Sim;Não;Não;Não;Sim;Não;Não;Não;2;0;0;0;0;0;0;0;Sim;Não;Crítico;Não;0;36;14.82;0;Não
13629;E;;94815;INSTANCE CR DES HID CP TAMR/NEGR 400ml;CUIDADOS COM A PELE;CUIDADOS COM O CORPO;202614;;0;0;0;0;0;0;0;0;0;0;0;0;0;0;0;0;170;26;10;0;0;0;"23.0
7.0
0.0
0.0
0.0";"Franqueado: Ressarcimento via BSO. Consumidor/Revendedor: Itens selecionados de Instance, La Victorie, Royal e Niina Secrets com até 25% de desconto
Lucro Extra  no lançamento de INSTANCE ÁRABES, de acordo com a quantidade comprada: 7% de Lucro Extra em 3 ou mais unidades. Válido para todos revendedores.
Ao comprar 5 unidades do lançamento participante no mesmo pedido, ganhe 1 unidade do mesmo item de brinde. Limitado a 1 brinde por CPF de cadastro da categoria Rubi.
Ao comprar 5 unidades do lançamento participante no mesmo pedido, ganhe 1 unidade do mesmo item de brinde. Limitado a 1 brinde por CPF de cadastro da categoria Diamante.
Ao comprar 5 unidades do lançamento participante no mesmo pedido, ganhe 1 unidade do mesmo item de brinde. Limitado a 1 brinde por CPF de cadastro da categoria Esmeralda.";;;;;;;Sim;Não;Não;Não;Sim;Não;Não;Não;0;0;;0;0;0;0;0;Sim;Não;Crítico;Não;0;36;14.82;0;Não
13629;A;;86225;INSTANCE CR DES HID CPO BAUN/INT 400ml;CUIDADOS COM A PELE;CUIDADOS COM O CORPO;;;0;0;0;0;0;0;0;0;282;141;106;12;13;15;24;98;17;45;2;25;39;66;33.0;Franqueado: Ressarcimento via BSO. Consumidor/Revendedor: Itens selecionados  com até 60% de desconto.;;;;;17.0;Franqueado: Ressarcimento via BSO. Consumidor/Revendedor: Itens selecionados de Corpo e banho (Instance e Forbes) com até 27% de desconto;Não;Não;Não;Não;Não;Não;Não;Não;7;59;67;0;28;44;83;149;Sim;Não;Crítico;Não;0;36;14.82;28;Não
13629;C;;85316;INSTANCE CR HID MAOS FR/VERM V2 30g;CUIDADOS COM A PELE;CUIDADOS COM AS MÃOS;;;5;11;35;4;10;0;12;2;6;16;0;16;0;26;11;35;14;0;12;11;16;13;"24.0
22.0
21.0
21.0
20.0
19.0
19.0";"Revendedor Cobre/Bronze: Itens selecionados com até 44% de lucro extra.
Revendedor Prata: Itens selecionados com até 41,25% de lucro extra.
Revendedor Platina: Itens selecionados com até 38,5% de lucro extra.
Revendedor Ouro: Itens selecionados com até 39,6% de lucro extra.
Revendedor Rubi: Itens selecionados com até 37,4% de lucro extra.
Revendedor Esmeralda: Itens selecionados com até 36,3% de lucro extra.
Revendedor Diamante: Itens selecionados com até 35,75% de lucro extra.";;;;;0.0;Franqueado: Ressarcimento via BSO. Consumidor/Revendedor: leve 3 pague 2 de itens selecionados de Instance Baunilha, Frutas Vermelhas, Karité, Ameixa e Praliné e Rosas e tenha 33,33333% de desconto em cada unidade;Não;Não;Não;Não;Não;Não;Não;Não;0;13;20;0;16;23;39;52;Não;Não;;Não;0;140;5.68;16;Não
13629;E;;95093;INSTANCE D/C BDY SPLSH AMBAR/PREC 200ml;PERFUMARIA;PERFUMARIA FEMININA;202614;;0;0;0;0;0;0;0;0;0;0;0;0;0;0;0;0;85;60;2;0;0;0;20.0;Franqueado: Ressarcimento via BSO. Consumidor: itens selecionados de lançamentos de desodorante Instance com até 20% de desconto;;;;;;;Sim;Não;Não;Não;Sim;Não;Não;Não;97;0;0;0;0;0;0;0;Não;Não;;Não;0;66;18.52;0;Não
13629;C;;87766;INSTANCE D/C BDY SPLSH AMEIX/PR V3 200ml;PERFUMARIA;PERFUMARIA FEMININA;;;3;61;7;67;0;20;0;0;3;0;0;0;2;2;34;3;2;0;30;18;5;4;;;"16.0
15.0
10.0
7.0
5.0
3.0
1.0";"Franqueado: Ressarcimento via BSO. Consumidor/Revendedor: Compre itens selecionados de desodorantes (Instance e La Victorie) com até 18% de desconto
15% de Lucro Extra em itens selecionados de Instance Bodysplash, na compra de 2 ou mais unidades.
10% de Lucro Extra em itens selecionados de Instance Bodysplash, na compra de 2 ou mais unidades.
7% de Lucro Extra em itens selecionados de Instance Bodysplash, na compra de 2 ou mais unidades.
5% de Lucro Extra em itens selecionados de Instance Bodysplash, na compra de 2 ou mais unidades.
3% de Lucro Extra em itens selecionados de Instance Bodysplash, na compra de 2 ou mais unidades.
1% de Lucro Extra em itens selecionados de Instance Bodysplash, na compra de 2 ou mais unidades.";;;;;Não;Não;Não;Não;Não;Não;Não;Não;17;0;14;0;5;17;22;26;Não;Não;;Não;0;66;18.52;5;Não
13629;B;BB;87761;INSTANCE D/C BDY SPLSH MARACUJA V2 200ml;PERFUMARIA;PERFUMARIA FEMININA;;;3;4;4;105;4;2;5;11;36;2;0;20;3;3;35;5;2;1;10;3;5;4;;;;;25.0;Consumidor/Revendedor: Compre o combo Natal Instance Maracujá composto por: Instance Spray Perfumado Desodorante Colonia Maracujá 200Ml + Creme Hidratante Corporal Maracujá 400Ml, preço de R$134,98 por R$99,90 - 25,98904% de desconto.;25.0;Consumidor/Revendedor: Compre o combo Natal Instance Maracujá composto por: Instance Spray Perfumado Desodorante Colonia Maracujá 200Ml + Creme Hidratante Corporal Maracujá 400Ml, preço de R$134,98 por R$99,90 - 25,98904% de desconto.;Não;Não;Não;Não;Não;Não;Não;Não;11;1;6;0;0;0;3;7;Não;Não;;Não;0;66;18.52;0;Não
13629;B;BB;87759;INSTANCE D/C BDY SPLSH OBS/BAUN V3 200ml;PERFUMARIA;PERFUMARIA FEMININA;;;9;7;101;73;7;43;7;5;9;8;0;22;4;3;3;24;6;0;20;5;7;31;;;;;;;16.0;Franqueado: Ressarcimento via BSO. Consumidor/Revendedor: Itens selecionados PERFUMARIA e DESODORANTES com até 16% de desconto.;Não;Não;Não;Não;Não;Não;Não;Não;13;0;9;33;0;0;0;9;Não;Não;;Não;0;66;18.52;0;Não
13629;E;;95094;INSTANCE D/C BDY SPLSH TAMARA/NEGR 200ml;PERFUMARIA;PERFUMARIA FEMININA;202614;;0;0;0;0;0;0;0;0;0;0;0;0;0;0;0;0;86;37;3;0;0;0;20.0;Franqueado: Ressarcimento via BSO. Consumidor: itens selecionados de lançamentos de desodorante Instance com até 20% de desconto;;;;;;;Sim;Não;Não;Não;Sim;Não;Não;Não;40;0;0;0;0;0;0;0;Não;Não;;Não;0;66;18.52;0;Não
13629;E;;94659;INSTANCE D/COL BDY SPLSH MOR/IRRES 75ml;PERFUMARIA;PERFUMARIA FEMININA;202614;;0;0;0;0;0;0;0;0;0;0;0;0;0;0;0;0;0;0;0;4;6;6;;;;;;;;;Não;Não;Não;Não;Não;Não;Não;Não;0;0;;0;6;8;14;20;Não;Não;;Não;0;100;0.0;6;Não
13629;B;BA;95619;INSTANCE D/COL BDY/SPL MOR/IRR V2 200ml;PERFUMARIA;PERFUMARIA FEMININA;;;3;0;0;0;0;0;0;0;0;0;217;78;16;0;1;4;6;3;9;26;37;22;50.0;Franqueado: Ressarcimento via BSO. Consumidor/Revendedor: Itens selecionados  com até 60% de desconto.;50.0;Franqueado: Ressarcimento via BSO. Consumidor/Revendedor: Itens selecionados de PERFUMARIA, MAQUIAGEM, CABELOS, CUIDADOS COM A PELE, CUIDADOS FACIAIS, SABONETE CORPO e DESODORANTES com até 50% de desconto.;50.0;Franqueado: Ressarcimento via BSO. Consumidor/Revendedor: Itens selecionados PERFUMARIA, MAQUIAGEM, CUIDADOS COM A PELE, DESODORANTES e SABONETE CORPO com até 50% de desconto.;50.0;Franqueado: Ressarcimento via BSO. Consumidor/Revendedor: Itens selecionados DESODORANTES, PERFUMARIA, CUIDADOS COM A PELE, MAQUIAGEM, CABELOS, ACESSÓRIOS, CUIDADOS FACIAIS, SABONETE CORPO, SOLAR e CUIDADOS COM A BARBA com até 63% de desconto.;Não;Não;Não;Não;Não;Não;Não;Não;15;0;52;3;51;67;104;126;Não;Não;;Não;0;66;18.52;51;Não
13629;E;;58636;INSTANCE D/COL SPR CP PERF BAUN/GL 200ml;PERFUMARIA;PERFUMARIA FEMININA;;202617;0;0;0;0;0;0;0;0;0;0;0;0;0;0;0;0;0;0;;0;0;0;;;13.0;Franqueado: Ressarcimento via BSO. Consumidor/Revendedor: Itens selecionados de GIFTS, CUIDADOS COM A PELE e PERFUMARIA com até 33% de desconto.;;;;;Não;Não;Não;Não;Não;Não;Não;Não;0;0;;0;0;0;0;0;Não;Não;;Não;0;66;18.52;0;Não
13629;B;BB;87767;INSTANCE D/COL SPR PERF FR/VERM V3 200ml;PERFUMARIA;PERFUMARIA FEMININA;;;5;3;63;25;7;50;2;2;2;3;13;2;19;1;5;5;11;0;26;5;7;20;;;;;;;16.0;Franqueado: Ressarcimento via BSO. Consumidor/Revendedor: Itens selecionados PERFUMARIA e DESODORANTES com até 16% de desconto.;Não;Não;Não;Não;Não;Não;Não;Não;26;0;9;0;0;0;0;17;Não;Não;;Não;0;66;18.52;0;Não
13629;B;BB;87765;INSTANCE D/COL SPR PERF KARITE V3 200ml;PERFUMARIA;PERFUMARIA FEMININA;;;9;1;36;40;30;7;2;1;1;11;3;24;2;23;2;1;0;2;9;13;3;2;;;"15.0
13.0
10.0
7.0
5.0
3.0
1.0";"15% de Lucro Extra em itens selecionados de Instance Bodysplash, na compra de 2 ou mais unidades.
Franqueado: Ressarcimento via BSO. Consumidor/Revendedor: Compre itens selecionados de desodorantes (Instance e La Victorie) com até 18% de desconto
10% de Lucro Extra em itens selecionados de Instance Bodysplash, na compra de 2 ou mais unidades.
7% de Lucro Extra em itens selecionados de Instance Bodysplash, na compra de 2 ou mais unidades.
5% de Lucro Extra em itens selecionados de Instance Bodysplash, na compra de 2 ou mais unidades.
3% de Lucro Extra em itens selecionados de Instance Bodysplash, na compra de 2 ou mais unidades.
1% de Lucro Extra em itens selecionados de Instance Bodysplash, na compra de 2 ou mais unidades.";;;;;Não;Não;Não;Não;Não;Não;Não;Não;7;0;9;0;8;16;19;21;Não;Não;;Não;0;66;18.52;8;Não
13629;C;;86041;INSTANCE DES ANT ROLL CHA VD/ROM V2 55ml;DESODORANTES;DESODORANTE FEMININO;;;19;5;29;15;3;3;0;0;0;0;0;0;13;38;23;0;0;0;54;9;6;4;;;12.0;Franqueado: Ressarcimento via BSO. Consumidor/Revendedor: Compre itens selecionados de desodorantes (Instance e La Victorie) com até 18% de desconto;;;;;Não;Não;Não;Não;Não;Não;Não;Não;0;0;10;0;13;18;24;28;Sim;Não;Crítico;Não;0;144;5.81;13;Não
13629;C;;86031;INSTANCE DES ANT ROLL FR/VERM V2 55ml;DESODORANTES;DESODORANTE FEMININO;;;4;22;26;3;5;15;19;12;94;4;2;0;0;0;0;0;0;0;157;6;8;10;;;;;;;12.0;Franqueado: Ressarcimento via BSO. Consumidor/Revendedor: Itens selecionados PERFUMARIA e DESODORANTES com até 16% de desconto.;Não;Não;Não;Não;Não;Não;Não;Não;0;0;11;13;0;3;11;21;Não;Não;;Não;0;144;5.81;0;Não
13629;C;;86032;INSTANCE DES ANTIT AER ALG/JASM V2 150ml;DESODORANTES;DESODORANTE FEMININO;;;4;3;38;6;34;2;11;14;3;5;5;4;0;0;0;0;0;0;131;5;25;8;"24.0
22.0
21.0
21.0
20.0
19.0
19.0";"Revendedor Cobre/Bronze: Itens selecionados com até 44% de lucro extra.
Revendedor Prata: Itens selecionados com até 41,25% de lucro extra.
Revendedor Platina: Itens selecionados com até 38,5% de lucro extra.
Revendedor Ouro: Itens selecionados com até 39,6% de lucro extra.
Revendedor Rubi: Itens selecionados com até 37,4% de lucro extra.
Revendedor Esmeralda: Itens selecionados com até 36,3% de lucro extra.
Revendedor Diamante: Itens selecionados com até 35,75% de lucro extra.";;;11.0;Franqueado: Ressarcimento via BSO. Consumidor/Revendedor: Itens selecionados DESODORANTES com até 15% de desconto.;11.0;Franqueado: Ressarcimento via BSO. Consumidor/Revendedor: Itens selecionados DESODORANTES, PERFUMARIA, CUIDADOS COM A PELE, MAQUIAGEM, CABELOS, ACESSÓRIOS, CUIDADOS FACIAIS, SABONETE CORPO, SOLAR e CUIDADOS COM A BARBA com até 63% de desconto.;Não;Não;Não;Não;Não;Não;Não;Não;0;0;20;0;21;24;49;57;Não;Não;;Não;0;72;8.47;21;Não
13629;C;;47815;INSTANCE DES ANTIT AER CHA VDE/ROM 150ml;DESODORANTES;DESODORANTE FEMININO;;;1;0;10;4;0;4;0;3;0;0;0;0;0;0;1;5;3;0;19;4;2;2;;;31.0;Franqueado: Ressarcimento via BSO. Consumidor/Revendedor: Itens selecionados com até 60% de desconto.;;;14.0;Franqueado: Ressarcimento via BSO. Consumidor/Revendedor: Itens selecionados PERFUMARIA, SABONETE CORPO, ACESSÓRIOS, INFANTIL, MAQUIAGEM, CABELOS, CUIDADOS COM A PELE, CUIDADOS FACIAIS, CUIDADOS COM A BARBA e DESODORANTES com até 37% de desconto.;Não;Não;Não;Não;Não;Não;Não;Não;0;0;5;0;5;8;10;12;Sim;Não;Crítico;Não;0;72;8.47;5;Não
13629;B;BC;86035;INSTANCE DES ANTIT AER F/VER V2 150ml;DESODORANTES;DESODORANTE FEMININO;;;8;0;44;9;2;24;4;3;15;6;5;10;20;1;6;0;31;4;3;4;7;9;;;;;;;8.0;Franqueado: Ressarcimento via BSO. Consumidor/Revendedor: Itens selecionados PERFUMARIA e DESODORANTES com até 16% de desconto.;Não;Não;Não;Não;Não;Não;Não;Não;40;0;7;0;0;0;0;0;Não;Não;;Não;0;72;8.47;0;Não
13629;C;;53196;INSTANCE DES ANTIT AER KARITE 150ml;DESODORANTES;DESODORANTE FEMININO;;;1;0;7;0;5;1;10;16;7;0;1;0;1;0;2;3;17;0;17;12;18;10;48.0;Franqueado: Ressarcimento via BSO. Consumidor/Revendedor: Itens selecionados  com até 60% de desconto.;48.0;Franqueado: Ressarcimento via BSO. Consumidor/Revendedor: Itens selecionados de PERFUMARIA, MAQUIAGEM, CABELOS, CUIDADOS COM A PELE, CUIDADOS FACIAIS, SABONETE CORPO e DESODORANTES com até 50% de desconto.;"48.0
0.0";"Franqueado: Ressarcimento via BSO. Consumidor/Revendedor: Itens selecionados PERFUMARIA, MAQUIAGEM, CUIDADOS COM A PELE, DESODORANTES e SABONETE CORPO com até 50% de desconto.
Junte ao menos 5 embalagens de qualquer marca, leve ao Espaço do Revendedor durante o Ciclo 16/2026, utilizando o cupom ""Botirecicla5"" ao fazer um pedido mínimo e ganhe um produto selecionado para vender com 100% de lucro. Promoção não válida para cartuchos.";48.0;Franqueado: Ressarcimento via BSO. Consumidor/Revendedor: Itens selecionados DESODORANTES, PERFUMARIA, CUIDADOS COM A PELE, MAQUIAGEM, CABELOS, ACESSÓRIOS, CUIDADOS FACIAIS, SABONETE CORPO, SOLAR e CUIDADOS COM A BARBA com até 63% de desconto.;Não;Não;Não;Não;Não;Não;Não;Não;1;0;21;4;20;28;46;56;Não;Não;;Não;0;72;8.47;20;Não
13629;C;;47818;INSTANCE DES ANTIT AER S/PERF 150ml;DESODORANTES;DESODORANTE FEMININO;;;5;2;24;10;0;0;0;1;0;0;0;0;0;0;7;3;2;0;12;4;6;3;31.0;Franqueado: Ressarcimento via BSO. Consumidor/Revendedor: Itens selecionados  com até 60% de desconto.;"31.0
20.0
18.0
18.0
17.0
17.0
16.0
16.0";"Franqueado: Ressarcimento via BSO. Consumidor/Revendedor: Itens selecionados de PERFUMARIA, MAQUIAGEM, CABELOS, CUIDADOS COM A PELE, CUIDADOS FACIAIS, SABONETE CORPO e DESODORANTES com até 50% de desconto.
Cobre/Bronze: compre itens selecionados de Cuidados, Desodorantes e ganhe lucro extra de até 28%.
Prata: compre itens selecionados de Cuidados, Desodorantes e ganhe lucro extra de até 26,25%.
Ouro: compre itens selecionados de Cuidados, Desodorantes e ganhe lucro extra de até 25,20%.
Platina: compre itens selecionados de Cuidados, Desodorantes e ganhe lucro extra de até 24,50%.
Rubi: compre itens selecionados de Cuidados, Desodorantes e ganhe lucro extra de até 23,80%.
Diamante: compre itens selecionados de Cuidados, Desodorantes e ganhe lucro extra de até 22,75%.
Esmeralda: compre itens selecionados de Cuidados, Desodorantes e ganhe lucro extra de até 23,10%.";"48.0
0.0";"Franqueado: Ressarcimento via BSO. Consumidor/Revendedor: Itens selecionados PERFUMARIA, MAQUIAGEM, CUIDADOS COM A PELE, DESODORANTES e SABONETE CORPO com até 50% de desconto.
Junte ao menos 5 embalagens de qualquer marca, leve ao Espaço do Revendedor durante o Ciclo 16/2026, utilizando o cupom ""Botirecicla5"" ao fazer um pedido mínimo e ganhe um produto selecionado para vender com 100% de lucro. Promoção não válida para cartuchos.";48.0;Franqueado: Ressarcimento via BSO. Consumidor/Revendedor: Itens selecionados DESODORANTES, PERFUMARIA, CUIDADOS COM A PELE, MAQUIAGEM, CABELOS, ACESSÓRIOS, CUIDADOS FACIAIS, SABONETE CORPO, SOLAR e CUIDADOS COM A BARBA com até 63% de desconto.;Não;Não;Não;Não;Não;Não;Não;Não;1;0;7;3;5;7;13;16;Não;Não;;Não;0;72;8.47;5;Não
13629;C;;86038;INSTANCE DES ANTIT CR CHA VDE/ROM V2 80g;DESODORANTES;DESODORANTE FEMININO;;;1;0;0;0;17;7;13;16;1;2;0;0;2;16;15;3;0;0;44;7;33;6;;;;;15.0;Franqueado: Ressarcimento via BSO. Consumidor/Revendedor: Itens selecionados DESODORANTES com até 15% de desconto.;15.0;Franqueado: Ressarcimento via BSO. Consumidor/Revendedor: Itens selecionados DESODORANTES, PERFUMARIA, CUIDADOS COM A PELE, MAQUIAGEM, CABELOS, ACESSÓRIOS, CUIDADOS FACIAIS, SABONETE CORPO, SOLAR e CUIDADOS COM A BARBA com até 63% de desconto.;Não;Não;Não;Não;Não;Não;Não;Não;0;0;24;0;26;30;63;69;Sim;Não;Crítico;Não;0;80;6.53;26;Não
13629;B;BC;86030;INSTANCE DES ANTIT CREM BAUNILHA 80g;DESODORANTES;DESODORANTE FEMININO;;;3;7;56;6;3;8;3;24;45;12;9;26;22;27;13;5;13;6;3;8;36;12;;;;;15.0;Franqueado: Ressarcimento via BSO. Consumidor/Revendedor: Itens selecionados DESODORANTES com até 15% de desconto.;15.0;Franqueado: Ressarcimento via BSO. Consumidor/Revendedor: Itens selecionados DESODORANTES, PERFUMARIA, CUIDADOS COM A PELE, MAQUIAGEM, CABELOS, ACESSÓRIOS, CUIDADOS FACIAIS, SABONETE CORPO, SOLAR e CUIDADOS COM A BARBA com até 63% de desconto.;Não;Não;Não;Não;Não;Não;Não;Não;4;0;25;13;14;19;55;67;Não;Não;;Não;0;80;6.53;14;Não
13629;B;BC;86042;INSTANCE DES ANTIT CREM KARITE V2 80g;DESODORANTES;DESODORANTE FEMININO;;;18;17;73;9;2;38;1;8;1;10;3;14;15;22;9;15;30;3;6;12;11;8;;;7.0;Franqueado: Ressarcimento via BSO. Consumidor/Revendedor: Compre itens selecionados de desodorantes (Instance e La Victorie) com até 18% de desconto;;;;;Não;Não;Não;Não;Não;Não;Não;Não;3;0;14;10;7;15;26;34;Não;Não;;Não;0;80;6.53;7;Não
13629;B;BA;89701;INSTANCE DES COL BDY SPLS BAUN INT 200ml;PERFUMARIA;PERFUMARIA FEMININA;;;0;0;0;0;0;0;0;1;172;65;84;4;0;3;7;8;2;2;6;20;8;6;;;;;;;;;Não;Não;Não;Não;Não;Não;Não;Não;20;0;21;0;10;23;31;37;Não;Não;;Não;0;66;18.52;10;Não
13629;B;BB;87143;INSTANCE LOC D H CPO CER/AMEN RPCK 400ml;CUIDADOS COM A PELE;CUIDADOS COM O CORPO;;;0;0;0;0;1;12;64;15;10;10;11;5;0;0;6;4;41;2;4;29;43;0;;;"33.0
16.0
15.0
14.0
14.0
13.0
13.0
13.0";"Franqueado: Ressarcimento via BSO. Consumidor/Revendedor: Itens selecionados de PERFUMARIA, MAQUIAGEM, CABELOS, CUIDADOS COM A PELE, CUIDADOS FACIAIS, SABONETE CORPO e DESODORANTES com até 50% de desconto.
Cobre/Bronze: compre itens selecionados de Cuidados, Desodorantes e ganhe lucro extra de até 28%.
Prata: compre itens selecionados de Cuidados, Desodorantes e ganhe lucro extra de até 26,25%.
Ouro: compre itens selecionados de Cuidados, Desodorantes e ganhe lucro extra de até 25,20%.
Platina: compre itens selecionados de Cuidados, Desodorantes e ganhe lucro extra de até 24,50%.
Diamante: compre itens selecionados de Cuidados, Desodorantes e ganhe lucro extra de até 22,75%.
Esmeralda: compre itens selecionados de Cuidados, Desodorantes e ganhe lucro extra de até 23,10%.
Rubi: compre itens selecionados de Cuidados, Desodorantes e ganhe lucro extra de até 23,80%.";50.0;Franqueado: Ressarcimento via BSO. Consumidor/Revendedor: Itens selecionados PERFUMARIA, MAQUIAGEM, CUIDADOS COM A PELE, DESODORANTES e SABONETE CORPO com até 50% de desconto.;50.0;Franqueado: Ressarcimento via BSO. Consumidor/Revendedor: Itens selecionados DESODORANTES, PERFUMARIA, CUIDADOS COM A PELE, MAQUIAGEM, CABELOS, ACESSÓRIOS, CUIDADOS FACIAIS, SABONETE CORPO, SOLAR e CUIDADOS COM A BARBA com até 63% de desconto.;Não;Não;Não;Não;Não;Não;Não;Não;7;6;53;15;37;56;99;99;Não;Não;;Não;0;36;14.82;37;Não
13629;E;;58937;INSTANCE LOC DES CPO ILUM BAUN/GLW 180ml;CUIDADOS COM A PELE;CUIDADOS COM O CORPO;;202617;0;0;0;0;0;0;0;0;0;0;0;0;0;0;0;0;0;0;;0;0;0;;;;;;;;;Não;Não;Não;Não;Não;Não;Não;Não;0;0;;0;0;0;0;0;Não;Não;;Não;0;48;9.88;0;Não
13629;B;BA;87155;INSTANCE LOC DES H CP AMEI/PR RPCK 400ml;CUIDADOS COM A PELE;CUIDADOS COM O CORPO;;;0;0;0;0;3;175;4;3;3;8;131;63;4;8;61;8;13;3;6;13;62;24;;;;;"17.0
15.0";"Franqueado: Ressarcimento via BSO. Consumidor/Revendedor: Itens selecionados de Instance, La Victorie , Eudora Edp e Diva com até 32% de desconto
Franqueado: Ressarcimento via BSO. Consumidor/Revendedor: Nessa oferta compre COMBO INSTANCE AMEIXA/PRALINE - INSTANCE LOC DES H CP AMEI/PR RPCK 400ml + INSTANCE CR HID MAOS AMEI/PRAL RPCK 30g DE R$ 82,98 POR R$ 69,90. Desconto total de 15,76283%.";"18.0
15.0";"Franqueado: Ressarcimento via BSO. Consumidor/Revendedor: Itens selecionados DESODORANTES, PERFUMARIA, CUIDADOS COM A PELE, MAQUIAGEM, CABELOS, ACESSÓRIOS, CUIDADOS FACIAIS, SABONETE CORPO, SOLAR e CUIDADOS COM A BARBA com até 63% de desconto.
Franqueado: Ressarcimento via BSO. Consumidor/Revendedor: Nessa oferta compre COMBO INSTANCE AMEIXA/PRALINE - (87155) INSTANCE LOC DES H CP AMEI/PR RPCK 400ml + (85396) INSTANCE CR HID MAOS AMEI/PRAL RPCK 30g OU (52383) INSTANCE CR HID MAO CER/AMEND V2 30g. DE R$ 82,98 POR R$ 69,90. Desconto total de 15,76283%.";Não;Não;Não;Não;Não;Não;Não;Não;13;0;60;36;21;30;92;116;Não;Não;;Não;0;36;14.82;21;Não
13629;B;BB;52384;INSTANCE LOC DES H CP CER/AMEND V2 400ml;CUIDADOS COM A PELE;CUIDADOS COM O CORPO;;202614;7;15;16;58;22;2;36;0;0;3;4;25;27;1;19;2;9;1;11;0;0;0;;;;;25.0;Franqueado: Ressarcimento via BSO. Consumidor/Revendedor: Itens selecionados INFANTIL, ACESSÓRIOS, PERFUMARIA, MAQUIAGEM, CUIDADOS COM A PELE, CABELOS, GIFTS, SABONETE CORPO, CUIDADOS FACIAIS, SOLAR e ÓLEOS com até 63% de desconto.;25.0;Franqueado: Ressarcimento via BSO. Consumidor/Revendedor: Itens selecionados INFANTIL, ACESSÓRIOS, PERFUMARIA, MAQUIAGEM, CUIDADOS COM A PELE, CABELOS, GIFTS, SABONETE CORPO, CUIDADOS FACIAIS, SOLAR e ÓLEOS com até 63% de desconto.;Não;Não;Não;Não;Não;Não;Não;Não;7;0;0;0;0;0;0;0;Sim;Não;Crítico;Não;0;36;14.82;0;Não
13629;B;BA;87126;INSTANCE LOC DES H CP FR/VERM RPCK 400ml;CUIDADOS COM A PELE;CUIDADOS COM O CORPO;;;0;0;0;0;1;194;74;14;14;41;7;15;121;6;14;11;68;3;5;12;16;56;;;;;;;17.0;Franqueado: Ressarcimento via BSO. Consumidor/Revendedor: Itens selecionados de Corpo e banho (Instance e Forbes) com até 27% de desconto;Não;Não;Não;Não;Não;Não;Não;Não;34;0;25;36;0;0;0;45;Não;Não;;Não;0;36;14.82;0;Não
13629;B;BA;87152;INSTANCE LOC DES H CP MARAC RPCK 400ml;CUIDADOS COM A PELE;CUIDADOS COM O CORPO;;;0;0;0;0;8;6;91;16;14;13;12;71;18;7;54;3;8;3;5;10;15;12;;;;;25.0;Consumidor/Revendedor: Compre o combo Natal Instance Maracujá composto por: Instance Spray Perfumado Desodorante Colonia Maracujá 200Ml + Creme Hidratante Corporal Maracujá 400Ml, preço de R$134,98 por R$99,90 - 25,98904% de desconto.;25.0;Consumidor/Revendedor: Compre o combo Natal Instance Maracujá composto por: Instance Spray Perfumado Desodorante Colonia Maracujá 200Ml + Creme Hidratante Corporal Maracujá 400Ml, preço de R$134,98 por R$99,90 - 25,98904% de desconto.;Não;Não;Não;Não;Não;Não;Não;Não;9;6;22;3;12;19;34;46;Não;Não;;Não;0;36;14.82;12;Não
13629;C;;87107;INSTANCE LOC DES H CPO MORAN/IRRES 400ml;CUIDADOS COM A PELE;CUIDADOS COM O CORPO;;;14;34;0;0;0;0;0;0;0;4;0;0;0;0;0;6;12;4;4;7;10;8;;;;;;;33.0;Franqueado: Ressarcimento via BSO. Consumidor/Revendedor: Itens selecionados PERFUMARIA, CABELOS, CUIDADOS COM A PELE e ACESSÓRIOS com até 33% de desconto.;Não;Não;Não;Não;Não;Não;Não;Não;11;0;13;0;8;12;22;30;Não;Não;;Não;0;36;14.82;8;Não
13629;A;;87131;INSTANCE LOC DES HID CP KARIT RPCK 400ml;CUIDADOS COM A PELE;CUIDADOS COM O CORPO;;;0;0;0;0;2;12;11;20;17;177;14;23;24;53;12;11;63;1;10;64;23;19;;;23.0;Franqueado: Ressarcimento via BSO. Consumidor/Revendedor: Itens selecionados de Instance, Eudora Edp, Imensi e Niina Secrets com até 31%de desconto;;;;;Não;Não;Não;Não;Não;Não;Não;Não;52;0;76;18;36;77;100;119;Não;Não;;Não;0;36;14.82;36;Não
13629;A;;89451;INSTANCE LOC DES HID CP MORAN/IRRS 400ml;CUIDADOS COM A PELE;CUIDADOS COM O CORPO;;;0;0;0;0;0;0;0;0;0;0;328;157;20;13;2;10;4;2;4;5;8;44;;;;;;;33.0;Franqueado: Ressarcimento via BSO. Consumidor/Revendedor: Itens selecionados PERFUMARIA, CABELOS, CUIDADOS COM A PELE e ACESSÓRIOS com até 33% de desconto.;Não;Não;Não;Não;Não;Não;Não;Não;12;4;14;36;0;0;0;21;Não;Não;;Não;0;36;14.82;0;Não
13629;B;BC;87128;INSTANCE LOC DES HID CPO FR/VERM 180ml;CUIDADOS COM A PELE;CUIDADOS COM O CORPO;;;0;0;0;0;0;0;0;34;1;3;0;13;19;5;2;6;36;5;8;3;22;36;;;;;27.0;Franqueado: Ressarcimento via BSO. Consumidor/Revendedor: Itens selecionados MAQUIAGEM, PERFUMARIA, ÓLEOS, ACESSÓRIOS, INFANTIL, CUIDADOS COM A PELE, CABELOS, CUIDADOS FACIAIS e CUIDADOS COM A BARBA com até 51% de desconto.;26.0;Franqueado: Ressarcimento via BSO. Consumidor/Revendedor: Itens selecionados de Corpo e banho (Instance e Forbes) com até 27% de desconto;Não;Não;Não;Não;Não;Não;Não;Não;2;0;16;7;9;11;33;69;Não;Não;;Não;0;48;9.88;9;Não
13629;E;;95354;INSTANCE LOC DES HID CPO FR/VERM 75ml;CUIDADOS COM A PELE;CUIDADOS COM O CORPO;202614;;0;0;0;0;0;0;0;0;0;0;0;0;0;0;0;0;0;42;2;12;46;87;6.0;Revendedor: Compre o combo Natal Instance frutas vermelhas mini composto por: loção corporal Instance frutas vermelhas 75ml + sabonete líquido Instance frutas vermelhas 75ml, preço de R$47,98 por R$44,90 - 6,42% de desconto;6.0;Revendedor: Compre o combo Natal Instance frutas vermelhas mini composto por: loção corporal Instance frutas vermelhas 75ml + sabonete líquido Instance frutas vermelhas 75ml, preço de R$47,98 por R$44,90 - 6,42% de desconto;6.0;Consumidor/Revendedor: Compre o combo Natal Instance frutas vermelhas mini composto por: loção corporal Instance frutas vermelhas 75ml + sabonete líquido Instance frutas vermelhas 75ml, preço de R$47,98 por R$44,90 - 6,41934% de desconto;6.0;Consumidor/Revendedor:  Compre o combo Natal Instance frutas vermelhas mini composto por: loção corporal Instance frutas vermelhas 75ml + sabonete líquido Instance frutas vermelhas 75ml, preço de R$47,98 por R$44,90 - 6,41934% de desconto;Não;Não;Não;Não;Não;Não;Não;Não;97;60;27;0;0;0;0;20;Não;Não;;Não;0;100;6.17;0;Não
13629;C;;94984;INSTANCE LOC DES HID CPO KARIT V2 180ml;CUIDADOS COM A PELE;CUIDADOS COM O CORPO;;;0;0;0;0;0;0;0;33;0;0;0;5;1;39;17;0;0;0;58;31;3;2;;;26.0;Franqueado: Ressarcimento via BSO. Consumidor/Revendedor: Itens selecionados de Instance, Eudora Edp, Imensi e Niina Secrets com até 31%de desconto;;;;;Não;Não;Não;Não;Não;Não;Não;Não;0;5;18;7;19;39;42;44;Não;Não;;Não;0;48;9.88;19;Não
13629;E;;94658;INSTANCE LOC DES HID CPO MOR/IRRES 75ml;CUIDADOS COM A PELE;CUIDADOS COM O CORPO;202614;;0;0;0;0;0;0;0;0;0;0;0;0;0;0;0;0;0;0;0;5;6;6;;;;;;;;;Não;Não;Não;Não;Não;Não;Não;Não;0;0;;0;7;10;16;22;Não;Não;;Não;0;108;0.0;7;Não
13629;C;;87137;INSTANCE LOC DES HID CPO OBS/BAUN 180ml;CUIDADOS COM A PELE;CUIDADOS COM O CORPO;;;0;0;0;0;0;0;0;25;0;0;0;0;0;0;0;1;0;0;34;0;0;0;;;;;;;;;Não;Não;Não;Não;Não;Não;Não;Não;1;0;0;0;0;0;0;0;Não;Não;;Não;0;48;9.88;0;Não
13629;A;;87135;INSTANCE LOC DES HID CPO OBS/BAUN 400ml;CUIDADOS COM A PELE;CUIDADOS COM O CORPO;;;0;0;0;0;0;210;41;33;13;21;12;126;18;9;15;127;15;22;2;28;42;38;33.0;Franqueado: Ressarcimento via BSO. Consumidor/Revendedor: Itens selecionados  com até 60% de desconto.;;;;;;;Não;Não;Não;Não;Não;Não;Não;Não;14;36;73;0;49;67;109;147;Não;Não;;Não;0;36;14.82;49;Não
13629;B;BA;87157;INSTANCE LOC DES HID CPO ROSAS 400ml;CUIDADOS COM A PELE;CUIDADOS COM O CORPO;;;0;0;0;0;1;5;6;88;7;7;2;12;110;40;2;2;12;0;13;8;9;7;;;;;;;;;Não;Não;Não;Não;Não;Não;Não;Não;8;3;15;1;8;13;22;29;Não;Não;;Não;0;36;14.82;8;Não
13629;B;BA;85395;INSTANCE SAB BARR AMEIXA/PRALINE 4x80g;SABONETE CORPO;CORPO;;;19;113;14;3;0;20;1;15;37;15;217;40;30;14;27;34;15;5;9;8;34;24;;;21.0;Até 43% LUCRO EXTRA em itens selecionados de Corpo e Banho . Limitado a 3 unidades por revendedor.;9.0;Franqueado: Ressarcimento via BSO. Consumidor/Revendedor: Compre INSTANCE SAB BARR AMEIXA/PRALINE 4x80g com até 9% de desconto.;9.0;Franqueado: Ressarcimento via BSO. Consumidor/Revendedor: Compre itens selecionados de Instance (Pitaya e Ameixa e Praliné) com até 9% de desconto;Não;Não;Não;Não;Não;Não;Não;Não;0;19;37;0;24;29;63;87;Não;Não;;Não;0;25;8.53;24;Não
13629;B;BB;85369;INSTANCE SAB BARR FR/VERM RPCK 4x80g;SABONETE CORPO;CORPO;;;13;4;58;6;25;0;0;1;5;23;10;54;62;8;21;15;54;9;3;13;18;39;;;;;;;9.0;Franqueado: Ressarcimento via BSO. Consumidor/Revendedor: Itens selecionados de Corpo e banho (Instance e Forbes) com até 27% de desconto;Não;Não;Não;Não;Não;Não;Não;Não;0;15;23;0;19;27;45;84;Não;Não;;Não;0;25;8.53;19;Não
13629;B;BA;89453;INSTANCE SAB BARRA MORAN/IRRES 4x80g;SABONETE CORPO;CORPO;;;2;0;0;0;0;0;0;0;1;7;199;50;19;16;68;11;4;3;6;5;7;20;;;;;;;24.0;Franqueado: Ressarcimento via BSO. Consumidor/Revendedor: Itens selecionados CABELOS, MAQUIAGEM, CUIDADOS COM A PELE, PERFUMARIA, CUIDADOS COM A BARBA, ACESSÓRIOS, SOLAR, SABONETE CORPO, DESODORANTES e CUIDADOS FACIAIS com até 45% de desconto.;Não;Não;Não;Não;Não;Não;Não;Não;2;4;11;1;8;11;18;38;Não;Não;;Não;0;25;8.53;8;Não
13629;E;;54312;INSTANCE SAB CP MOU DC/FIN TAR/L/S 150ml;SABONETE CORPO;CORPO;;;0;0;0;0;0;0;0;0;0;0;0;0;0;0;0;0;0;0;;0;0;0;"49.0
17.0
16.0
16.0";"Franqueado: Ressarcimento via BSO. Consumidor/Revendedor: Itens selecionados INFANTIL, CUIDADOS COM A PELE, SABONETE CORPO e DESODORANTES com até 51% de desconto.
Revendedor Rubi: Compre 50 a 99 itens selecionados de Eudora ou Boti e tenha 15% LE Boti e 10,20% LE Eudora. Compre 100 a 199 itens selecionados de Eudora ou Boti e tenha 20% LE Boti e 13,6% LE Eudora. Compre 200 ou mais itens selecionados de Eudora ou Boti e tenha 25% LE Boti e 17% LE Eudora.
Revendedor Esmeralda: Compre 50 a 99 itens selecionados de Eudora ou Boti e tenha 15% LE Boti e 9,90% LE Eudora. Compre 100 a 199 itens selecionados de Eudora ou Boti e tenha 20% LE Boti e 13,2% LE Eudora. Compre 200 ou mais itens selecionados de Eudora ou Boti e tenha 25% LE Boti e 16,5% LE Eudora.
Revendedor Diamante: Compre 50 a 99 itens selecionados de Eudora ou Boti e tenha 15% LE Boti e 9,75% LE Eudora. Compre 100 a 199 itens selecionados de Eudora ou Boti e tenha 20% LE Boti e 13% LE Eudora. Compre 200 ou mais itens de Eudora ou Boti e tenha 25% LE Boti e 16,25% LE Eudora.";49.0;Franqueado: Ressarcimento via BSO. Consumidor/Revendedor: Itens selecionados de PERFUMARIA, MAQUIAGEM, CABELOS, CUIDADOS COM A PELE, CUIDADOS FACIAIS, SABONETE CORPO e DESODORANTES com até 50% de desconto.;49.0;Franqueado: Ressarcimento via BSO. Consumidor/Revendedor: Itens selecionados PERFUMARIA, MAQUIAGEM, CUIDADOS COM A PELE, DESODORANTES e SABONETE CORPO com até 50% de desconto.;49.0;Franqueado: Ressarcimento via BSO. Consumidor/Revendedor: Itens selecionados DESODORANTES, PERFUMARIA, CUIDADOS COM A PELE, MAQUIAGEM, CABELOS, ACESSÓRIOS, CUIDADOS FACIAIS, SABONETE CORPO, SOLAR e CUIDADOS COM A BARBA com até 63% de desconto.;Não;Não;Não;Não;Não;Não;Não;Não;0;0;;0;0;0;0;0;Não;Não;;Não;0;72;10.76;0;Não
13629;E;;94820;INSTANCE SAB LIQ CP TAMR/NEGR 180ml;SABONETE CORPO;CORPO;202614;;0;0;0;0;0;0;0;0;0;0;0;0;0;0;0;0;60;42;3;5;8;6;"11.0
7.0";"Franqueado: Ressarcimento via BSO. Consumidor/Revendedor: Itens selecionados Lançamentos INSTANCE com até 12% de desconto.
Lucro Extra  no lançamento de INSTANCE ÁRABES, de acordo com a quantidade comprada: 7% de Lucro Extra em 3 ou mais unidades. Válido para todos revendedores.";;;;;;;Sim;Não;Não;Não;Sim;Não;Não;Não;57;0;6;0;0;0;0;6;Não;Não;;Não;0;48;10.76;0;Não
13629;E;;54190;INSTANCE SAB LIQ CPO BAUNILHA MINI 75ml;SABONETE CORPO;CORPO;;;0;0;0;0;0;0;0;0;0;0;0;0;0;0;0;0;0;0;;0;0;0;"20.0
17.0
16.0
16.0
0.0";"Franqueado: Ressarcimento via BSO. Consumidor/Revendedor: Itens selecionados INFANTIL, CUIDADOS COM A PELE, SABONETE CORPO e DESODORANTES com até 51% de desconto.
Revendedor Rubi: Compre 50 a 99 itens selecionados de Eudora ou Boti e tenha 15% LE Boti e 10,20% LE Eudora. Compre 100 a 199 itens selecionados de Eudora ou Boti e tenha 20% LE Boti e 13,6% LE Eudora. Compre 200 ou mais itens selecionados de Eudora ou Boti e tenha 25% LE Boti e 17% LE Eudora.
Revendedor Esmeralda: Compre 50 a 99 itens selecionados de Eudora ou Boti e tenha 15% LE Boti e 9,90% LE Eudora. Compre 100 a 199 itens selecionados de Eudora ou Boti e tenha 20% LE Boti e 13,2% LE Eudora. Compre 200 ou mais itens selecionados de Eudora ou Boti e tenha 25% LE Boti e 16,5% LE Eudora.
Revendedor Diamante: Compre 50 a 99 itens selecionados de Eudora ou Boti e tenha 15% LE Boti e 9,75% LE Eudora. Compre 100 a 199 itens selecionados de Eudora ou Boti e tenha 20% LE Boti e 13% LE Eudora. Compre 200 ou mais itens de Eudora ou Boti e tenha 25% LE Boti e 16,25% LE Eudora.
Junte ao menos 5 embalagens de qualquer marca, leve ao Espaço do Revendedor durante o Ciclo 14/2026, utilizando o cupom ""Botirecicla5"" ao fazer um pedido mínimo e ganhe um produto selecionado para vender com 100% de lucro. Promoção não válida para cartuchos.";20.0;Franqueado: Ressarcimento via BSO. Consumidor/Revendedor: Itens selecionados de PERFUMARIA, MAQUIAGEM, CABELOS, CUIDADOS COM A PELE, CUIDADOS FACIAIS, SABONETE CORPO e DESODORANTES com até 50% de desconto.;20.0;Franqueado: Ressarcimento via BSO. Consumidor/Revendedor: Itens selecionados PERFUMARIA, MAQUIAGEM, CUIDADOS COM A PELE, DESODORANTES e SABONETE CORPO com até 50% de desconto.;20.0;Franqueado: Ressarcimento via BSO. Consumidor/Revendedor: Itens selecionados DESODORANTES, PERFUMARIA, CUIDADOS COM A PELE, MAQUIAGEM, CABELOS, ACESSÓRIOS, CUIDADOS FACIAIS, SABONETE CORPO, SOLAR e CUIDADOS COM A BARBA com até 63% de desconto.;Não;Não;Não;Não;Não;Não;Não;Não;0;0;;0;0;0;0;0;Não;Não;;Não;0;100;5.98;0;Não
13629;C;;54189;INSTANCE SAB LIQ CPO F/VERM MINI 75ml;SABONETE CORPO;CORPO;;;0;0;0;0;0;0;1;0;40;5;3;24;5;2;16;10;0;0;39;8;10;4;20.0;Franqueado: Ressarcimento via BSO. Consumidor/Revendedor: Itens selecionados  com até 60% de desconto.;20.0;Franqueado: Ressarcimento via BSO. Consumidor/Revendedor: Itens selecionados de PERFUMARIA, MAQUIAGEM, CABELOS, CUIDADOS COM A PELE, CUIDADOS FACIAIS, SABONETE CORPO e DESODORANTES com até 50% de desconto.;"20.0
0.0";"Franqueado: Ressarcimento via BSO. Consumidor/Revendedor: Itens selecionados PERFUMARIA, MAQUIAGEM, CUIDADOS COM A PELE, DESODORANTES e SABONETE CORPO com até 50% de desconto.
Junte ao menos 5 embalagens de qualquer marca, leve ao Espaço do Revendedor durante o Ciclo 16/2026, utilizando o cupom ""Botirecicla5"" ao fazer um pedido mínimo e ganhe um produto selecionado para vender com 100% de lucro. Promoção não válida para cartuchos.";20.0;Franqueado: Ressarcimento via BSO. Consumidor/Revendedor: Itens selecionados DESODORANTES, PERFUMARIA, CUIDADOS COM A PELE, MAQUIAGEM, CABELOS, ACESSÓRIOS, CUIDADOS FACIAIS, SABONETE CORPO, SOLAR e CUIDADOS COM A BARBA com até 63% de desconto.;Não;Não;Não;Não;Não;Não;Não;Não;0;0;12;0;14;19;29;33;Sim;Não;Crítico;Não;0;100;5.98;14;Não
13629;B;BC;85285;INSTANCE SAB LIQ ESF CPO F/VER V4 180g;SABONETE CORPO;CORPO;;;7;2;35;6;0;1;0;0;2;11;3;15;10;4;5;14;10;2;6;5;7;13;;;;;;;11.0;Franqueado: Ressarcimento via BSO. Consumidor/Revendedor: Itens selecionados de Corpo e banho (Instance e Forbes) com até 27% de desconto;Não;Não;Não;Não;Não;Não;Não;Não;4;0;8;5;3;6;13;26;Não;Não;;Não;0;48;10.76;3;Não
13629;B;BB;85306;INSTANCE SAB LIQ INT FR/VERM RPCK 180ml;SABONETE CORPO;CUIDADOS ÍNTIMOS;;;1;2;51;0;0;0;0;1;4;25;5;12;26;14;15;10;20;1;10;4;6;16;;;;;;;22.0;Franqueado: Ressarcimento via BSO. Consumidor/Revendedor: Itens selecionados CABELOS, MAQUIAGEM, CUIDADOS COM A PELE, PERFUMARIA, CUIDADOS COM A BARBA, ACESSÓRIOS, SOLAR, SABONETE CORPO, DESODORANTES e CUIDADOS FACIAIS com até 45% de desconto.;Não;Não;Não;Não;Não;Não;Não;Não;0;5;8;0;6;8;14;30;Não;Não;;Não;0;48;10.76;6;Não
13629;C;;87257;INSTANCE SAB LIQ MAOS FR/VERM RPCK 400ml;SABONETE CORPO;MÃOS;;;7;30;0;0;1;9;3;10;2;5;2;1;0;5;12;7;1;0;12;4;7;6;;;;;;;10.0;Franqueado: Ressarcimento via BSO. Consumidor/Revendedor: Itens selecionados de Corpo e banho (Instance e Forbes) com até 27% de desconto;Não;Não;Não;Não;Não;Não;Não;Não;5;0;9;1;6;9;16;22;Não;Não;;Não;0;36;11.95;6;Não
13629;E;;95355;INSTANCE SAB LIQ PERF CPO FR/VERM 75ml;SABONETE CORPO;CORPO;202614;;0;0;0;0;0;0;0;0;0;0;0;0;0;0;0;0;0;38;2;8;29;56;6.0;Revendedor: Compre o combo Natal Instance frutas vermelhas mini composto por: loção corporal Instance frutas vermelhas 75ml + sabonete líquido Instance frutas vermelhas 75ml, preço de R$47,98 por R$44,90 - 6,42% de desconto;6.0;Revendedor: Compre o combo Natal Instance frutas vermelhas mini composto por: loção corporal Instance frutas vermelhas 75ml + sabonete líquido Instance frutas vermelhas 75ml, preço de R$47,98 por R$44,90 - 6,42% de desconto;6.0;Consumidor/Revendedor: Compre o combo Natal Instance frutas vermelhas mini composto por: loção corporal Instance frutas vermelhas 75ml + sabonete líquido Instance frutas vermelhas 75ml, preço de R$47,98 por R$44,90 - 6,41934% de desconto;6.0;Consumidor/Revendedor:  Compre o combo Natal Instance frutas vermelhas mini composto por: loção corporal Instance frutas vermelhas 75ml + sabonete líquido Instance frutas vermelhas 75ml, preço de R$47,98 por R$44,90 - 6,41934% de desconto;Não;Não;Não;Não;Não;Não;Não;Não;99;60;18;0;0;0;0;0;Não;Não;;Não;0;100;5.5;0;Não
13629;E;;54317;INSTANCE SAB VEG BAR P DC/FIN SORT 3x50g;SABONETE CORPO;CORPO;;;0;0;0;0;0;0;0;0;0;0;0;0;0;0;0;0;0;0;;0;0;0;21.0;Franqueado: Ressarcimento via BSO. Consumidor/Revendedor: Itens selecionados  com até 60% de desconto.;;;0.0;"Junte ao menos 5 embalagens de qualquer marca, leve ao Espaço do Revendedor durante o Ciclo 16/2026, utilizando o cupom ""Botirecicla5"" ao fazer um pedido mínimo e ganhe um produto selecionado para vender com 100% de lucro. Promoção não válida para cartuchos.";;;Não;Não;Não;Não;Não;Não;Não;Não;0;0;;0;0;0;0;0;Sim;Não;Crítico;Não;0;66;7.24;0;Não
13629;C;;86501;INSTANCE SPR PERF DES COL ROSA/ABS 200ml;PERFUMARIA;PERFUMARIA FEMININA;;;2;9;15;2;3;12;1;12;0;0;0;7;3;6;2;1;2;0;13;2;14;4;40.0;Franqueado: Ressarcimento via BSO. Consumidor/Revendedor: Itens selecionados CUIDADOS COM A PELE, PERFUMARIA e SABONETE CORPO com até 40% de desconto.;;;20.0;Franqueado: Ressarcimento via BSO. Consumidor/Revendedor: Na Beauty Week, compre itens selecionados de Deos (Instance) com até 20% de desconto;20.0;Franqueado: Ressarcimento via BSO. Consumidor/Revendedor: Itens selecionados DESODORANTES, PERFUMARIA, CUIDADOS COM A PELE, MAQUIAGEM, CABELOS, ACESSÓRIOS, CUIDADOS FACIAIS, SABONETE CORPO, SOLAR e CUIDADOS COM A BARBA com até 63% de desconto.;Não;Não;Não;Não;Não;Não;Não;Não;2;4;11;0;9;10;24;28;Não;Não;;Não;0;66;18.52;9;Não
13629;B;BC;50010;INTENTION FOR MAN DES BDY SPR 100ml;DESODORANTES;DESODORANTE MASCULINO;;;6;2;197;21;9;7;14;8;15;11;10;7;4;4;4;24;9;0;13;9;12;37;;;;;18.0;Franqueado: Ressarcimento via BSO. Consumidor/Revendedor: Nessa oferta compre COMBO INTENTION FOR MAN - INTENTION FOR MAN DES COL STRONG 100ml + INTENTION FOR MAN DES BDY SPR 100ml DE R$ 207,89 POR R$ 169,90. Desconto total de 18,27409%.;"15.0
11.0";"Franqueado: Ressarcimento via BSO. Consumidor/Revendedor: Nessa oferta compre COMBO INTENTION FOR MAN - (50010) INTENTION FOR MAN DES BDY SPR 100ml + (49063) INTENTION FOR MAN DES COL STRONG 100ml. DE R$ 207,89 POR R$ 169,90 Desconto total de 18,27409% e adicional de 15.80773%.
Franqueado: Ressarcimento via BSO. Consumidor/Revendedor: Itens selecionados PERFUMARIA e DESODORANTES com até 16% de desconto.";Não;Não;Não;Não;Não;Não;Não;Não;23;0;14;0;0;4;16;53;Não;Não;;Não;0;70;11.62;0;Não
13629;E;;51432;INTENTION FOR MAN DES COL BAD 100ml;PERFUMARIA;PERFUMARIA MASCULINA;;202615;3;14;5;7;0;5;3;5;1;11;40;3;10;4;0;0;0;0;;0;0;0;37.0;Franqueado: Ressarcimento via BSO. Consumidor/Revendedor: Itens selecionados de perfumaria Intention Bold e For Man com até 37% de desconto;;;25.0;Franqueado: Ressarcimento via BSO. Revendedor: Na Beauty Week, compre itens selecionados de perfumaria Eudora (Eudora EDP, Diva, Kiss Me, Velvet, Lyra, Magnific, Club 6, Eudora H, Pulse, Intention, Impression e Volpe) com até 41% de desconto;26.0;Franqueado: Ressarcimento via BSO. Consumidor/Revendedor: Itens selecionados DESODORANTES, PERFUMARIA, CUIDADOS COM A PELE, MAQUIAGEM, CABELOS, ACESSÓRIOS, CUIDADOS FACIAIS, SABONETE CORPO, SOLAR e CUIDADOS COM A BARBA com até 63% de desconto.;Sim;Não;Não;Não;Não;Não;Não;Não;0;0;;0;0;0;0;0;Não;Não;;Não;0;40;39.5;0;Não
13629;B;BA;58933;INTENTION FOR MAN DES COL BOLD 100ml;PERFUMARIA;PERFUMARIA MASCULINA;;;0;0;7;6;7;0;4;9;32;8;3;28;1;7;6;17;4;10;3;3;3;3;37.0;Franqueado: Ressarcimento via BSO. Consumidor/Revendedor: Itens selecionados de perfumaria Intention Bold e For Man com até 37% de desconto;;;;;;;Sim;Não;Não;Não;Não;Não;Não;Não;6;11;6;0;2;4;7;10;Não;Não;;Não;0;40;39.5;2;Não
13629;E;;54450;INTENTION FOR MAN DES COL CLOSE 100ml;PERFUMARIA;PERFUMARIA MASCULINA;;202615;3;2;7;4;0;2;13;5;6;1;13;5;5;5;17;0;0;0;;0;0;0;;;21.0;Franqueado: Ressarcimento via BSO. Revendedor: Compre itens selecionados de perfumaria (Eudora EDP, Diva, Imensi, Niina Secrets, Club 6, Eudora H, Pulse e Intention) com até 24% de desconto;;;31.0;Franqueado: Ressarcimento via BSO. Consumidor/Revendedor: Itens selecionados CABELOS, MAQUIAGEM, CUIDADOS COM A PELE, PERFUMARIA, CUIDADOS COM A BARBA, ACESSÓRIOS, SOLAR, SABONETE CORPO, DESODORANTES e CUIDADOS FACIAIS com até 45% de desconto.;Não;Não;Não;Não;Não;Não;Não;Não;0;0;;0;0;0;0;0;Não;Não;;Não;0;40;39.5;0;Não
13629;B;BB;49063;INTENTION FOR MAN DES COL STRONG 100ml;PERFUMARIA;PERFUMARIA MASCULINA;;;17;2;6;1;2;4;1;0;7;0;3;1;6;2;2;1;13;1;10;2;2;2;;;;;18.0;Franqueado: Ressarcimento via BSO. Consumidor/Revendedor: Nessa oferta compre COMBO INTENTION FOR MAN - INTENTION FOR MAN DES COL STRONG 100ml + INTENTION FOR MAN DES BDY SPR 100ml DE R$ 207,89 POR R$ 169,90. Desconto total de 18,27409%.;15.0;Franqueado: Ressarcimento via BSO. Consumidor/Revendedor: Nessa oferta compre COMBO INTENTION FOR MAN - (50010) INTENTION FOR MAN DES BDY SPR 100ml + (49063) INTENTION FOR MAN DES COL STRONG 100ml. DE R$ 207,89 POR R$ 169,90 Desconto total de 18,27409% e adicional de 15.80773%.;Não;Não;Não;Não;Não;Não;Não;Não;12;0;3;0;0;0;0;0;Não;Não;;Não;0;40;39.5;0;Não
13629;B;BA;87291;INTENTION/MAN DES COL BAD V2 100ml;PERFUMARIA;PERFUMARIA MASCULINA;202611;;3;14;5;7;0;5;3;5;1;11;40;3;10;4;13;3;1;3;10;4;38;11;37.0;Franqueado: Ressarcimento via BSO. Consumidor/Revendedor: Itens selecionados de perfumaria Intention Bold e For Man com até 37% de desconto;;;25.0;Franqueado: Ressarcimento via BSO. Revendedor: Na Beauty Week, compre itens selecionados de perfumaria Eudora (Eudora EDP, Diva, Kiss Me, Velvet, Lyra, Magnific, Club 6, Eudora H, Pulse, Intention, Impression e Volpe) com até 41% de desconto;26.0;Franqueado: Ressarcimento via BSO. Consumidor/Revendedor: Itens selecionados DESODORANTES, PERFUMARIA, CUIDADOS COM A PELE, MAQUIAGEM, CABELOS, ACESSÓRIOS, CUIDADOS FACIAIS, SABONETE CORPO, SOLAR e CUIDADOS COM A BARBA com até 63% de desconto.;Sim;Não;Não;Não;Não;Não;Não;Não;0;0;33;18;15;18;56;67;Não;Não;;Não;0;40;0.0;15;Não
13629;B;BB;87290;INTENTION/MAN DES COL CLOSE V2 100ml;PERFUMARIA;PERFUMARIA MASCULINA;202612;;3;2;7;4;0;2;13;5;6;1;13;5;5;5;22;2;1;0;17;17;5;15;;;21.0;Franqueado: Ressarcimento via BSO. Revendedor: Compre itens selecionados de perfumaria (Eudora EDP, Diva, Imensi, Niina Secrets, Club 6, Eudora H, Pulse e Intention) com até 24% de desconto;;;31.0;Franqueado: Ressarcimento via BSO. Consumidor/Revendedor: Itens selecionados CABELOS, MAQUIAGEM, CUIDADOS COM A PELE, PERFUMARIA, CUIDADOS COM A BARBA, ACESSÓRIOS, SOLAR, SABONETE CORPO, DESODORANTES e CUIDADOS FACIAIS com até 45% de desconto.;Não;Não;Não;Não;Não;Não;Não;Não;2;0;17;0;22;33;38;53;Não;Não;;Não;0;40;39.5;22;Não
13629;B;BA;86893;KIT SIAGE HAIR PLASTIA MINI;GIFTS;ESTOJO REGULAR;;;105;22;11;20;5;7;13;10;11;15;26;8;3;3;11;15;49;6;2;10;24;25;;;4.0;Franqueado: Ressarcimento via BSO. Consumidor/Revendedor: Compre itens selecionados de Siàge (Hair Plastia, Reset Químico e Nutri Acid Complex) com até 28% de desconto;35.0;Franqueado: Ressarcimento via BSO. Consumidor/Revendedor: Itens selecionados INFANTIL, ACESSÓRIOS, PERFUMARIA, MAQUIAGEM, CUIDADOS COM A PELE, CABELOS, GIFTS, SABONETE CORPO, CUIDADOS FACIAIS, SOLAR e ÓLEOS com até 63% de desconto.;35.0;Franqueado: Ressarcimento via BSO. Consumidor/Revendedor: Itens selecionados INFANTIL, ACESSÓRIOS, PERFUMARIA, MAQUIAGEM, CUIDADOS COM A PELE, CABELOS, GIFTS, SABONETE CORPO, CUIDADOS FACIAIS, SOLAR e ÓLEOS com até 63% de desconto.;Não;Não;Não;Não;Não;Não;Não;Não;157;0;30;0;0;0;0;0;Não;Não;;Não;0;10;19.47;0;Não
13629;A;;55764;KIT SIAGE PRO CRONOLOGY HID/NUTR/RECONS;CABELOS;TRATAMENTO CABELOS;;;8;12;111;37;17;12;26;26;23;14;19;6;20;5;24;14;22;13;3;10;15;20;19.0;Franqueado: Ressarcimento via BSO. Revendedor: Compre itens selecionados de Siàge (Pro Cronology, Pro Cronology curvas, Liso Intenso e Cauterização dos lisos) com até 28% de desconto;;;;;30.0;Franqueado: Ressarcimento via BSO. Consumidor/Revendedor: Itens selecionados PERFUMARIA, SABONETE CORPO, ACESSÓRIOS, INFANTIL, MAQUIAGEM, CABELOS, CUIDADOS COM A PELE, CUIDADOS FACIAIS, CUIDADOS COM A BARBA e DESODORANTES com até 37% de desconto.;Não;Não;Não;Não;Não;Não;Não;Não;16;16;26;0;9;15;30;50;Não;Não;;Não;0;22;33.16;9;Não
13629;C;;55630;LA PIEL DES ANTIT ROL BIOSENSITIVE 55ml;DESODORANTES;DESODORANTE UNISSEX;;;12;2;12;2;5;6;3;0;0;2;0;0;0;0;0;0;0;0;179;0;2;3;;;;;;;28.0;Franqueado: Ressarcimento via BSO. Consumidor/Revendedor: Itens selecionados CABELOS, MAQUIAGEM, CUIDADOS COM A PELE, PERFUMARIA, CUIDADOS COM A BARBA, ACESSÓRIOS, SOLAR, SABONETE CORPO, DESODORANTES e CUIDADOS FACIAIS com até 45% de desconto.;Não;Não;Não;Não;Não;Não;Não;Não;0;4;3;0;0;1;4;4;Não;Não;;Não;0;144;6.77;0;Não
13629;C;;58405;LA PIEL GEL HID BANHO CPO BIOSENS 200g;SABONETE CORPO;CORPO;;;2;0;12;2;1;1;2;1;0;2;2;0;1;1;0;1;4;1;3;3;2;0;50.0;Franqueado: Ressarcimento via BSO. Consumidor/Revendedor: Itens selecionados  com até 60% de desconto.;;;;;"28.0
20.0";"28% LUCRO EXTRA em itens selecionados de La Piel banho. Limitado a 3 unidades por revendedor.
Franqueado: Ressarcimento via BSO. Consumidor/Revendedor: itens selecionados de La Piel  e Imensi com até 23% de desconto";Não;Não;Não;Não;Não;Não;Não;Não;1;0;4;0;5;7;9;9;Não;Não;;Não;0;48;11.47;5;Não
13629;B;BA;93062;LA PIEL LOC DES HID CPO AMBR DOUR 400ml;CUIDADOS COM A PELE;CUIDADOS COM O CORPO;;;10;9;22;21;6;0;1;2;0;0;0;58;11;13;59;9;6;8;3;19;10;12;;;22.0;Franqueado: Ressarcimento via BSO. Consumidor/Revendedor: Itens selecionados de corpo e banho La Piel (hidratante e refil de corpo e mãos) com até 22% de desconto;;;19.0;Franqueado: Ressarcimento via BSO. Consumidor/Revendedor: Itens selecionados CABELOS, MAQUIAGEM, CUIDADOS COM A PELE, PERFUMARIA, CUIDADOS COM A BARBA, ACESSÓRIOS, SOLAR, SABONETE CORPO, DESODORANTES e CUIDADOS FACIAIS com até 45% de desconto.;Não;Não;Não;Não;Não;Não;Não;Não;2;5;25;3;25;37;47;59;Não;Não;;Não;0;24;16.79;25;Não
13629;B;BA;12967;LA VICT CR ACET DES HID CPO 250g V2;CUIDADOS COM A PELE;CUIDADOS COM O CORPO;;;3;4;96;65;6;7;96;9;5;9;53;27;63;1;7;7;5;3;9;8;43;22;;;;;18.0;Franqueado: Ressarcimento via BSO. Consumidor/Revendedor: Itens selecionados de Instance, La Victorie , Eudora Edp e Diva com até 32% de desconto;18.0;Franqueado: Ressarcimento via BSO. Consumidor/Revendedor: Itens selecionados DESODORANTES, PERFUMARIA, CUIDADOS COM A PELE, MAQUIAGEM, CABELOS, ACESSÓRIOS, CUIDADOS FACIAIS, SABONETE CORPO, SOLAR e CUIDADOS COM A BARBA com até 63% de desconto.;Não;Não;Não;Não;Não;Não;Não;Não;13;7;44;3;28;33;76;98;Não;Não;;Não;0;24;29.64;28;Não
13629;A;;52748;LA VICT CR DES HID ACET CPO INTENSE 250g;CUIDADOS COM A PELE;CUIDADOS COM O CORPO;;;2;24;19;135;19;13;6;40;9;21;11;15;7;59;12;3;9;16;3;8;12;12;16.0;Franqueado: Ressarcimento via BSO. Consumidor/Revendedor: Itens selecionados de Instance, La Victorie, Royal e Niina Secrets com até 25% de desconto;;;;;28.0;Consumidor/Revendedor: Compre o combo Natal La Victorie Intense composto por: La Victorie Eau De Parfum Intense 75Ml + La Victorie Intense Creme Acetinado Desodorante Hidratante Corporal 250G, preço de R$389,89 por R$279,90 - 28,21052% de desconto.;Não;Não;Não;Não;Não;Não;Não;Não;12;0;21;15;8;14;26;38;Não;Não;;Não;0;24;29.64;8;Não
13629;B;BA;58640;LA VICTORIE DES BDY SPR INTENSE V2 100ml;DESODORANTES;DESODORANTE FEMININO;;;25;2;50;161;38;46;67;46;29;45;12;172;14;22;31;12;21;6;4;73;42;36;;;11.0;Franqueado: Ressarcimento via BSO. Consumidor/Revendedor: Compre itens selecionados de desodorantes (Instance e La Victorie) com até 18% de desconto;;;;;Não;Não;Não;Não;Não;Não;Não;Não;55;0;91;10;68;115;157;193;Não;Não;;Não;0;85;11.62;68;Não
13629;A;;49543;LA VICTORIE EDP 75ml V2;PERFUMARIA;PERFUMARIA FEMININA;;;3;9;99;62;4;3;6;21;17;3;42;6;37;2;2;15;6;3;5;36;14;12;;;"20.0
10.0
5.0
2.0";"Franqueado: Ressarcimento via BSO. Consumidor/Revendedor: Itens selecionados de perfumaria Eudora com até 22% de desconto
10% de Lucro Extra em itens selecionados de Perfumaria Feminina.
5% de Lucro Extra em itens selecionados de Perfumaria Feminina.
2% de Lucro Extra em itens selecionados de Perfumaria Feminina.";;;;;Não;Não;Não;Não;Não;Não;Não;Não;42;0;44;0;17;40;54;66;Não;Não;;Não;0;30;66.67;17;Não
13629;A;;93548;LA VICTORIE EDP INTENSE 75ml;PERFUMARIA;PERFUMARIA FEMININA;;;28;6;56;42;19;7;17;21;41;129;125;22;14;10;101;20;8;68;3;16;24;26;"25.0
5.0";"Franqueado: Ressarcimento via BSO. Revendedor: Compre itens selecionados de perfumaria Eudora (Eudora EDP, Kiss Me, La Victorie, Velvet, Magnific, Club 6, Eudora H e Pulse) com até 25% de desconto
Lucro Extra em itens selecionados de Perfumaria La Victorie de acordo com a quantidade comprada: 5% de Lucro Extra em 4 unidades ou mais.";;;;;28.0;Consumidor/Revendedor: Compre o combo Natal La Victorie Intense composto por: La Victorie Eau De Parfum Intense 75Ml + La Victorie Intense Creme Acetinado Desodorante Hidratante Corporal 250G, preço de R$389,89 por R$279,90 - 28,21052% de desconto.;Não;Não;Não;Não;Não;Não;Não;Não;20;22;42;0;47;57;81;107;Não;Não;;Não;0;30;66.67;47;Não
13629;B;BA;94879;LITTLE SCRT COL BABY 75ml;INFANTIL;PERFUMARIA;;;0;0;0;0;0;0;0;0;0;0;21;78;6;6;9;2;4;0;;5;6;4;;;;;;;;;Não;Não;Não;Não;Não;Não;Não;Não;10;0;;0;0;0;0;0;Não;Sim;;Não;0;35;30.47;0;Não
13629;B;BB;94886;LITTLE SCRT ESPUM BNH BABY 150ml;INFANTIL;SABONETES;;202616;0;0;0;0;0;0;0;0;0;0;11;56;4;2;3;3;0;0;46;2;2;0;;;;;;;;;Não;Não;Não;Não;Não;Não;Não;Não;17;0;3;0;0;0;0;0;Não;Não;;Não;0;60;14.08;0;Não
13629;A;;58639;LYRA DES BDY SPR V2 100ml;DESODORANTES;DESODORANTE FEMININO;;;0;43;349;400;36;31;21;101;9;37;34;170;5;18;21;19;84;10;4;17;31;20;;;;;;;20.0;Consumidor/Revendedor: Compre o combo Natal Lyra composto por: Eudora Lyra locao desodorante hidratante corporal 150ml + Lyra desodorante body spray v2 100ml, 200 ml, preço de R$100,98 por R$79,90 - 20,87542% de desconto.;Não;Não;Não;Não;Não;Não;Não;Não;15;10;49;15;22;33;64;84;Não;Não;;Não;0;85;11.62;22;Não
13629;A;;87380;LYRA DES COL HAP 75ml;PERFUMARIA;PERFUMARIA FEMININA;;;221;21;31;15;10;5;12;14;32;34;9;18;9;11;2;36;5;13;4;14;22;34;27.0;Franqueado: Ressarcimento via BSO. Consumidor/Revendedor: Itens selecionados  com até 60% de desconto.;;;;;19.0;Franqueado: Ressarcimento via BSO. Revendedor: Compre itens selecionados de perfumaria (Diva, Eudora EDP, Kiss Me, Imensi, Velvet, Lyra, Club 6, Eudora H, Pulse e Volpe) com até 31% de desconto;Não;Não;Não;Não;Não;Não;Não;Não;26;0;38;0;22;31;53;87;Não;Não;;Não;0;40;44.44;22;Não
13629;B;BC;51730;LYRA DES COL JOY 75ml;PERFUMARIA;PERFUMARIA FEMININA;;;5;5;7;6;6;1;9;6;14;4;1;0;0;0;1;1;10;0;13;4;6;12;40.0;Franqueado: Ressarcimento via BSO. Consumidor/Revendedor: Itens selecionados CUIDADOS COM A PELE, PERFUMARIA e SABONETE CORPO com até 40% de desconto.;;;"8.0
7.0
7.0
7.0
6.0
6.0
6.0";"Revendedor Cobre/Bronze: Itens selecionados com até 59,5% de lucro extra.
Revendedor Prata: Itens selecionados com até 59,5% de lucro extra.
Revendedor Ouro: Itens selecionados com até 59,5% de lucro extra.
Revendedor Platina: Itens selecionados com até 59,5% de lucro extra.
Revendedor Diamante: Itens selecionados com até 59,5% de lucro extra.
Revendedor Rubi: Itens selecionados com até 59,5% de lucro extra.
Revendedor Esmeralda: Itens selecionados com até 59,5% de lucro extra.";30.0;Franqueado: Ressarcimento via BSO. Consumidor/Revendedor: Itens selecionados PERFUMARIA, CABELOS, CUIDADOS COM A PELE e ACESSÓRIOS com até 33% de desconto.;Não;Não;Não;Não;Não;Não;Não;Não;9;0;7;6;0;2;8;20;Não;Não;;Não;0;40;44.44;0;Não
13629;E;;57371;LYRA DES COL JOY CONV 10ml;PERFUMARIA;PERFUMARIA FEMININA;;;0;0;0;0;0;0;0;0;0;0;0;0;0;0;0;0;0;0;;0;0;0;;;;;;;;;Não;Não;Não;Não;Não;Não;Não;Não;0;0;;0;0;0;0;0;Não;Não;;Não;0;450;0.52;0;Não
13629;A;;87453;LYRA DES COL V2 75ml;PERFUMARIA;PERFUMARIA FEMININA;;;17;21;31;40;27;42;4;31;5;6;66;35;16;12;51;8;33;4;9;18;90;34;15.0;Lucro Extra Progressivo em Itens Selecionados de Perfumaria Lyra e Magnific, de acordo com a quantidade comprada: 8% de Lucro Extra em 3 a 5 unidades, 15% de Lucro Extra em 6 a 15 unidades. Limitado a 15 unidades por CPF. Válido para Revendedores Selecionados.;;;27.0;Franqueado: Ressarcimento via BSO. Revendedor: Na Beauty Week, compre itens selecionados de perfumaria Eudora (Eudora EDP, Diva, Kiss Me, Velvet, Lyra, Magnific, Club 6, Eudora H, Pulse, Intention, Impression e Volpe) com até 41% de desconto;27.0;Franqueado: Ressarcimento via BSO. Consumidor/Revendedor: Itens selecionados DESODORANTES, PERFUMARIA, CUIDADOS COM A PELE, MAQUIAGEM, CABELOS, ACESSÓRIOS, CUIDADOS FACIAIS, SABONETE CORPO, SOLAR e CUIDADOS COM A BARBA com até 63% de desconto.;Não;Não;Não;Não;Não;Não;Não;Não;4;4;102;22;86;97;187;221;Sim;Não;Crítico;Não;0;40;44.44;86;Não
13629;C;;51780;LYRA LOC DES HID CPO JOY 150ml;CUIDADOS COM A PELE;CUIDADOS COM O CORPO;;;1;9;0;0;0;0;0;0;0;0;0;0;1;5;4;2;2;0;12;2;2;2;43.0;Franqueado: Ressarcimento via BSO. Consumidor/Revendedor: Itens selecionados GIFTS, INFANTIL, CABELOS, ACESSÓRIOS, PERFUMARIA, CUIDADOS COM A BARBA, SABONETE CORPO, CUIDADOS FACIAIS e CUIDADOS COM A PELE com até 52% de desconto.;43.0;Franqueado: Ressarcimento via BSO. Consumidor/Revendedor: Itens selecionados de PERFUMARIA, MAQUIAGEM, CABELOS, CUIDADOS COM A PELE, CUIDADOS FACIAIS, SABONETE CORPO e DESODORANTES com até 50% de desconto.;43.0;Franqueado: Ressarcimento via BSO. Consumidor/Revendedor: Itens selecionados PERFUMARIA, MAQUIAGEM, CUIDADOS COM A PELE, DESODORANTES e SABONETE CORPO com até 50% de desconto.;43.0;Franqueado: Ressarcimento via BSO. Consumidor/Revendedor: Itens selecionados DESODORANTES, PERFUMARIA, CUIDADOS COM A PELE, MAQUIAGEM, CABELOS, ACESSÓRIOS, CUIDADOS FACIAIS, SABONETE CORPO, SOLAR e CUIDADOS COM A BARBA com até 63% de desconto.;Não;Não;Não;Não;Não;Não;Não;Não;0;0;3;2;2;3;5;7;Não;Não;;Não;0;48;13.09;2;Não
13629;B;BB;57476;MAGNIFIC DES BDY SPR V2 100ml;DESODORANTES;DESODORANTE FEMININO;;;12;17;51;52;4;12;21;301;0;2;53;8;8;8;6;4;7;3;3;16;28;18;;;;;19.0;Consumidor/Revendedor: Compre o combo Natal Magnific composto por: Magnific desodorante spray 100ml + Instance FV + Karite + Maracuja + Ameixa 4x80g, preço de R$80,98 por R$64,90 - 19,85675% de desconto.;19.0;Consumidor/Revendedor: Compre o combo Natal Magnific composto por: Magnific desodorante spray 100ml + Instance FV + Karite + Maracuja + Ameixa 4x80g, preço de R$80,98 por R$64,90 - 19,85675% de desconto.;Não;Não;Não;Não;Não;Não;Não;Não;85;0;32;0;0;0;0;16;Não;Não;;Não;0;85;11.62;0;Não
13629;A;;88716;MAGNIFIC DES COL PINK PEONIA 75ml;PERFUMARIA;PERFUMARIA FEMININA;;;0;0;0;0;0;0;0;79;167;53;26;12;9;8;3;2;25;0;12;8;74;29;;;30.0;Revendedor selecionado Inícios de Berçário (até 3 ciclos de vida), ganhe 30% de Lucro Extra em itens selecionados. Limitado a 1 unidade por CPF em seu primeiro pedido no ciclo.;31.0;Franqueado: Ressarcimento via BSO. Revendedor: Na Beauty Week, compre itens selecionados de perfumaria Eudora (Eudora EDP, Diva, Kiss Me, Velvet, Lyra, Magnific, Club 6, Eudora H, Pulse, Intention, Impression e Volpe) com até 41% de desconto;31.0;Franqueado: Ressarcimento via BSO. Consumidor/Revendedor: Itens selecionados DESODORANTES, PERFUMARIA, CUIDADOS COM A PELE, MAQUIAGEM, CABELOS, ACESSÓRIOS, CUIDADOS FACIAIS, SABONETE CORPO, SOLAR e CUIDADOS COM A BARBA com até 63% de desconto.;Não;Não;Não;Não;Não;Não;Não;Não;42;0;80;0;45;50;124;153;Não;Não;;Não;0;35;35.79;45;Não
13629;B;BA;52943;MAGNIFIC DES COL ROUGE CAMELIA 75ml;PERFUMARIA;PERFUMARIA FEMININA;;;5;26;9;2;56;3;5;3;3;20;71;5;1;20;1;4;2;0;13;3;5;3;41.0;Franqueado: Ressarcimento via BSO. Consumidor/Revendedor: Itens selecionados GIFTS, INFANTIL, CABELOS, ACESSÓRIOS, PERFUMARIA, CUIDADOS COM A BARBA, SABONETE CORPO, CUIDADOS FACIAIS e CUIDADOS COM A PELE com até 52% de desconto.;;;;;;;Não;Não;Não;Não;Não;Não;Não;Não;120;0;7;0;0;0;0;0;Não;Não;;Não;0;35;35.79;0;Não
13629;B;BB;71286;MAGNIFIC DES COL VIOLET DAHLIA 75ml;PERFUMARIA;PERFUMARIA FEMININA;;;19;11;14;2;4;41;7;6;15;2;7;6;3;8;24;3;0;1;4;22;6;5;31.0;Franqueado: Ressarcimento via BSO. Consumidor/Revendedor: Itens selecionados MAQUIAGEM, PERFUMARIA e SOLAR com até 39% de desconto.;31.0;Franqueado: Ressarcimento via BSO. Consumidor/Revendedor: Itens selecionados de MAQUIAGEM, PERFUMARIA, SOLAR e CUIDADOS COM A PELE com até 40% de desconto.;;;;;Não;Não;Não;Não;Não;Não;Não;Não;53;0;17;0;0;0;3;8;Não;Não;;Não;0;35;35.79;0;Não
13629;B;BB;93220;MAGNIFIC EDP 75ml;PERFUMARIA;PERFUMARIA FEMININA;;202617;4;0;18;14;1;2;5;5;0;1;5;2;18;3;1;5;3;0;25;4;16;11;15.0;Lucro Extra Progressivo em Itens Selecionados de Perfumaria Lyra e Magnific, de acordo com a quantidade comprada: 8% de Lucro Extra em 3 a 5 unidades, 15% de Lucro Extra em 6 a 15 unidades. Limitado a 15 unidades por CPF. Válido para Revendedores Selecionados.;;;41.0;Franqueado: Ressarcimento via BSO. Revendedor: Na Beauty Week, compre itens selecionados de perfumaria Eudora (Eudora EDP, Diva, Kiss Me, Velvet, Lyra, Magnific, Club 6, Eudora H, Pulse, Intention, Impression e Volpe) com até 41% de desconto;41.0;Franqueado: Ressarcimento via BSO. Consumidor/Revendedor: Itens selecionados DESODORANTES, PERFUMARIA, CUIDADOS COM A PELE, MAQUIAGEM, CABELOS, ACESSÓRIOS, CUIDADOS FACIAIS, SABONETE CORPO, SOLAR e CUIDADOS COM A BARBA com até 63% de desconto.;Não;Não;Não;Não;Não;Não;Não;Não;6;0;15;2;10;12;28;39;Sim;Não;Crítico;Não;0;30;53.08;10;Não
13629;B;BB;52542;MAGNIFIC EDP COLMAR 75ml;PERFUMARIA;PERFUMARIA FEMININA;;;19;2;2;5;18;4;4;2;7;11;3;18;2;6;4;2;1;1;9;4;6;4;18.0;Franqueado: Ressarcimento via BSO. Revendedor: Compre itens selecionados de perfumaria Eudora (Eudora EDP, Kiss Me, La Victorie, Velvet, Magnific, Club 6, Eudora H e Pulse) com até 25% de desconto;;;;;;;Não;Não;Não;Não;Não;Não;Não;Não;19;0;8;0;0;1;7;11;Não;Não;;Não;0;30;53.08;0;Não
13629;E;;59207;MAGNIFIC LOC DES HID CPO RGE/CAMEL 200ml;CUIDADOS COM A PELE;CUIDADOS COM O CORPO;;202616;0;0;0;0;0;0;0;0;0;0;0;0;0;0;0;0;0;0;;0;0;0;;;;;;;;;Não;Não;Não;Não;Não;Não;Não;Não;0;0;;0;0;0;0;0;Não;Não;;Não;0;48;13.58;0;Não
13629;C;;56462;N/DERMO PROT SOL FAC FPS70 DEF COR 1 40g;SOLAR;PROTETOR FACIAL COM COR;;;0;13;4;2;0;2;3;3;1;0;1;1;3;1;4;1;1;1;10;1;2;1;"16.0
7.0";"Franqueado: Ressarcimento via BSO. Consumidor/Revendedor: Compre itens selecionados de cuidados faciais (Neo Dermo) com até 30% de desconto
Franqueado: Ressarcimento via BSO. Consumidor/Revendedor: Compre o combo Neo Dermo composto por: Eudora Neo Dermo hidra mineral mousse micelar 150ml + Eudora Neo Dermo protetor solar FPS 70 40g (cor a escolha), preço de R$ 162,98 por R$ 129,90 - 20% de desconto (7,08155% de desconto adicional)";;;;;;;Não;Não;Não;Não;Não;Não;Não;Não;5;0;3;0;0;0;1;2;Não;Não;;Não;0;80;22.27;0;Não
13629;B;BB;56463;N/DERMO PROT SOL FAC FPS70 DEF COR 2 40g;SOLAR;PROTETOR FACIAL COM COR;;;0;50;6;6;3;5;12;7;9;5;8;7;7;7;19;10;10;9;4;8;10;8;"16.0
7.0";"Franqueado: Ressarcimento via BSO. Consumidor/Revendedor: Compre itens selecionados de cuidados faciais (Neo Dermo) com até 30% de desconto
Franqueado: Ressarcimento via BSO. Consumidor/Revendedor: Compre o combo Neo Dermo composto por: Eudora Neo Dermo hidra mineral mousse micelar 150ml + Eudora Neo Dermo protetor solar FPS 70 40g (cor a escolha), preço de R$ 162,98 por R$ 129,90 - 20% de desconto (7,08155% de desconto adicional)";;;;;;;Não;Não;Não;Não;Não;Não;Não;Não;8;0;14;10;6;11;21;29;Não;Não;;Não;0;80;22.27;6;Não
13629;C;;56464;N/DERMO PROT SOL FAC FPS70 DEF COR 3 40g;SOLAR;PROTETOR FACIAL COM COR;;;0;50;3;0;0;2;4;1;1;0;3;0;0;3;7;0;1;3;5;1;2;1;"16.0
7.0";"Franqueado: Ressarcimento via BSO. Consumidor/Revendedor: Compre itens selecionados de cuidados faciais (Neo Dermo) com até 30% de desconto
Franqueado: Ressarcimento via BSO. Consumidor/Revendedor: Compre o combo Neo Dermo composto por: Eudora Neo Dermo hidra mineral mousse micelar 150ml + Eudora Neo Dermo protetor solar FPS 70 40g (cor a escolha), preço de R$ 162,98 por R$ 129,90 - 20% de desconto (7,08155% de desconto adicional)";;;;;;;Não;Não;Não;Não;Não;Não;Não;Não;0;0;3;0;2;3;5;6;Sim;Não;Crítico;Não;0;80;22.27;2;Não
13629;C;;56465;N/DERMO PROT SOL FAC FPS70 DEF COR 4 40g;SOLAR;PROTETOR FACIAL COM COR;;;0;11;0;0;0;1;5;1;0;0;1;3;0;2;2;1;2;2;3;2;2;2;"16.0
7.0";"Franqueado: Ressarcimento via BSO. Consumidor/Revendedor: Compre itens selecionados de cuidados faciais (Neo Dermo) com até 30% de desconto
Franqueado: Ressarcimento via BSO. Consumidor/Revendedor: Compre o combo Neo Dermo composto por: Eudora Neo Dermo hidra mineral mousse micelar 150ml + Eudora Neo Dermo protetor solar FPS 70 40g (cor a escolha), preço de R$ 162,98 por R$ 129,90 - 20% de desconto (7,08155% de desconto adicional)";;;;;;;Não;Não;Não;Não;Não;Não;Não;Não;0;0;3;1;3;4;6;8;Não;Não;;Não;0;80;22.27;3;Não
13629;B;BC;54073;NEO D/SRUM PREENC A/HIAL ACT/PRO V2 30ml;CUIDADOS FACIAIS;HIDRATANTES E TRATAMENTOS;;;4;3;12;1;0;3;10;2;4;1;6;2;2;4;6;2;3;1;4;4;10;7;"23.0
17.0
16.0
16.0";"Franqueado: Ressarcimento via BSO. Consumidor/Revendedor: Itens selecionados  com até 60% de desconto.
Revendedor Rubi: Compre 50 a 99 itens selecionados de Eudora ou Boti e tenha 15% LE Boti e 10,20% LE Eudora. Compre 100 a 199 itens selecionados de Eudora ou Boti e tenha 20% LE Boti e 13,6% LE Eudora. Compre 200 ou mais itens selecionados de Eudora ou Boti e tenha 25% LE Boti e 17% LE Eudora.
Revendedor Esmeralda: Compre 50 a 99 itens selecionados de Eudora ou Boti e tenha 15% LE Boti e 9,90% LE Eudora. Compre 100 a 199 itens selecionados de Eudora ou Boti e tenha 20% LE Boti e 13,2% LE Eudora. Compre 200 ou mais itens selecionados de Eudora ou Boti e tenha 25% LE Boti e 16,5% LE Eudora.
Revendedor Diamante: Compre 50 a 99 itens selecionados de Eudora ou Boti e tenha 15% LE Boti e 9,75% LE Eudora. Compre 100 a 199 itens selecionados de Eudora ou Boti e tenha 20% LE Boti e 13% LE Eudora. Compre 200 ou mais itens de Eudora ou Boti e tenha 25% LE Boti e 16,25% LE Eudora.";;;30.0;Franqueado: Ressarcimento via BSO. Consumidor/Revendedor: Itens selecionados INFANTIL, ACESSÓRIOS, PERFUMARIA, MAQUIAGEM, CUIDADOS COM A PELE, CABELOS, GIFTS, SABONETE CORPO, CUIDADOS FACIAIS, SOLAR e ÓLEOS com até 63% de desconto.;30.0;Franqueado: Ressarcimento via BSO. Consumidor/Revendedor: Itens selecionados INFANTIL, ACESSÓRIOS, PERFUMARIA, MAQUIAGEM, CUIDADOS COM A PELE, CABELOS, GIFTS, SABONETE CORPO, CUIDADOS FACIAIS, SOLAR e ÓLEOS com até 63% de desconto.;Não;Não;Não;Não;Não;Não;Não;Não;10;0;9;0;3;6;16;23;Não;Não;;Não;0;126;33.88;3;Não
13629;E;;59706;NEO DERMO BALM HID LABIAL HYALURONIC 6g;CUIDADOS FACIAIS;HIDRATANTES E TRATAMENTOS;202612;;0;0;0;0;0;0;0;0;0;0;0;0;0;0;45;11;0;1;3;4;6;0;;;;;;;;;Não;Não;Não;Não;Não;Não;Não;Não;1;0;4;0;4;7;13;13;Sim;Não;Crítico;Não;0;384;9.68;4;Não
13629;C;;52038;NEO DERMO CR ANTIS FAC 30 PRO AGE 50g;CUIDADOS FACIAIS;HIDRATANTES E TRATAMENTOS;;;2;3;1;1;2;2;1;3;0;0;1;9;0;1;2;2;0;0;35;1;2;2;"20.0
7.0";"Franqueado: Ressarcimento via BSO. Consumidor/Revendedor: Compre itens selecionados de cuidados faciais (Neo Dermo) com até 30% de desconto
Lucro Extra em itens selecionados de Faciais Neo Dermo de acordo com a quantidade comprada: 7% de Lucro Extra em 2 unidades ou mais.";;;;;;;Não;Não;Não;Não;Não;Não;Não;Não;3;0;3;0;1;1;3;5;Não;Não;;Não;0;80;25.41;1;Não
13629;C;;52033;NEO DERMO CR ANTIS FAC 45 PRO AGE 50g;CUIDADOS FACIAIS;HIDRATANTES E TRATAMENTOS;;;2;3;6;2;1;8;2;0;0;2;2;3;2;7;3;0;1;0;26;2;2;2;"20.0
7.0";"Franqueado: Ressarcimento via BSO. Consumidor/Revendedor: Compre itens selecionados de cuidados faciais (Neo Dermo) com até 30% de desconto
Lucro Extra em itens selecionados de Faciais Neo Dermo de acordo com a quantidade comprada: 7% de Lucro Extra em 2 unidades ou mais.";;;;;;;Não;Não;Não;Não;Não;Não;Não;Não;3;0;3;0;3;4;6;8;Não;Não;;Não;0;80;25.41;3;Não
13629;B;BC;59683;NEO DERMO CR CONTOR FAC ACTIV/PRO 50g;CUIDADOS FACIAIS;HIDRATANTES E TRATAMENTOS;;;5;3;35;3;1;3;6;3;6;4;4;5;6;8;3;0;2;7;3;4;4;4;"30.0
7.0";"Franqueado: Ressarcimento via BSO. Consumidor/Revendedor: Compre itens selecionados de cuidados faciais (Neo Dermo) com até 30% de desconto
Lucro Extra em itens selecionados de Faciais Neo Dermo de acordo com a quantidade comprada: 7% de Lucro Extra em 2 unidades ou mais.";;;;;;;Não;Não;Não;Não;Não;Não;Não;Não;3;0;6;5;1;4;8;12;Não;Não;;Não;0;96;18.63;1;Não
13629;E;;57072;NEO DERMO CR OLH ACT/PRO RED/OLHEIRA 12g;CUIDADOS FACIAIS;HIDRATANTES E TRATAMENTOS;;;9;0;2;1;3;3;3;2;3;0;0;0;0;0;0;0;0;0;193;2;8;2;;;;;17.0;Franqueado: Ressarcimento via BSO. Consumidor/Revendedor: Compre itens selecionados de faciais (Neo Dermo) com até 17% de desconto;17.0;Franqueado: Ressarcimento via BSO. Consumidor/Revendedor: Itens selecionados DESODORANTES, PERFUMARIA, CUIDADOS COM A PELE, MAQUIAGEM, CABELOS, ACESSÓRIOS, CUIDADOS FACIAIS, SABONETE CORPO, SOLAR e CUIDADOS COM A BARBA com até 63% de desconto.;Não;Não;Não;Não;Não;Não;Não;Não;3;0;4;0;2;3;11;13;Sim;Não;Crítico;Não;0;270;20.57;2;Não
13629;B;BC;59681;NEO DERMO CR OLH RUG/LINH ACTIV/PRO 15g;CUIDADOS FACIAIS;HIDRATANTES E TRATAMENTOS;;;2;1;10;3;4;1;1;1;10;3;5;3;4;7;3;5;2;4;4;3;4;3;"17.0
7.0";"Franqueado: Ressarcimento via BSO. Consumidor/Revendedor: Compre itens selecionados de cuidados faciais (Neo Dermo) com até 30% de desconto
Lucro Extra em itens selecionados de Faciais Neo Dermo de acordo com a quantidade comprada: 7% de Lucro Extra em 2 unidades ou mais.";;;;;;;Não;Não;Não;Não;Não;Não;Não;Não;5;1;5;2;1;3;7;10;Não;Não;;Não;0;192;20.57;1;Não
13629;C;;52036;NEO DERMO CR REPAR PESC/COLO PRO AGE 40g;CUIDADOS FACIAIS;HIDRATANTES E TRATAMENTOS;;;0;0;3;1;0;1;0;2;0;0;1;5;0;0;3;0;0;0;66;0;2;1;"20.0
7.0";"Franqueado: Ressarcimento via BSO. Consumidor/Revendedor: Compre itens selecionados de cuidados faciais (Neo Dermo) com até 30% de desconto
Lucro Extra em itens selecionados de Faciais Neo Dermo de acordo com a quantidade comprada: 7% de Lucro Extra em 2 unidades ou mais.";;;30.0;Franqueado: Ressarcimento via BSO. Consumidor/Revendedor: Itens selecionados MAQUIAGEM, PERFUMARIA, ÓLEOS, ACESSÓRIOS, INFANTIL, CUIDADOS COM A PELE, CABELOS, CUIDADOS FACIAIS e CUIDADOS COM A BARBA com até 51% de desconto.;30.0;Franqueado: Ressarcimento via BSO. Consumidor/Revendedor: Itens selecionados MAQUIAGEM, PERFUMARIA, ÓLEOS, ACESSÓRIOS, INFANTIL, CUIDADOS COM A PELE, CABELOS e CUIDADOS FACIAIS com até 51% de desconto.;Não;Não;Não;Não;Não;Não;Não;Não;0;0;2;0;1;1;3;4;Sim;Não;Crítico;Não;0;96;37.51;1;Não
13629;C;;55670;NEO DERMO CREM HID FAC MULTI EFFECT 50g;CUIDADOS FACIAIS;HIDRATANTES E TRATAMENTOS;;;0;2;2;16;1;6;2;16;0;0;2;1;0;0;3;13;0;1;3;8;2;12;;;22.0;Franqueado: Ressarcimento via BSO. Consumidor/Revendedor: Itens selecionados com até 60% de desconto.;;;20.0;Franqueado: Ressarcimento via BSO. Consumidor/Revendedor: Compre itens selecionados de cuidados faciais (Niina Skin e Neo Dermo) com até 41% de desconto;Não;Não;Não;Não;Não;Não;Não;Não;3;0;8;1;8;13;15;27;Não;Não;;Não;0;96;18.63;8;Não
13629;B;BC;52169;NEO DERMO ESFOLIANTE FAC PURIFIC 75g;CUIDADOS FACIAIS;LIMPEZA;;;3;3;8;18;1;7;3;27;4;3;7;8;3;2;20;2;3;4;3;16;6;4;;;16.0;Franqueado: Ressarcimento via BSO. Consumidor/Revendedor: Itens selecionados com até 60% de desconto.;;;30.0;Consumidor/Revendedor: Compre o combo Natal Neo Dermo composto por: Eudora Neo Dermo Purific Esfoliante Facial 75G + Eudora Neo Dermo Active Pro Sérum Vitamina C 30Ml, preço de R$199,98 por R$139,90 - 30,04300% de desconto.;Não;Não;Não;Não;Não;Não;Não;Não;14;0;12;0;5;15;21;25;Não;Não;;Não;0;108;14.34;5;Não
13629;C;;55671;NEO DERMO GEL CR HID FAC HIDRA/MINER 50g;CUIDADOS FACIAIS;HIDRATANTES E TRATAMENTOS;;;4;11;0;7;0;0;3;3;1;0;0;2;0;20;4;1;2;5;5;2;3;12;22.0;Franqueado: Ressarcimento via BSO. Consumidor/Revendedor: Itens selecionados de Neo Dermo com até 22% de desconto;;;"16.0
15.0
14.0
14.0
13.0
13.0
13.0";"Revendedor Cobre/Bronze: Itens selecionados com até 59,5% de lucro extra.
Revendedor Prata: Itens selecionados com até 59,5% de lucro extra.
Revendedor Ouro: Itens selecionados com até 59,5% de lucro extra.
Revendedor Platina: Itens selecionados com até 59,5% de lucro extra.
Revendedor Diamante: Itens selecionados com até 59,5% de lucro extra.
Revendedor Rubi: Itens selecionados com até 59,5% de lucro extra.
Revendedor Esmeralda: Itens selecionados com até 59,5% de lucro extra.";40.0;Franqueado: Ressarcimento via BSO. Consumidor/Revendedor: Compre itens selecionados de cuidados faciais (Niina Skin e Neo Dermo) com até 41% de desconto;Não;Não;Não;Não;Não;Não;Não;Não;8;0;4;0;1;2;5;17;Não;Não;;Não;0;96;18.63;1;Não
13629;C;;52243;NEO DERMO GEL HID FAC HIDRA MINERAL 30g;CUIDADOS FACIAIS;HIDRATANTES E TRATAMENTOS;;;10;1;10;5;27;0;3;0;2;0;7;1;2;1;7;1;0;0;49;2;2;2;16.0;Franqueado: Ressarcimento via BSO. Consumidor/Revendedor: Itens selecionados  com até 60% de desconto.;;;;;;;Não;Não;Não;Não;Não;Não;Não;Não;4;0;3;1;1;2;4;6;Não;Não;;Não;0;70;26.14;1;Não
13629;B;BB;52168;NEO DERMO GEL LIMP FAC PURIFIC 150g;CUIDADOS FACIAIS;LIMPEZA;;;26;24;12;11;0;4;45;9;12;15;9;38;9;17;40;23;7;4;6;12;42;24;;;;;30.0;Franqueado: Ressarcimento via BSO. Consumidor/Revendedor: Na Beauty Week, compre itens selecionados de cuidados faciais (Niina Skin e Neo Dermo) com até 36% de desconto;30.0;Franqueado: Ressarcimento via BSO. Consumidor/Revendedor: Itens selecionados DESODORANTES, PERFUMARIA, CUIDADOS COM A PELE, MAQUIAGEM, CABELOS, ACESSÓRIOS, CUIDADOS FACIAIS, SABONETE CORPO, SOLAR e CUIDADOS COM A BARBA com até 63% de desconto.;Não;Não;Não;Não;Não;Não;Não;Não;17;0;39;26;6;14;56;80;Não;Não;;Não;0;48;11.95;6;Não
13629;B;BC;57074;NEO DERMO HID FAC UNIFORM ACTIV/PRO 50g;CUIDADOS FACIAIS;HIDRATANTES E TRATAMENTOS;;;5;17;2;3;7;4;6;5;6;1;3;9;2;5;9;8;3;2;3;4;16;4;15.0;Franqueado: Ressarcimento via BSO. Consumidor/Revendedor: Itens selecionados  com até 60% de desconto.;;;"31.0
17.0";"Consumidor/Revendedor: Compre o combo Eudora Neo Dermo composto por: Eudora Neo Dermo sérum concentrado uniformizador active pro 30ml + Eudora Neo Dermo hidratante uniformizador active pro 50g, preço de R$ 216,98 por R$ 139,99 - 35% de desconto (31,34043% de desconto adicional) - Receba 1 hidratante uniformizador na compra do sérum uniformizador
Franqueado: Ressarcimento via BSO. Consumidor/Revendedor: Compre itens selecionados de faciais (Neo Dermo) com até 17% de desconto";35.0;Franqueado: Ressarcimento via BSO. Revendedor: Nessa oferta compre item selecionados da lista DE R$ 216,98 POR R$ 139,90 Desconto total de 35.52401%.;Não;Não;Não;Não;Não;Não;Não;Não;4;0;11;0;11;13;29;33;Sim;Não;Crítico;Não;0;96;18.63;11;Não
13629;C;;52247;NEO DERMO MOUSSE MICLR FAC HID/MIN 150ml;CUIDADOS FACIAIS;LIMPEZA;;;10;3;1;4;2;3;2;1;1;1;1;0;0;0;6;2;1;0;17;1;2;3;"11.0
7.0";"Franqueado: Ressarcimento via BSO. Consumidor/Revendedor: Compre itens selecionados de cuidados faciais (Neo Dermo) com até 30% de desconto
Franqueado: Ressarcimento via BSO. Consumidor/Revendedor: Compre o combo Neo Dermo composto por: Eudora Neo Dermo hidra mineral mousse micelar 150ml + Eudora Neo Dermo protetor solar FPS 70 40g (cor a escolha), preço de R$ 162,98 por R$ 129,90 - 20% de desconto (7,08155% de desconto adicional)";;;;;45.0;Franqueado: Ressarcimento via BSO. Consumidor/Revendedor: Itens selecionados CABELOS, MAQUIAGEM, CUIDADOS COM A PELE, PERFUMARIA, CUIDADOS COM A BARBA, ACESSÓRIOS, SOLAR, SABONETE CORPO, DESODORANTES e CUIDADOS FACIAIS com até 45% de desconto.;Não;Não;Não;Não;Não;Não;Não;Não;2;0;3;0;2;2;4;7;Não;Não;;Não;0;48;17.45;2;Não
13629;B;BB;56526;NEO DERMO PR SOL FAC S/COR FPS50 DEF 40g;SOLAR;PROTETOR FACIAL;;;48;7;61;12;27;5;2;11;3;5;1;0;6;20;4;9;13;2;6;10;10;30;17.0;Franqueado: Ressarcimento via BSO. Consumidor/Revendedor: Itens selecionados MAQUIAGEM, PERFUMARIA e SOLAR com até 39% de desconto.;17.0;Franqueado: Ressarcimento via BSO. Consumidor/Revendedor: Itens selecionados de MAQUIAGEM, PERFUMARIA, SOLAR e CUIDADOS COM A PELE com até 40% de desconto.;;;41.0;Franqueado: Ressarcimento via BSO. Consumidor/Revendedor: Compre itens selecionados de cuidados faciais (Niina Skin e Neo Dermo) com até 41% de desconto;Não;Não;Não;Não;Não;Não;Não;Não;8;0;15;26;0;0;6;36;Não;Não;;Não;0;80;21.03;0;Não
13629;B;BB;56527;NEO DERMO PR SOL FAC S/COR FPS70 DEF 40g;SOLAR;PROTETOR FACIAL;;;21;15;7;2;2;4;21;2;8;9;4;17;9;5;12;24;1;7;2;6;35;22;;;;;33.0;Franqueado: Ressarcimento via BSO. Consumidor: Compre itens selecionados de Neo Dermo (Eudora Neo Dermo protetor solar sem cor FPS 70 40g - 56527) com até 33% de desconto;33.0;Franqueado: Ressarcimento via BSO. Consumidor/Revendedor: Itens selecionados DESODORANTES, PERFUMARIA, CUIDADOS COM A PELE, MAQUIAGEM, CABELOS, ACESSÓRIOS, CUIDADOS FACIAIS, SABONETE CORPO, SOLAR e CUIDADOS COM A BARBA com até 63% de desconto.;Não;Não;Não;Não;Não;Não;Não;Não;6;3;30;10;16;19;54;76;Não;Não;;Não;0;80;22.27;16;Não
13629;C;;52037;NEO DERMO PRO AGE CR ANTIS FAC 60 50g;CUIDADOS FACIAIS;HIDRATANTES E TRATAMENTOS;;;0;0;10;1;3;0;8;0;2;1;5;2;0;2;7;0;3;1;4;2;2;2;"20.0
7.0";"Franqueado: Ressarcimento via BSO. Consumidor/Revendedor: Compre itens selecionados de cuidados faciais (Neo Dermo) com até 30% de desconto
Lucro Extra em itens selecionados de Faciais Neo Dermo de acordo com a quantidade comprada: 7% de Lucro Extra em 2 unidades ou mais.";;;;;;;Não;Não;Não;Não;Não;Não;Não;Não;0;0;3;3;1;2;4;6;Não;Não;;Não;0;80;25.41;1;Não
13629;B;BC;59682;NEO DERMO SERUM LIFT IMED ACTIV/PRO 30ml;CUIDADOS FACIAIS;HIDRATANTES E TRATAMENTOS;;;2;1;18;6;6;1;1;3;4;4;1;0;1;4;6;4;2;5;4;3;8;6;"30.0
7.0";"Franqueado: Ressarcimento via BSO. Consumidor/Revendedor: Compre itens selecionados de cuidados faciais (Neo Dermo) com até 30% de desconto
Lucro Extra em itens selecionados de Faciais Neo Dermo de acordo com a quantidade comprada: 7% de Lucro Extra em 2 unidades ou mais.";;;27.0;Franqueado: Ressarcimento via BSO. Consumidor/Revendedor: Itens selecionados INFANTIL, ACESSÓRIOS, PERFUMARIA, MAQUIAGEM, CUIDADOS COM A PELE, CABELOS, GIFTS, SABONETE CORPO, CUIDADOS FACIAIS, SOLAR e ÓLEOS com até 63% de desconto.;27.0;Franqueado: Ressarcimento via BSO. Consumidor/Revendedor: Itens selecionados INFANTIL, ACESSÓRIOS, PERFUMARIA, MAQUIAGEM, CUIDADOS COM A PELE, CABELOS, GIFTS, SABONETE CORPO, CUIDADOS FACIAIS, SOLAR e ÓLEOS com até 63% de desconto.;Sim;Não;Não;Não;Não;Não;Não;Não;7;0;7;0;6;8;16;22;Não;Não;;Não;0;126;33.88;6;Não
13629;B;BB;57073;NEO DERMO SRUM F CONC UNIF ACT/PRO 30ml;CUIDADOS FACIAIS;HIDRATANTES E TRATAMENTOS;;;8;2;2;2;5;1;7;5;3;1;3;6;2;1;5;11;0;1;6;2;4;2;;;;;31.0;Consumidor/Revendedor: Compre o combo Eudora Neo Dermo composto por: Eudora Neo Dermo sérum concentrado uniformizador active pro 30ml + Eudora Neo Dermo hidratante uniformizador active pro 50g, preço de R$ 216,98 por R$ 139,99 - 35% de desconto (31,34043% de desconto adicional) - Receba 1 hidratante uniformizador na compra do sérum uniformizador;35.0;Franqueado: Ressarcimento via BSO. Revendedor: Nessa oferta compre item selecionados da lista DE R$ 216,98 POR R$ 139,90 Desconto total de 35.52401%.;Não;Não;Não;Não;Não;Não;Não;Não;9;0;5;0;0;0;2;4;Não;Não;;Não;0;126;33.88;0;Não
13629;E;;59689;NEO DERMO SRUM FAC BTX FREEZE 30ml;CUIDADOS FACIAIS;HIDRATANTES E TRATAMENTOS;202612;;0;0;0;0;0;0;0;0;0;0;0;0;0;0;37;9;0;0;44;2;2;0;;;;;;;;;Não;Não;Não;Não;Não;Não;Não;Não;2;0;2;0;1;2;4;4;Sim;Não;Crítico;Não;0;100;33.88;1;Não
13629;C;;53919;NEO DERMO SRUM VITAM C ACTIV/PRO 30ml;CUIDADOS FACIAIS;HIDRATANTES E TRATAMENTOS;;;3;2;5;0;0;0;9;0;1;1;2;1;0;0;5;0;4;1;3;3;2;2;"25.0
17.0
16.0
16.0";"Franqueado: Ressarcimento via BSO. Consumidor/Revendedor: Itens selecionados  com até 60% de desconto.
Revendedor Rubi: Compre 50 a 99 itens selecionados de Eudora ou Boti e tenha 15% LE Boti e 10,20% LE Eudora. Compre 100 a 199 itens selecionados de Eudora ou Boti e tenha 20% LE Boti e 13,6% LE Eudora. Compre 200 ou mais itens selecionados de Eudora ou Boti e tenha 25% LE Boti e 17% LE Eudora.
Revendedor Esmeralda: Compre 50 a 99 itens selecionados de Eudora ou Boti e tenha 15% LE Boti e 9,90% LE Eudora. Compre 100 a 199 itens selecionados de Eudora ou Boti e tenha 20% LE Boti e 13,2% LE Eudora. Compre 200 ou mais itens selecionados de Eudora ou Boti e tenha 25% LE Boti e 16,5% LE Eudora.
Revendedor Diamante: Compre 50 a 99 itens selecionados de Eudora ou Boti e tenha 15% LE Boti e 9,75% LE Eudora. Compre 100 a 199 itens selecionados de Eudora ou Boti e tenha 20% LE Boti e 13% LE Eudora. Compre 200 ou mais itens de Eudora ou Boti e tenha 25% LE Boti e 16,25% LE Eudora.";25.0;Franqueado: Ressarcimento via BSO. Consumidor/Revendedor: Itens selecionados de PERFUMARIA, MAQUIAGEM, CABELOS, CUIDADOS COM A PELE, CUIDADOS FACIAIS, SABONETE CORPO e DESODORANTES com até 50% de desconto.;;;30.0;Consumidor/Revendedor: Compre o combo Natal Neo Dermo composto por: Eudora Neo Dermo Purific Esfoliante Facial 75G + Eudora Neo Dermo Active Pro Sérum Vitamina C 30Ml, preço de R$199,98 por R$139,90 - 30,04300% de desconto.;Não;Não;Não;Não;Não;Não;Não;Não;3;0;4;0;4;6;8;10;Não;Não;;Não;0;126;33.88;4;Não
13629;C;;54525;NIINA SCR BAS LIQ D/T CR COR 25 25ml;MAQUIAGEM;MAQUIAGEM ROSTO;;202617;2;6;3;3;2;2;1;2;6;1;0;1;3;1;0;0;2;0;26;6;2;4;25.0;Franqueado: Ressarcimento via BSO. Consumidor/Revendedor: Itens selecionados Lançamentos NIINA SECRETS com até 45% de desconto.;25.0;Franqueado: Ressarcimento via BSO. Consumidor/Revendedor: Itens selecionados de NIINA SECRETS com até 25% de desconto.;;;25.0;Franqueado: Ressarcimento via BSO. Consumidor/Revendedor: Itens selecionados MAQUIAGEM, ACESSÓRIOS e CUIDADOS COM A PELE com até 51% de desconto.;Não;Sim;Não;Não;Não;Não;Não;Não;7;0;6;0;3;7;9;13;Sim;Não;Crítico;Não;0;102;18.96;3;Não
13629;C;;48101;NIINA SCR BAS LIQ DAIL TIN CR COR 0 25ml;MAQUIAGEM;MAQUIAGEM ROSTO;;202617;0;0;0;0;0;2;1;0;0;1;0;0;1;0;0;1;0;0;37;0;0;0;25.0;Franqueado: Ressarcimento via BSO. Consumidor/Revendedor: Itens selecionados Lançamentos NIINA SECRETS com até 45% de desconto.;25.0;Franqueado: Ressarcimento via BSO. Consumidor/Revendedor: Itens selecionados de NIINA SECRETS com até 25% de desconto.;;;25.0;Franqueado: Ressarcimento via BSO. Consumidor/Revendedor: Itens selecionados MAQUIAGEM, ACESSÓRIOS e CUIDADOS COM A PELE com até 51% de desconto.;Não;Sim;Não;Não;Não;Não;Não;Não;33;0;0;0;0;0;0;0;Sim;Não;Crítico;Não;0;102;18.96;0;Não
13629;C;;48102;NIINA SCR BAS LIQ DAIL TIN CR COR13 25ml;MAQUIAGEM;MAQUIAGEM ROSTO;;202617;2;5;3;3;0;4;3;0;8;1;1;3;2;1;9;3;4;0;21;9;2;4;25.0;Franqueado: Ressarcimento via BSO. Consumidor/Revendedor: Itens selecionados Lançamentos NIINA SECRETS com até 45% de desconto.;25.0;Franqueado: Ressarcimento via BSO. Consumidor/Revendedor: Itens selecionados de NIINA SECRETS com até 25% de desconto.;;;25.0;Franqueado: Ressarcimento via BSO. Consumidor/Revendedor: Itens selecionados MAQUIAGEM, ACESSÓRIOS e CUIDADOS COM A PELE com até 51% de desconto.;Não;Sim;Não;Não;Não;Não;Não;Não;3;0;8;1;9;15;17;21;Não;Não;;Não;0;102;18.96;9;Não
13629;C;;48106;NIINA SCR BAS LIQ DAIL TIN CR COR3 25ml;MAQUIAGEM;MAQUIAGEM ROSTO;;202617;3;2;4;2;0;0;0;1;0;0;0;0;0;0;3;0;1;0;19;4;0;2;25.0;Franqueado: Ressarcimento via BSO. Consumidor/Revendedor: Itens selecionados Lançamentos NIINA SECRETS com até 45% de desconto.;25.0;Franqueado: Ressarcimento via BSO. Consumidor/Revendedor: Itens selecionados de NIINA SECRETS com até 25% de desconto.;;;25.0;Franqueado: Ressarcimento via BSO. Consumidor/Revendedor: Itens selecionados MAQUIAGEM, ACESSÓRIOS e CUIDADOS COM A PELE com até 51% de desconto.;Não;Sim;Não;Não;Não;Não;Não;Não;10;0;3;0;0;0;0;0;Não;Não;;Não;0;102;18.96;0;Não
13629;C;;48104;NIINA SCR BAS LIQ DAIL TIN CR COR35 25ml;MAQUIAGEM;MAQUIAGEM ROSTO;;202617;0;5;3;3;1;2;1;0;5;2;1;2;3;1;4;2;3;0;17;6;2;4;25.0;Franqueado: Ressarcimento via BSO. Consumidor/Revendedor: Itens selecionados Lançamentos NIINA SECRETS com até 45% de desconto.;25.0;Franqueado: Ressarcimento via BSO. Consumidor/Revendedor: Itens selecionados de NIINA SECRETS com até 25% de desconto.;;;25.0;Franqueado: Ressarcimento via BSO. Consumidor/Revendedor: Itens selecionados MAQUIAGEM, ACESSÓRIOS e CUIDADOS COM A PELE com até 51% de desconto.;Não;Sim;Não;Não;Não;Não;Não;Não;2;0;6;1;7;11;13;17;Não;Não;;Não;0;102;18.96;7;Não
13629;C;;48108;NIINA SCR BAS LIQ DAIL TIN CR COR48 25ml;MAQUIAGEM;MAQUIAGEM ROSTO;;202617;4;6;1;5;2;2;0;0;3;1;1;3;3;3;1;5;0;1;8;6;2;4;25.0;Franqueado: Ressarcimento via BSO. Consumidor/Revendedor: Itens selecionados Lançamentos NIINA SECRETS com até 45% de desconto.;25.0;Franqueado: Ressarcimento via BSO. Consumidor/Revendedor: Itens selecionados de NIINA SECRETS com até 25% de desconto.;;;25.0;Franqueado: Ressarcimento via BSO. Consumidor/Revendedor: Itens selecionados MAQUIAGEM, ACESSÓRIOS e CUIDADOS COM A PELE com até 51% de desconto.;Não;Sim;Não;Não;Não;Não;Não;Não;3;0;6;0;7;11;13;17;Sim;Não;Crítico;Não;0;102;18.96;7;Não
13629;C;;48107;NIINA SCR BAS LIQ DAIL TIN CR COR5 25ml;MAQUIAGEM;MAQUIAGEM ROSTO;;202617;1;5;3;2;0;1;1;1;2;2;0;1;3;2;1;3;1;1;6;6;2;4;25.0;Franqueado: Ressarcimento via BSO. Consumidor/Revendedor: Itens selecionados Lançamentos NIINA SECRETS com até 45% de desconto.;"25.0
16.0
15.0
14.0
14.0
13.0
13.0
13.0";"Franqueado: Ressarcimento via BSO. Consumidor/Revendedor: Itens selecionados de NIINA SECRETS com até 25% de desconto.
Revendedor Cobre/Bronze: Itens selecionados com 16% de lucro extra.
Revendedor Prata: Itens selecionados com 15% de lucro extra.
Revendedor Platina: Itens selecionados com 14% de lucro extra.
Revendedor Ouro: Itens selecionados com 14,4% de lucro extra.
Revendedor Diamante: Itens selecionados com 13% de lucro extra.
Revendedor Esmeralda: Itens selecionados com 13,2% de lucro extra.
Revendedor Rubi: Itens selecionados com 13,6% de lucro extra.";"20.0
18.0
18.0
17.0
17.0
16.0
16.0";"Revendedor Cobre/Bronze: Compre itens selecionados e ganhe lucro extra de até 24%.
Revendedor Prata: Compre itens selecionados e ganhe lucro extra de até 22,5%.
Revendedor Ouro: Compre itens selecionados e ganhe lucro extra de até 21,6%.
Revendedor Platina: Compre itens selecionados e ganhe lucro extra de até 21%.
Revendedor Rubi: Compre itens selecionados e ganhe lucro extra de até 20,4%.
Revendedor Diamante: Compre itens selecionados e ganhe lucro extra de até 19,5%.
Revendedor Esmeralda: Compre itens selecionados e ganhe lucro extra de até 19,8%.";"25.0
20.0
18.0
18.0
17.0
17.0
16.0
16.0";"Franqueado: Ressarcimento via BSO. Consumidor/Revendedor: Itens selecionados MAQUIAGEM, ACESSÓRIOS e CUIDADOS COM A PELE com até 51% de desconto.
Revendedor Cobre/Bronze: Compre itens selecionados e ganhe lucro extra de até 24%.
Revendedor Ouro: Compre itens selecionados e ganhe lucro extra de até 21,6%.
Revendedor Prata: Compre itens selecionados e ganhe lucro extra de até 22,5%.
Revendedor Rubi: Compre itens selecionados e ganhe lucro extra de até 20,4%.
Revendedor Platina: Compre itens selecionados e ganhe lucro extra de até 21%.
Revendedor Diamante: Compre itens selecionados e ganhe lucro extra de até 19,5%.
Revendedor Esmeralda: Compre itens selecionados e ganhe lucro extra de até 19,8%.";Não;Sim;Não;Não;Não;Não;Não;Não;17;0;6;0;0;0;0;3;Não;Não;;Não;0;102;18.96;0;Não
13629;E;;48105;NIINA SCR BAS LIQ DAIL TIN CR COR70 25ml;MAQUIAGEM;MAQUIAGEM ROSTO;;202617;0;3;3;0;0;1;0;1;3;0;0;0;0;0;0;0;0;0;195;2;1;2;25.0;Franqueado: Ressarcimento via BSO. Consumidor/Revendedor: Itens selecionados Lançamentos NIINA SECRETS com até 45% de desconto.;25.0;Franqueado: Ressarcimento via BSO. Consumidor/Revendedor: Itens selecionados de NIINA SECRETS com até 25% de desconto.;;;25.0;Franqueado: Ressarcimento via BSO. Consumidor/Revendedor: Itens selecionados MAQUIAGEM, ACESSÓRIOS e CUIDADOS COM A PELE com até 51% de desconto.;Não;Sim;Não;Não;Não;Não;Não;Não;26;0;2;0;0;0;0;0;Não;Não;;Não;0;102;18.96;0;Não
13629;E;;48103;NIINA SCR BAS LIQ DAIL TIN CR COR85 25ml;MAQUIAGEM;MAQUIAGEM ROSTO;;202617;1;3;0;1;0;0;0;0;0;0;0;0;0;0;0;0;0;0;291;0;0;0;25.0;Franqueado: Ressarcimento via BSO. Consumidor/Revendedor: Itens selecionados Lançamentos NIINA SECRETS com até 45% de desconto.;25.0;Franqueado: Ressarcimento via BSO. Consumidor/Revendedor: Itens selecionados de NIINA SECRETS com até 25% de desconto.;;;25.0;Franqueado: Ressarcimento via BSO. Consumidor/Revendedor: Itens selecionados MAQUIAGEM, ACESSÓRIOS e CUIDADOS COM A PELE com até 51% de desconto.;Não;Sim;Não;Não;Não;Não;Não;Não;7;0;0;0;0;0;0;0;Sim;Não;Crítico;Não;0;102;18.96;0;Não
13629;E;;49460;NIINA SCR BAS LIQ DAIL TINT CRM 100 25ml;MAQUIAGEM;MAQUIAGEM ROSTO;;202617;0;0;0;0;0;0;0;0;0;0;0;0;0;0;0;0;0;0;;0;0;0;25.0;Franqueado: Ressarcimento via BSO. Consumidor/Revendedor: Itens selecionados Lançamentos NIINA SECRETS com até 45% de desconto.;25.0;Franqueado: Ressarcimento via BSO. Consumidor/Revendedor: Itens selecionados de NIINA SECRETS com até 25% de desconto.;;;25.0;Franqueado: Ressarcimento via BSO. Consumidor/Revendedor: Itens selecionados MAQUIAGEM, ACESSÓRIOS e CUIDADOS COM A PELE com até 51% de desconto.;Não;Sim;Não;Não;Não;Não;Não;Não;6;0;0;0;0;0;0;0;Sim;Não;Crítico;Não;0;102;18.96;0;Não
13629;E;;49459;NIINA SCR BAS LIQ DAILY TINT CRM 95 25ml;MAQUIAGEM;MAQUIAGEM ROSTO;;202617;0;1;0;0;0;0;1;0;0;0;0;0;0;0;0;0;0;0;232;0;0;0;25.0;Franqueado: Ressarcimento via BSO. Consumidor/Revendedor: Itens selecionados Lançamentos NIINA SECRETS com até 45% de desconto.;25.0;Franqueado: Ressarcimento via BSO. Consumidor/Revendedor: Itens selecionados de NIINA SECRETS com até 25% de desconto.;;;25.0;Franqueado: Ressarcimento via BSO. Consumidor/Revendedor: Itens selecionados MAQUIAGEM, ACESSÓRIOS e CUIDADOS COM A PELE com até 51% de desconto.;Não;Sim;Não;Não;Não;Não;Não;Não;1;0;0;0;0;0;0;0;Não;Não;;Não;0;102;18.96;0;Não
13629;C;;95312;NIINA SCR BAT SFT PETALS MAR/AVELUD 3,6g;MAQUIAGEM;MAQUIAGEM BOCA;;202615;0;0;0;0;0;0;0;0;0;0;0;0;16;5;0;1;3;3;3;0;0;0;;;;;;;11.0;Franqueado: Ressarcimento via BSO. Consumidor/Revendedor: itens selecionados de Niina Secrets com até 25% de desconto;Não;Não;Não;Não;Não;Não;Não;Não;8;0;0;0;0;0;0;0;Sim;Não;Crítico;Não;0;384;15.17;0;Não
13629;E;;59888;NIINA SCRT BAT DUO PERF/MATCH AVEL 1,65g;MAQUIAGEM;MAQUIAGEM BOCA;;;5;1;1;0;7;3;0;0;0;0;0;0;0;0;0;0;0;0;261;1;3;2;;;;;26.0;Franqueado: Ressarcimento via BSO. Consumidor/Revendedor: Itens selecionados INFANTIL, ACESSÓRIOS, PERFUMARIA, MAQUIAGEM, CUIDADOS COM A PELE, CABELOS, GIFTS, SABONETE CORPO, CUIDADOS FACIAIS, SOLAR e ÓLEOS com até 63% de desconto.;26.0;Franqueado: Ressarcimento via BSO. Consumidor/Revendedor: Itens selecionados INFANTIL, ACESSÓRIOS, PERFUMARIA, MAQUIAGEM, CUIDADOS COM A PELE, CABELOS, GIFTS, SABONETE CORPO, CUIDADOS FACIAIS, SOLAR e ÓLEOS com até 63% de desconto.;Não;Não;Não;Não;Não;Não;Não;Não;0;0;2;0;2;3;6;8;Sim;Não;Crítico;Não;0;144;11.84;2;Não
13629;C;;59891;NIINA SCRT BAT DUO PERF/MATCH VERM 1,65g;MAQUIAGEM;MAQUIAGEM BOCA;;;3;1;11;0;0;0;0;1;0;0;0;3;1;0;0;1;4;1;3;2;2;2;39.0;Franqueado: Ressarcimento via BSO. Consumidor/Revendedor: Itens selecionados MAQUIAGEM, PERFUMARIA e SOLAR com até 39% de desconto.;39.0;Franqueado: Ressarcimento via BSO. Consumidor/Revendedor: Itens selecionados de MAQUIAGEM, PERFUMARIA, SOLAR e CUIDADOS COM A PELE com até 40% de desconto.;26.0;Franqueado: Ressarcimento via BSO. Consumidor/Revendedor: Itens selecionados INFANTIL, ACESSÓRIOS, PERFUMARIA, MAQUIAGEM, CUIDADOS COM A PELE, CABELOS, GIFTS, SABONETE CORPO, CUIDADOS FACIAIS, SOLAR e ÓLEOS com até 63% de desconto.;26.0;Franqueado: Ressarcimento via BSO. Consumidor/Revendedor: Itens selecionados INFANTIL, ACESSÓRIOS, PERFUMARIA, MAQUIAGEM, CUIDADOS COM A PELE, CABELOS, GIFTS, SABONETE CORPO, CUIDADOS FACIAIS, SOLAR e ÓLEOS com até 63% de desconto.;Não;Não;Não;Não;Não;Não;Não;Não;5;0;3;0;0;0;2;4;Não;Não;;Não;0;144;11.84;0;Não
13629;C;;59885;NIINA SCRT BLUSH STICK DAILY CORAL 5g;MAQUIAGEM;MAQUIAGEM ROSTO;;;4;1;1;1;1;5;1;6;0;7;4;2;6;2;2;3;4;0;17;7;3;8;17.0;Franqueado: Ressarcimento via BSO. Consumidor/Revendedor: Itens selecionados Lançamentos NIINA SECRETS com até 45% de desconto.;16.0;Franqueado: Ressarcimento via BSO. Consumidor/Revendedor: itens selecionados de Niina Secrets (blush, pó solto, iluminador, batom, máscara de cílios, bruma e esponja de maquiagem) com até 27% de desconto;;;44.0;Franqueado: Ressarcimento via BSO. Consumidor/Revendedor: Itens selecionados MAQUIAGEM, ACESSÓRIOS e CUIDADOS COM A PELE com até 51% de desconto.;Não;Sim;Não;Não;Não;Não;Não;Não;3;0;8;1;8;13;16;24;Sim;Não;Crítico;Não;0;384;14.93;8;Não
13629;C;;59884;NIINA SCRT BLUSH STICK DAILY MALVA 5g;MAQUIAGEM;MAQUIAGEM ROSTO;;;0;0;0;0;0;7;2;3;1;3;4;2;9;3;6;2;1;0;30;9;2;5;17.0;Franqueado: Ressarcimento via BSO. Consumidor/Revendedor: Itens selecionados Lançamentos NIINA SECRETS com até 45% de desconto.;16.0;Franqueado: Ressarcimento via BSO. Consumidor/Revendedor: itens selecionados de Niina Secrets (blush, pó solto, iluminador, batom, máscara de cílios, bruma e esponja de maquiagem) com até 27% de desconto;;;44.0;Franqueado: Ressarcimento via BSO. Consumidor/Revendedor: Itens selecionados MAQUIAGEM, ACESSÓRIOS e CUIDADOS COM A PELE com até 51% de desconto.;Não;Sim;Não;Não;Não;Não;Não;Não;4;0;8;0;9;15;17;22;Não;Não;;Não;0;384;14.93;9;Não
13629;C;;59883;NIINA SCRT BLUSH STICK DAILY ROSA 5g;MAQUIAGEM;MAQUIAGEM ROSTO;;;4;2;0;1;1;6;7;4;1;5;6;4;7;4;3;4;2;0;17;8;3;10;17.0;Franqueado: Ressarcimento via BSO. Consumidor/Revendedor: Itens selecionados Lançamentos NIINA SECRETS com até 45% de desconto.;16.0;Franqueado: Ressarcimento via BSO. Consumidor/Revendedor: itens selecionados de Niina Secrets (blush, pó solto, iluminador, batom, máscara de cílios, bruma e esponja de maquiagem) com até 27% de desconto;;;44.0;Franqueado: Ressarcimento via BSO. Consumidor/Revendedor: Itens selecionados MAQUIAGEM, ACESSÓRIOS e CUIDADOS COM A PELE com até 51% de desconto.;Não;Sim;Não;Não;Não;Não;Não;Não;1;0;9;3;8;13;16;26;Não;Não;;Não;0;384;14.93;8;Não
13629;C;;90300;NIINA SCRT BOLSA GOLD C/ALC PU;ACESSÓRIOS;ORGANIZADOR COSTURÁVEL;;;0;0;0;0;0;0;0;0;0;0;0;0;0;6;0;0;0;0;83;1;1;4;6.0;Franqueado: Ressarcimento via BSO. Consumidor/Revendedor: Itens selecionados  com até 60% de desconto.;;;20.0;Franqueado: Ressarcimento via BSO. Consumidor/Revendedor: Itens selecionados MAQUIAGEM, PERFUMARIA, ÓLEOS, ACESSÓRIOS, INFANTIL, CUIDADOS COM A PELE, CABELOS, CUIDADOS FACIAIS e CUIDADOS COM A BARBA com até 51% de desconto.;20.0;Franqueado: Ressarcimento via BSO. Consumidor/Revendedor: Itens selecionados MAQUIAGEM e ACESSÓRIOS com até 23% de desconto.;Não;Não;Não;Não;Não;Não;Não;Não;18;0;2;0;0;0;0;0;Não;Não;;Não;0;100;27.5;0;Não
13629;E;;89645;NIINA SCRT CHAVEIRO CHARM PINK PU;ACESSÓRIOS;CAPINHA;202611;;0;0;0;0;0;0;0;0;0;0;0;0;0;0;27;0;0;2;8;1;8;15;;;;;20.0;Franqueado: Ressarcimento via BSO. Consumidor/Revendedor: Itens selecionados MAQUIAGEM, PERFUMARIA, ÓLEOS, ACESSÓRIOS, INFANTIL, CUIDADOS COM A PELE, CABELOS, CUIDADOS FACIAIS e CUIDADOS COM A BARBA com até 51% de desconto.;20.0;Franqueado: Ressarcimento via BSO. Consumidor/Revendedor: Itens selecionados MAQUIAGEM, ACESSÓRIOS e CUIDADOS COM A PELE com até 51% de desconto.;Não;Não;Não;Não;Não;Não;Não;Não;2;0;4;0;3;3;11;26;Não;Não;;Não;0;120;19.76;3;Não
13629;C;;56765;NIINA SCRT CLIP CABELO ABS;ACESSÓRIOS;CABELOS;;;0;0;6;0;0;0;0;0;0;0;0;0;1;0;0;1;0;0;53;0;0;0;;;36.0;Franqueado: Ressarcimento via BSO. Consumidor/Revendedor: Itens selecionados MAQUIAGEM, CUIDADOS FACIAIS e ACESSÓRIOS com até 50% de desconto.;48.0;Franqueado: Ressarcimento via BSO. Consumidor/Revendedor: Itens selecionados MAQUIAGEM, PERFUMARIA, ÓLEOS, ACESSÓRIOS, INFANTIL, CUIDADOS COM A PELE, CABELOS, CUIDADOS FACIAIS e CUIDADOS COM A BARBA com até 51% de desconto.;48.0;Franqueado: Ressarcimento via BSO. Consumidor/Revendedor: Itens selecionados MAQUIAGEM, ACESSÓRIOS e CUIDADOS COM A PELE com até 51% de desconto.;Não;Não;Não;Não;Não;Não;Não;Não;2;0;0;0;0;0;0;0;Não;Não;;Não;0;64;19.5;0;Não
13629;B;BB;87456;NIINA SCRT CONTORNO FAC STICK COR 2 5g;MAQUIAGEM;MAQUIAGEM ROSTO;;;0;0;0;0;0;0;0;5;4;15;4;7;7;4;13;5;2;1;10;8;11;6;23.0;Franqueado: Ressarcimento via BSO. Consumidor/Revendedor: Itens selecionados MAQUIAGEM com até 27% de desconto.;"23.0
16.0
15.0
14.0
14.0
13.0
13.0
13.0";"Franqueado: Ressarcimento via BSO. Consumidor/Revendedor: Itens selecionados MAQUIAGEM, CUIDADOS FACIAIS e ACESSÓRIOS com até 50% de desconto.
Revendedor Cobre/Bronze: Itens selecionados com 16% de lucro extra.
Revendedor Prata: Itens selecionados com 15% de lucro extra.
Revendedor Platina: Itens selecionados com 14% de lucro extra.
Revendedor Ouro: Itens selecionados com 14,4% de lucro extra.
Revendedor Diamante: Itens selecionados com 13% de lucro extra.
Revendedor Esmeralda: Itens selecionados com 13,2% de lucro extra.
Revendedor Rubi: Itens selecionados com 13,6% de lucro extra.";23.0;Franqueado: Ressarcimento via BSO. Consumidor/Revendedor: Itens selecionados PERFUMARIA, MAQUIAGEM, CUIDADOS COM A PELE, DESODORANTES e SABONETE CORPO com até 50% de desconto.;23.0;Franqueado: Ressarcimento via BSO. Consumidor/Revendedor: Itens selecionados DESODORANTES, PERFUMARIA, CUIDADOS COM A PELE, MAQUIAGEM, CABELOS, ACESSÓRIOS, CUIDADOS FACIAIS, SABONETE CORPO, SOLAR e CUIDADOS COM A BARBA com até 63% de desconto.;Não;Não;Não;Não;Não;Não;Não;Não;2;0;13;8;7;12;23;29;Não;Não;;Não;0;432;13.27;7;Não
13629;C;;87455;NIINA SCRT CONTORNO STICK COR 1 5g;MAQUIAGEM;MAQUIAGEM ROSTO;;;0;0;0;0;0;0;0;0;1;2;3;3;1;2;5;0;6;3;4;2;3;2;23.0;Franqueado: Ressarcimento via BSO. Consumidor/Revendedor: Itens selecionados MAQUIAGEM com até 27% de desconto.;"23.0
16.0
15.0
14.0
14.0
13.0
13.0
13.0";"Franqueado: Ressarcimento via BSO. Consumidor/Revendedor: Itens selecionados MAQUIAGEM, CUIDADOS FACIAIS e ACESSÓRIOS com até 50% de desconto.
Revendedor Cobre/Bronze: Itens selecionados com 16% de lucro extra.
Revendedor Prata: Itens selecionados com 15% de lucro extra.
Revendedor Platina: Itens selecionados com 14% de lucro extra.
Revendedor Ouro: Itens selecionados com 14,4% de lucro extra.
Revendedor Diamante: Itens selecionados com 13% de lucro extra.
Revendedor Esmeralda: Itens selecionados com 13,2% de lucro extra.
Revendedor Rubi: Itens selecionados com 13,6% de lucro extra.";23.0;Franqueado: Ressarcimento via BSO. Consumidor/Revendedor: Itens selecionados PERFUMARIA, MAQUIAGEM, CUIDADOS COM A PELE, DESODORANTES e SABONETE CORPO com até 50% de desconto.;23.0;Franqueado: Ressarcimento via BSO. Consumidor/Revendedor: Itens selecionados DESODORANTES, PERFUMARIA, CUIDADOS COM A PELE, MAQUIAGEM, CABELOS, ACESSÓRIOS, CUIDADOS FACIAIS, SABONETE CORPO, SOLAR e CUIDADOS COM A BARBA com até 63% de desconto.;Não;Não;Não;Não;Não;Não;Não;Não;11;0;4;0;0;0;0;1;Não;Não;;Não;0;432;13.27;0;Não
13629;B;BA;52318;NIINA SCRT DES COL BLOOM 100ml;PERFUMARIA;PERFUMARIA FEMININA;;202615;1;0;1;4;0;0;0;9;1;2;6;6;1;0;2;0;105;0;12;13;0;0;;;"22.0
10.0
5.0
2.0";"Franqueado: Ressarcimento via BSO. Revendedor: Compre itens selecionados de perfumaria (Eudora EDP, Diva, Imensi, Niina Secrets, Club 6, Eudora H, Pulse e Intention) com até 24% de desconto
10% de Lucro Extra em itens selecionados de Perfumaria Feminina.
5% de Lucro Extra em itens selecionados de Perfumaria Feminina.
2% de Lucro Extra em itens selecionados de Perfumaria Feminina.";"16.0
15.0
14.0
14.0
13.0
13.0
13.0";"Revendedor Cobre/Bronze: Itens selecionados com até 59,5% de lucro extra.
Revendedor Prata: Itens selecionados com até 59,5% de lucro extra.
Revendedor Ouro: Itens selecionados com até 59,5% de lucro extra.
Revendedor Platina: Itens selecionados com até 59,5% de lucro extra.
Revendedor Diamante: Itens selecionados com até 59,5% de lucro extra.
Revendedor Rubi: Itens selecionados com até 59,5% de lucro extra.
Revendedor Esmeralda: Itens selecionados com até 59,5% de lucro extra.";;;Não;Não;Não;Não;Não;Não;Não;Não;53;0;28;0;0;0;0;0;Sim;Não;Crítico;Não;0;42;44.44;0;Não
13629;B;BB;59526;NIINA SCRT DES COL CELEBRATE 100ml;PERFUMARIA;PERFUMARIA FEMININA;;202616;11;0;1;7;9;0;0;7;7;5;13;1;4;2;0;6;3;1;11;10;4;0;;;"22.0
10.0
5.0
2.0";"Franqueado: Ressarcimento via BSO. Consumidor/Revendedor: Itens selecionados de perfumaria Eudora com até 22% de desconto
10% de Lucro Extra em itens selecionados de Perfumaria Feminina.
5% de Lucro Extra em itens selecionados de Perfumaria Feminina.
2% de Lucro Extra em itens selecionados de Perfumaria Feminina.";;;;;Não;Não;Não;Não;Não;Não;Não;Não;10;0;11;0;5;11;15;15;Não;Não;;Não;0;42;44.44;5;Não
13629;C;;87303;NIINA SCRT ESPELHO POCKET LED PINK PS;ACESSÓRIOS;ELETRÔNICOS;;;1;11;3;0;1;2;0;1;0;0;1;1;0;1;0;1;0;0;53;1;2;1;;;;;16.0;Franqueado: Ressarcimento via BSO. Consumidor/Revendedor: Itens selecionados MAQUIAGEM, PERFUMARIA, ÓLEOS, ACESSÓRIOS, INFANTIL, CUIDADOS COM A PELE, CABELOS, CUIDADOS FACIAIS e CUIDADOS COM A BARBA com até 51% de desconto.;16.0;Franqueado: Ressarcimento via BSO. Consumidor/Revendedor: Itens selecionados MAQUIAGEM, PERFUMARIA, ÓLEOS, ACESSÓRIOS, INFANTIL, CUIDADOS COM A PELE, CABELOS e CUIDADOS FACIAIS com até 51% de desconto.;Não;Não;Não;Não;Não;Não;Não;Não;16;0;3;0;0;0;0;0;Não;Não;;Não;0;40;34.41;0;Não
13629;C;;93493;NIINA SCRT ESPNJ MAQUIAGEM FAC PU;ACESSÓRIOS;FUNCIONAIS MAQUIAGEM;;;14;5;4;13;6;6;3;4;2;9;3;3;11;3;11;1;13;0;13;3;5;8;;;;;"16.0
15.0
14.0
14.0
13.0
13.0
13.0";"Revendedor Cobre/Bronze: Itens selecionados com até 24% de lucro extra.
Revendedor Prata: Itens selecionados com até 22,5% de lucro extra.
Revendedor Platina: Itens selecionados com até 21% de lucro extra.
Revendedor Ouro: Itens selecionados com até 21,6% de lucro extra.
Revendedor Rubi: Itens selecionados com até 20,4% de lucro extra.
Revendedor Diamante: Itens selecionados com até 19,5% de lucro extra.
Revendedor Esmeralda: Itens selecionados com até 19,8% de lucro extra.";20.0;Franqueado: Ressarcimento via BSO. Consumidor/Revendedor: Itens selecionados CABELOS, MAQUIAGEM, CUIDADOS COM A PELE, PERFUMARIA, CUIDADOS COM A BARBA, ACESSÓRIOS, SOLAR, SABONETE CORPO, DESODORANTES e CUIDADOS FACIAIS com até 45% de desconto.;Não;Não;Não;Não;Não;Não;Não;Não;0;0;6;7;0;2;7;15;Não;Não;;Não;0;168;11.47;0;Não
13629;C;;87302;NIINA SCRT ESPONJA DE MAQUIAGEM PU;ACESSÓRIOS;FUNCIONAIS MAQUIAGEM;;;3;8;11;10;3;3;12;2;2;2;7;0;2;7;10;3;1;0;15;2;18;8;;;;;32.0;Franqueado: Ressarcimento via BSO. Consumidor/Revendedor: Itens selecionados MAQUIAGEM e ACESSÓRIOS com até 63% de desconto.;32.0;Franqueado: Ressarcimento via BSO. Consumidor/Revendedor: Itens selecionados DESODORANTES, PERFUMARIA, CUIDADOS COM A PELE, MAQUIAGEM, CABELOS, ACESSÓRIOS, CUIDADOS FACIAIS, SABONETE CORPO, SOLAR e CUIDADOS COM A BARBA com até 63% de desconto.;Não;Não;Não;Não;Não;Não;Não;Não;10;0;15;0;6;7;25;33;Não;Não;;Não;0;120;11.44;6;Não
13629;C;;52584;NIINA SCRT HIDRA BALM ROSA 3,2g;MAQUIAGEM;MAQUIAGEM BOCA;;202617;3;3;12;0;0;0;3;3;10;0;0;1;7;3;5;2;1;0;28;1;11;4;;;;;30.0;Franqueado: Ressarcimento via BSO. Consumidor/Revendedor: Itens selecionados MAQUIAGEM e ACESSÓRIOS com até 63% de desconto.;30.0;Franqueado: Ressarcimento via BSO. Consumidor/Revendedor: Itens selecionados DESODORANTES, PERFUMARIA, CUIDADOS COM A PELE, MAQUIAGEM, CABELOS, ACESSÓRIOS, CUIDADOS FACIAIS, SABONETE CORPO, SOLAR e CUIDADOS COM A BARBA com até 63% de desconto.;Não;Não;Não;Não;Não;Não;Não;Não;9;0;9;0;0;1;12;16;Não;Não;;Não;0;672;10.19;0;Não
13629;C;;52583;NIINA SCRT HIDRA BALM VINHO 3,2g;MAQUIAGEM;MAQUIAGEM BOCA;;202617;2;1;61;1;0;0;2;3;5;1;1;1;11;1;4;2;2;0;12;1;15;5;;;;;30.0;Franqueado: Ressarcimento via BSO. Consumidor/Revendedor: Itens selecionados MAQUIAGEM e ACESSÓRIOS com até 63% de desconto.;30.0;Franqueado: Ressarcimento via BSO. Consumidor/Revendedor: Itens selecionados DESODORANTES, PERFUMARIA, CUIDADOS COM A PELE, MAQUIAGEM, CABELOS, ACESSÓRIOS, CUIDADOS FACIAIS, SABONETE CORPO, SOLAR e CUIDADOS COM A BARBA com até 63% de desconto.;Não;Não;Não;Não;Não;Não;Não;Não;13;0;11;0;0;0;14;19;Não;Não;;Não;0;672;10.19;0;Não
13629;B;BC;90108;NIINA SCRT ILUM FAC SOFT PETALS 3g;MAQUIAGEM;MAQUIAGEM ROSTO;;202614;0;0;0;0;0;0;0;0;0;0;0;0;27;21;4;3;0;0;;0;0;0;;;;;;;20.0;Franqueado: Ressarcimento via BSO. Consumidor/Revendedor: Itens selecionados MAQUIAGEM, ACESSÓRIOS e CUIDADOS COM A PELE com até 51% de desconto.;Não;Não;Não;Não;Não;Não;Não;Não;0;0;;4;0;0;0;0;Sim;Sim;Crítico;Não;0;256;15.31;0;Não
13629;C;;59887;NIINA SCRT ILUM LIQ FAC LUMIN BRNZ 10ml;MAQUIAGEM;MAQUIAGEM ROSTO;;;0;0;4;0;1;3;3;0;0;0;3;0;3;0;0;1;1;0;27;4;0;1;11.0;Franqueado: Ressarcimento via BSO. Consumidor/Revendedor: Itens selecionados Lançamentos NIINA SECRETS com até 45% de desconto.;11.0;Franqueado: Ressarcimento via BSO. Consumidor/Revendedor: itens selecionados de Niina Secrets (blush, pó solto, iluminador, batom, máscara de cílios, bruma e esponja de maquiagem) com até 27% de desconto;;;;;Não;Não;Não;Não;Não;Não;Não;Não;4;0;3;0;1;4;4;5;Não;Não;;Não;0;266;16.12;1;Não
13629;C;;59886;NIINA SCRT ILUM LIQ FAC LUMIN ROSE 10ml;MAQUIAGEM;MAQUIAGEM ROSTO;;;2;4;2;5;0;3;3;1;1;1;5;0;3;0;4;1;0;1;4;4;2;2;11.0;Franqueado: Ressarcimento via BSO. Consumidor/Revendedor: Itens selecionados Lançamentos NIINA SECRETS com até 45% de desconto.;11.0;Franqueado: Ressarcimento via BSO. Consumidor/Revendedor: itens selecionados de Niina Secrets (blush, pó solto, iluminador, batom, máscara de cílios, bruma e esponja de maquiagem) com até 27% de desconto;;;;;Não;Não;Não;Não;Não;Não;Não;Não;5;0;5;0;2;5;7;9;Não;Não;;Não;0;266;16.12;2;Não
13629;E;;89648;NIINA SCRT KIT MINI PINCEIS;ACESSÓRIOS;PINCÉIS;202613;;0;0;0;0;0;0;0;0;0;0;0;0;0;0;0;0;0;0;0;36;6;3;;;24.0;Franqueado: Ressarcimento via BSO. Consumidor/Revendedor: Itens selecionados Lançamentos NIINA SECRETS com até 24% de desconto.;;;15.0;Franqueado: Ressarcimento via BSO. Consumidor/Revendedor: Itens selecionados MAQUIAGEM, ACESSÓRIOS e CUIDADOS COM A PELE com até 51% de desconto.;Não;Não;Não;Não;Não;Não;Não;Não;0;20;14;0;10;33;39;42;Não;Não;;Não;0;48;30.37;10;Não
13629;C;;94505;NIINA SCRT LIP OIL SH/FLW ROS/SUBLIM 7ml;MAQUIAGEM;MAQUIAGEM BOCA;;;0;0;0;56;3;1;2;2;2;2;0;0;0;0;0;2;1;1;10;0;2;2;18.0;Franqueado: Ressarcimento via BSO. Consumidor/Revendedor: Itens selecionados  com até 60% de desconto.;;;18.0;Franqueado: Ressarcimento via BSO. Consumidor/Revendedor: Itens selecionados MAQUIAGEM, PERFUMARIA, ÓLEOS, ACESSÓRIOS, INFANTIL, CUIDADOS COM A PELE, CABELOS, CUIDADOS FACIAIS e CUIDADOS COM A BARBA com até 51% de desconto.;18.0;Franqueado: Ressarcimento via BSO. Consumidor/Revendedor: Itens selecionados MAQUIAGEM, PERFUMARIA, ÓLEOS, ACESSÓRIOS, INFANTIL, CUIDADOS COM A PELE, CABELOS e CUIDADOS FACIAIS com até 51% de desconto.;Não;Não;Não;Não;Não;Não;Não;Não;8;0;2;0;0;0;0;0;Não;Não;;Não;0;266;13.04;0;Não
13629;C;;54612;NIINA SCRT LIP OIL SHIN FLOW R/CENT 7ml;MAQUIAGEM;MAQUIAGEM BOCA;;;2;7;5;2;2;1;1;3;2;0;6;1;0;1;16;1;0;1;9;7;1;10;27.0;Franqueado: Ressarcimento via BSO. Consumidor/Revendedor: Itens selecionados Lançamentos NIINA SECRETS com até 45% de desconto.;27.0;Franqueado: Ressarcimento via BSO. Consumidor/Revendedor: itens selecionados de Niina Secrets (blush, pó solto, iluminador, batom, máscara de cílios, bruma e esponja de maquiagem) com até 27% de desconto;;;27.0;Franqueado: Ressarcimento via BSO. Consumidor/Revendedor: Itens selecionados MAQUIAGEM, ACESSÓRIOS e CUIDADOS COM A PELE com até 51% de desconto.;Não;Não;Não;Não;Não;Não;Não;Não;12;0;7;0;0;4;5;15;Não;Não;;Não;0;266;13.04;0;Não
13629;B;BB;54613;NIINA SCRT LIP OIL SHIN FLOW R/SILV 7ml;MAQUIAGEM;MAQUIAGEM BOCA;;;9;22;5;4;2;7;8;4;4;4;20;5;6;2;32;8;1;3;4;20;5;26;27.0;Franqueado: Ressarcimento via BSO. Consumidor/Revendedor: Itens selecionados Lançamentos NIINA SECRETS com até 45% de desconto.;27.0;Franqueado: Ressarcimento via BSO. Consumidor/Revendedor: itens selecionados de Niina Secrets (blush, pó solto, iluminador, batom, máscara de cílios, bruma e esponja de maquiagem) com até 27% de desconto;;;27.0;Franqueado: Ressarcimento via BSO. Consumidor/Revendedor: Itens selecionados MAQUIAGEM, ACESSÓRIOS e CUIDADOS COM A PELE com até 51% de desconto.;Não;Não;Não;Não;Não;Não;Não;Não;9;0;19;10;14;27;32;58;Não;Não;;Não;0;266;13.04;14;Não
13629;B;BB;54516;NIINA SCRT MASC CILIO SUPER BOLD 10g;MAQUIAGEM;MAQUIAGEM OLHOS;;;9;9;67;21;0;0;13;6;20;8;10;3;21;11;8;44;9;0;14;14;14;14;11.0;Franqueado: Ressarcimento via BSO. Consumidor/Revendedor: Itens selecionados Lançamentos NIINA SECRETS com até 45% de desconto.;11.0;Franqueado: Ressarcimento via BSO. Consumidor/Revendedor: itens selecionados de Niina Secrets (blush, pó solto, iluminador, batom, máscara de cílios, bruma e esponja de maquiagem) com até 27% de desconto;;;11.0;Franqueado: Ressarcimento via BSO. Consumidor/Revendedor: Itens selecionados MAQUIAGEM, CUIDADOS FACIAIS e PERFUMARIA com até 45% de desconto.;Não;Não;Não;Não;Não;Não;Não;Não;3;0;21;0;25;34;48;62;Sim;Não;Crítico;Não;0;228;17.3;25;Não
13629;C;;86603;NIINA SCRT MASC/CIL SUP BOLD NEUTR 10g;MAQUIAGEM;MAQUIAGEM OLHOS;;;0;3;0;3;3;10;0;0;1;0;0;0;0;0;0;0;0;3;8;0;1;3;;;;;;;18.0;Franqueado: Ressarcimento via BSO. Consumidor/Revendedor: Itens selecionados MAQUIAGEM, CUIDADOS FACIAIS e PERFUMARIA com até 45% de desconto.;Não;Não;Não;Não;Não;Não;Não;Não;0;0;1;0;1;1;2;5;Não;Não;;Não;0;228;13.04;1;Não
13629;C;;56679;NIINA SCRT MASSAGEADOR FACIAL ALUM;ACESSÓRIOS;ELETRÔNICOS;;;0;3;5;0;0;0;1;0;1;0;0;0;0;1;0;0;1;0;19;1;1;1;50.0;Franqueado: Ressarcimento via BSO. Consumidor/Revendedor: Itens selecionados  com até 60% de desconto.;50.0;Franqueado: Ressarcimento via BSO. Consumidor/Revendedor: Itens selecionados MAQUIAGEM, CUIDADOS FACIAIS e ACESSÓRIOS com até 50% de desconto.;50.0;Franqueado: Ressarcimento via BSO. Consumidor/Revendedor: Itens selecionados MAQUIAGEM, PERFUMARIA, ÓLEOS, ACESSÓRIOS, INFANTIL, CUIDADOS COM A PELE, CABELOS, CUIDADOS FACIAIS e CUIDADOS COM A BARBA com até 51% de desconto.;50.0;Franqueado: Ressarcimento via BSO. Consumidor/Revendedor: Itens selecionados MAQUIAGEM, PERFUMARIA, ÓLEOS, ACESSÓRIOS, INFANTIL, CUIDADOS COM A PELE, CABELOS e CUIDADOS FACIAIS com até 51% de desconto.;Não;Não;Não;Não;Não;Não;Não;Não;3;0;2;0;0;0;1;2;Não;Não;;Não;0;84;37.27;0;Não
13629;C;;53767;NIINA SCRT PINCEL BASE DENSITY;ACESSÓRIOS;PINCÉIS;;;0;2;5;2;0;0;4;0;1;0;0;1;2;1;2;0;2;0;20;2;2;2;"28.0
26.0
25.0
24.0
23.0
23.0
22.0";"Revendedor Cobre/Bronze: Itens selecionados com até 44% de lucro extra.
Revendedor Prata: Itens selecionados com até 41,25% de lucro extra.
Revendedor Ouro: Itens selecionados com até 39,6% de lucro extra.
Revendedor Platina: Itens selecionados com até 38,5% de lucro extra.
Revendedor Rubi: Itens selecionados com até 37,4% de lucro extra.
Revendedor Esmeralda: Itens selecionados com até 36,3% de lucro extra.
Revendedor Diamante: Itens selecionados com até 35,75% de lucro extra.";11.0;Franqueado: Ressarcimento via BSO. Consumidor/Revendedor: Itens selecionados MAQUIAGEM, CUIDADOS FACIAIS e ACESSÓRIOS com até 50% de desconto.;17.0;Franqueado: Ressarcimento via BSO. Consumidor/Revendedor: Itens selecionados MAQUIAGEM, PERFUMARIA, ÓLEOS, ACESSÓRIOS, INFANTIL, CUIDADOS COM A PELE, CABELOS, CUIDADOS FACIAIS e CUIDADOS COM A BARBA com até 51% de desconto.;17.0;Franqueado: Ressarcimento via BSO. Consumidor/Revendedor: Itens selecionados MAQUIAGEM, ACESSÓRIOS e CUIDADOS COM A PELE com até 51% de desconto.;Não;Não;Não;Não;Não;Não;Não;Não;4;0;3;0;1;2;4;6;Sim;Não;Crítico;Não;0;120;22.65;1;Não
13629;C;;57781;NIINA SCRT PINCEL BASE KABUKI;ACESSÓRIOS;PINCÉIS;;;2;4;3;0;1;3;1;2;0;2;1;1;0;1;1;3;0;0;39;1;1;2;;;;;;;17.0;Franqueado: Ressarcimento via BSO. Consumidor/Revendedor: itens selecionados de pincéis e necessaire Niina Secrets com até 17% de desconto;Não;Não;Não;Não;Não;Não;Não;Não;8;0;2;0;0;0;0;0;Não;Não;;Não;0;60;22.65;0;Não
13629;C;;56672;NIINA SCRT PINCEL BLUSH PS;ACESSÓRIOS;PINCÉIS;;;3;1;6;1;2;1;1;2;1;3;0;1;0;3;4;1;1;0;20;1;6;2;;;;;20.0;Franqueado: Ressarcimento via BSO. Consumidor/Revendedor: Itens selecionados MAQUIAGEM e ACESSÓRIOS com até 63% de desconto.;20.0;Franqueado: Ressarcimento via BSO. Consumidor/Revendedor: Itens selecionados DESODORANTES, PERFUMARIA, CUIDADOS COM A PELE, MAQUIAGEM, CABELOS, ACESSÓRIOS, CUIDADOS FACIAIS, SABONETE CORPO, SOLAR e CUIDADOS COM A BARBA com até 63% de desconto.;Não;Não;Não;Não;Não;Não;Não;Não;2;0;5;0;3;4;10;12;Não;Não;;Não;0;60;20.93;3;Não
13629;C;;56671;NIINA SCRT PINCEL CONTORNO PS;ACESSÓRIOS;PINCÉIS;;;1;1;5;1;0;4;1;1;1;2;1;0;1;4;2;0;3;1;11;1;1;3;14.0;Franqueado: Ressarcimento via BSO. Consumidor/Revendedor: Itens selecionados de Eudora Make (Base Skin Control), Glam (Eudora Glam Lapiseira Retrátil Para Sobrancelhas E Eudora Blush Unitário) e Niina Secrets (Niina Pincel Contorno) com até 50% de desconto;;;;;21.0;Franqueado: Ressarcimento via BSO. Consumidor/Revendedor: Itens selecionados MAQUIAGEM e ACESSÓRIOS com até 23% de desconto.;Não;Não;Não;Não;Não;Não;Não;Não;0;0;2;2;0;0;1;4;Não;Não;;Não;0;60;20.07;0;Não
13629;C;;56670;NIINA SCRT PINCEL ILUMINADOR PS;ACESSÓRIOS;PINCÉIS;;;0;0;6;2;0;1;0;1;0;0;0;0;0;0;1;4;0;0;37;2;2;2;;;50.0;Franqueado: Ressarcimento via BSO. Consumidor/Revendedor: Itens selecionados MAQUIAGEM, CUIDADOS FACIAIS e ACESSÓRIOS com até 50% de desconto.;30.0;Franqueado: Ressarcimento via BSO. Consumidor/Revendedor: Itens selecionados MAQUIAGEM e ACESSÓRIOS com até 44% de desconto.;30.0;Franqueado: Ressarcimento via BSO. Consumidor/Revendedor: Itens selecionados DESODORANTES, PERFUMARIA, CUIDADOS COM A PELE, MAQUIAGEM, CABELOS, ACESSÓRIOS, CUIDADOS FACIAIS, SABONETE CORPO, SOLAR e CUIDADOS COM A BARBA com até 63% de desconto.;Não;Não;Não;Não;Não;Não;Não;Não;16;0;3;0;0;0;0;0;Não;Não;;Não;0;60;20.07;0;Não
13629;E;;90818;NIINA SCRT PINCEL MULTIF MINI;ACESSÓRIOS;PINCÉIS;202614;;0;0;0;0;0;0;0;0;0;0;0;0;0;0;0;0;0;0;;0;0;0;;;;;;;10.0;Franqueado: Ressarcimento via BSO. Consumidor/Revendedor: Itens selecionados MAQUIAGEM, ACESSÓRIOS e CUIDADOS COM A PELE com até 51% de desconto.;Não;Não;Não;Não;Não;Não;Não;Não;0;0;;0;0;0;0;0;Não;Não;;Não;0;270;14.33;0;Não
13629;C;;56675;NIINA SCRT PINCEL MULTIFUNCIONAL PS;ACESSÓRIOS;PINCÉIS;;;0;0;4;2;0;2;0;5;1;1;2;3;2;0;1;6;1;0;28;2;2;4;;;"16.0
15.0
14.0
14.0
13.0
13.0
13.0";"Revendedor Cobre/Bronze: Itens selecionados com até 24% de lucro extra.
Revendedor Prata: Itens selecionados com até 22,5% de lucro extra.
Revendedor Platina: Itens selecionados com até 21% de lucro extra.
Revendedor Ouro: Itens selecionados com até 21,6% de lucro extra.
Revendedor Diamante: Itens selecionados com até 19,5% de lucro extra.
Revendedor Esmeralda: Itens selecionados com até 19,8% de lucro extra.
Revendedor Rubi: Itens selecionados com até 20,4% de lucro extra.";;;17.0;Franqueado: Ressarcimento via BSO. Consumidor/Revendedor: itens selecionados de pincéis e necessaire Niina Secrets com até 17% de desconto;Não;Não;Não;Não;Não;Não;Não;Não;4;0;3;0;0;1;3;7;Não;Não;;Não;0;60;20.93;0;Não
13629;C;;56674;NIINA SCRT PINCEL PO PS;ACESSÓRIOS;PINCÉIS;;;2;0;6;1;0;5;0;0;0;4;1;0;0;3;2;1;1;1;2;1;5;2;;;;;36.0;Franqueado: Ressarcimento via BSO. Consumidor/Revendedor: Itens selecionados MAQUIAGEM e ACESSÓRIOS com até 63% de desconto.;36.0;Franqueado: Ressarcimento via BSO. Consumidor/Revendedor: Itens selecionados DESODORANTES, PERFUMARIA, CUIDADOS COM A PELE, MAQUIAGEM, CABELOS, ACESSÓRIOS, CUIDADOS FACIAIS, SABONETE CORPO, SOLAR e CUIDADOS COM A BARBA com até 63% de desconto.;Não;Não;Não;Não;Não;Não;Não;Não;5;0;5;0;0;1;6;8;Não;Não;;Não;0;60;22.65;0;Não
13629;C;;89180;NIINA SCRT PINCEL RETR MULTIF PINK PS;ACESSÓRIOS;PINCÉIS;;;0;0;0;0;0;0;0;0;0;0;0;0;9;1;3;0;3;1;10;2;2;3;12.0;Franqueado: Ressarcimento via BSO. Consumidor/Revendedor: Itens selecionados  com até 60% de desconto.;;;;;18.0;Franqueado: Ressarcimento via BSO. Consumidor/Revendedor: Itens selecionados MAQUIAGEM e ACESSÓRIOS com até 23% de desconto.;Não;Não;Não;Não;Não;Não;Não;Não;1;0;3;0;3;4;6;9;Não;Não;;Não;0;120;22.91;3;Não
13629;C;;55731;NIINA SCRT PO SOLTO P/M COR 1 12g;MAQUIAGEM;MAQUIAGEM ROSTO;;;8;1;11;3;0;1;0;0;6;2;1;3;5;0;6;5;0;1;8;4;2;1;24.0;Franqueado: Ressarcimento via BSO. Consumidor/Revendedor: Itens selecionados Lançamentos NIINA SECRETS com até 45% de desconto.;24.0;Franqueado: Ressarcimento via BSO. Consumidor/Revendedor: itens selecionados de Niina Secrets (blush, pó solto, iluminador, batom, máscara de cílios, bruma e esponja de maquiagem) com até 27% de desconto;;;;;Não;Não;Não;Não;Não;Não;Não;Não;1;0;4;0;5;7;9;10;Sim;Não;Crítico;Não;0;116;17.3;5;Não
13629;C;;55732;NIINA SCRT PO SOLTO P/M COR 2 12g;MAQUIAGEM;MAQUIAGEM ROSTO;;;8;2;20;1;0;0;7;4;12;1;3;4;9;5;0;10;2;2;10;10;4;3;24.0;Franqueado: Ressarcimento via BSO. Consumidor/Revendedor: Itens selecionados Lançamentos NIINA SECRETS com até 45% de desconto.;24.0;Franqueado: Ressarcimento via BSO. Consumidor/Revendedor: itens selecionados de Niina Secrets (blush, pó solto, iluminador, batom, máscara de cílios, bruma e esponja de maquiagem) com até 27% de desconto;;;;;Não;Não;Não;Não;Não;Não;Não;Não;7;0;9;0;9;16;20;23;Sim;Não;Crítico;Não;0;116;17.3;9;Não
13629;C;;55733;NIINA SCRT PO SOLTO P/M COR 3 12g;MAQUIAGEM;MAQUIAGEM ROSTO;;;6;2;19;3;4;4;4;2;9;4;2;2;5;2;1;0;2;1;6;8;3;2;24.0;Franqueado: Ressarcimento via BSO. Consumidor/Revendedor: Itens selecionados Lançamentos NIINA SECRETS com até 45% de desconto.;24.0;Franqueado: Ressarcimento via BSO. Consumidor/Revendedor: itens selecionados de Niina Secrets (blush, pó solto, iluminador, batom, máscara de cílios, bruma e esponja de maquiagem) com até 27% de desconto;;;;;Não;Não;Não;Não;Não;Não;Não;Não;11;0;7;0;1;7;10;12;Sim;Não;Crítico;Não;0;116;17.3;1;Não
13629;C;;55734;NIINA SCRT PO SOLTO P/M COR 4 12g;MAQUIAGEM;MAQUIAGEM ROSTO;;;5;1;9;0;1;1;3;0;3;0;2;1;5;0;0;6;4;1;9;3;1;1;24.0;Franqueado: Ressarcimento via BSO. Consumidor/Revendedor: Itens selecionados Lançamentos NIINA SECRETS com até 45% de desconto.;24.0;Franqueado: Ressarcimento via BSO. Consumidor/Revendedor: itens selecionados de Niina Secrets (blush, pó solto, iluminador, batom, máscara de cílios, bruma e esponja de maquiagem) com até 27% de desconto;;;;;Não;Não;Não;Não;Não;Não;Não;Não;2;0;3;1;2;4;5;6;Não;Não;;Não;0;116;17.3;2;Não
13629;C;;54506;NIINA SCRT PRIMER FAC HIDRA GLOW 16ml;MAQUIAGEM;MAQUIAGEM ROSTO;;;2;3;54;2;2;3;1;4;1;2;4;2;8;2;6;9;1;0;31;2;25;12;;;;;63.0;Franqueado: Ressarcimento via BSO. Consumidor/Revendedor: Itens selecionados MAQUIAGEM e ACESSÓRIOS com até 63% de desconto.;63.0;Franqueado: Ressarcimento via BSO. Consumidor/Revendedor: Itens selecionados DESODORANTES, PERFUMARIA, CUIDADOS COM A PELE, MAQUIAGEM, CABELOS, ACESSÓRIOS, CUIDADOS FACIAIS, SABONETE CORPO, SOLAR e CUIDADOS COM A BARBA com até 63% de desconto.;Não;Não;Não;Não;Não;Não;Não;Não;11;0;20;0;10;11;36;48;Sim;Não;Crítico;Não;0;330;19.67;10;Não
13629;E;;54527;NIINA SECRETS BAS LIQ D/T CR COR 60 25ml;MAQUIAGEM;MAQUIAGEM ROSTO;;202617;0;4;0;0;0;1;0;1;0;0;0;0;0;0;0;0;0;0;220;2;0;0;25.0;Franqueado: Ressarcimento via BSO. Consumidor/Revendedor: Itens selecionados Lançamentos NIINA SECRETS com até 45% de desconto.;25.0;Franqueado: Ressarcimento via BSO. Consumidor/Revendedor: Itens selecionados de NIINA SECRETS com até 25% de desconto.;;;25.0;Franqueado: Ressarcimento via BSO. Consumidor/Revendedor: Itens selecionados MAQUIAGEM, ACESSÓRIOS e CUIDADOS COM A PELE com até 51% de desconto.;Não;Sim;Não;Não;Não;Não;Não;Não;16;0;1;0;0;0;0;0;Sim;Não;Crítico;Não;0;102;18.96;0;Não
13629;C;;01062;NIINA SECRETS DES COL 100ml;PERFUMARIA;PERFUMARIA FEMININA;;;1;5;11;9;1;1;8;9;3;1;0;6;1;0;2;6;1;0;17;2;2;4;19.0;Franqueado: Ressarcimento via BSO. Consumidor/Revendedor: Itens selecionados MAQUIAGEM, PERFUMARIA e SOLAR com até 39% de desconto.;19.0;Franqueado: Ressarcimento via BSO. Consumidor/Revendedor: Itens selecionados de MAQUIAGEM, PERFUMARIA, SOLAR e CUIDADOS COM A PELE com até 40% de desconto.;;;19.0;Franqueado: Ressarcimento via BSO. Consumidor/Revendedor: Itens selecionados MAQUIAGEM, CUIDADOS FACIAIS e PERFUMARIA com até 45% de desconto.;Não;Não;Não;Não;Não;Não;Não;Não;5;0;3;0;0;1;3;7;Não;Não;;Não;0;42;44.44;0;Não
13629;C;;56676;NIINA SECRETS ESPONJA MAQ PINK PUFF PES;ACESSÓRIOS;FUNCIONAIS MAQUIAGEM;;;4;8;23;7;6;3;23;3;16;6;8;3;0;7;13;5;2;2;10;13;5;4;17.0;Franqueado: Ressarcimento via BSO. Consumidor/Revendedor: Itens selecionados  com até 60% de desconto.;17.0;Franqueado: Ressarcimento via BSO. Consumidor/Revendedor: itens selecionados de Niina Secrets (blush, pó solto, iluminador, batom, máscara de cílios, bruma e esponja de maquiagem) com até 27% de desconto;;;;;Não;Não;Não;Não;Não;Não;Não;Não;1;0;11;8;7;16;21;25;Não;Não;;Não;0;360;6.59;7;Não
13629;C;;52582;NIINA SECRETS GLOS CRYST JASPE 7ml;MAQUIAGEM;MAQUIAGEM BOCA;;;3;1;39;1;3;2;6;2;2;2;11;1;3;3;14;1;10;0;18;2;2;12;;;;;;;25.0;Franqueado: Ressarcimento via BSO. Consumidor/Revendedor: itens selecionados de Niina Secrets com até 25% de desconto;Não;Não;Não;Não;Não;Não;Não;Não;6;0;3;0;0;0;2;14;Não;Não;;Não;0;266;14.22;0;Não
13629;C;;52585;NIINA SECRETS GLOS CRYST MOON STONE 7ml;MAQUIAGEM;MAQUIAGEM BOCA;;202617;2;2;31;2;2;6;2;1;0;3;8;1;1;4;16;0;7;2;10;8;2;11;;;20.0;Franqueado: Ressarcimento via BSO. Consumidor/Revendedor: Itens selecionados de PERFUMARIA, MAQUIAGEM, CABELOS, CUIDADOS COM A PELE, CUIDADOS FACIAIS, SABONETE CORPO e DESODORANTES com até 50% de desconto.;;;25.0;Franqueado: Ressarcimento via BSO. Consumidor/Revendedor: itens selecionados de Niina Secrets com até 25% de desconto;Não;Não;Não;Não;Não;Não;Não;Não;2;0;8;3;7;12;14;25;Não;Não;;Não;0;266;14.22;7;Não
13629;B;BB;09400;NIINA SECRETS GLOSS CRYSTAL RUBI 7ml;MAQUIAGEM;MAQUIAGEM BOCA;;;6;5;32;0;0;0;0;2;5;6;19;2;3;4;38;4;3;2;4;2;3;10;;;;;;;25.0;Franqueado: Ressarcimento via BSO. Consumidor/Revendedor: itens selecionados de Niina Secrets com até 25% de desconto;Não;Não;Não;Não;Não;Não;Não;Não;0;0;4;1;3;5;8;18;Não;Não;;Não;0;266;14.22;3;Não
13629;C;;87308;NIINA SECRETS KIT PINCEIS P/OLHOS;ACESSÓRIOS;PINCÉIS;;;2;2;8;5;1;9;2;2;2;0;8;5;1;4;2;5;3;2;10;2;15;4;;;;;28.0;Franqueado: Ressarcimento via BSO. Consumidor/Revendedor: Itens selecionados MAQUIAGEM e ACESSÓRIOS com até 63% de desconto.;28.0;Franqueado: Ressarcimento via BSO. Consumidor/Revendedor: Itens selecionados DESODORANTES, PERFUMARIA, CUIDADOS COM A PELE, MAQUIAGEM, CABELOS, ACESSÓRIOS, CUIDADOS FACIAIS, SABONETE CORPO, SOLAR e CUIDADOS COM A BARBA com até 63% de desconto.;Não;Não;Não;Não;Não;Não;Não;Não;15;0;11;0;0;0;14;18;Não;Não;;Não;0;36;20.07;0;Não
13629;E;;57025;NIINA SECRETS LOC DES HID CPO ILUM 100ml;CUIDADOS COM A PELE;CUIDADOS COM O CORPO;;;0;5;0;0;0;0;0;0;0;0;0;0;0;0;0;0;0;0;353;0;0;0;"28.0
26.0
25.0
24.0
23.0
23.0
22.0
16.0
15.0
14.0
14.0
13.0
13.0";"Revendedor Cobre/Bronze: Itens selecionados com até 44% de lucro extra.
Revendedor Prata: Itens selecionados com até 41,25% de lucro extra.
Revendedor Ouro: Itens selecionados com até 39,6% de lucro extra.
Revendedor Platina: Itens selecionados com até 38,5% de lucro extra.
Revendedor Rubi: Itens selecionados com até 37,4% de lucro extra.
Revendedor Esmeralda: Itens selecionados com até 36,3% de lucro extra.
Revendedor Diamante: Itens selecionados com até 35,75% de lucro extra.
Revendedor Cobre/Bronze: Itens selecionados com até 20% de lucro extra.
Revendedor Prata: Itens selecionados com até 18,75% de lucro extra.
Revendedor Platina: Itens selecionados com até 17,5% de lucro extra.
Revendedor Ouro: Itens selecionados com até 18% de lucro extra.
Revendedor Esmeralda: Itens selecionados com até 16,5% de lucro extra.
Revendedor Rubi: Itens selecionados com até 17% de lucro extra.";"16.0
15.0
14.0
14.0
13.0
13.0
13.0";"Revendedor Cobre/Bronze: Itens selecionados com até 20% de lucro extra.
Revendedor Prata: Itens selecionados com até 18,75% de lucro extra.
Revendedor Platina: Itens selecionados com até 17,5% de lucro extra.
Revendedor Ouro: Itens selecionados com até 18% de lucro extra.
Revendedor Diamante: Itens selecionados com até 16,25% de lucro extra.
Revendedor Rubi: Itens selecionados com até 17% de lucro extra.
Revendedor Esmeralda: Itens selecionados com até 16,5% de lucro extra.";"24.0
22.0
21.0
21.0
20.0
19.0
19.0";"Revendedor Cobre/Bronze: Compre itens selecionados e ganhe lucro extra de até 24%.
Revendedor Prata: Compre itens selecionados e ganhe lucro extra de até 22,5%.
Revendedor Ouro: Compre itens selecionados e ganhe lucro extra de até 21,6%.
Revendedor Platina: Compre itens selecionados e ganhe lucro extra de até 21%.
Revendedor Rubi: Compre itens selecionados e ganhe lucro extra de até 20,4%.
Revendedor Diamante: Compre itens selecionados e ganhe lucro extra de até 19,5%.
Revendedor Esmeralda: Compre itens selecionados e ganhe lucro extra de até 19,8%.";"30.0
24.0
22.0
21.0
21.0
20.0
19.0
19.0";"Franqueado: Ressarcimento via BSO. Consumidor/Revendedor: Itens selecionados CABELOS, MAQUIAGEM, CUIDADOS COM A PELE, PERFUMARIA, CUIDADOS COM A BARBA, ACESSÓRIOS, SOLAR, SABONETE CORPO, DESODORANTES e CUIDADOS FACIAIS com até 45% de desconto.
Revendedor Cobre/Bronze: Compre itens selecionados e ganhe lucro extra de até 24%.
Revendedor Prata: Compre itens selecionados e ganhe lucro extra de até 22,5%.
Revendedor Platina: Compre itens selecionados e ganhe lucro extra de até 21%.
Revendedor Ouro: Compre itens selecionados e ganhe lucro extra de até 21,6%.
Revendedor Rubi: Compre itens selecionados e ganhe lucro extra de até 20,4%.
Revendedor Diamante: Compre itens selecionados e ganhe lucro extra de até 19,5%.
Revendedor Esmeralda: Compre itens selecionados e ganhe lucro extra de até 19,8%.";Não;Não;Não;Não;Não;Não;Não;Não;0;0;;0;0;0;0;0;Não;Não;;Não;0;48;10.62;0;Não
13629;E;;56163;NIINA SECRETS MALETA MAQ PU 24;ACESSÓRIOS;ORGANIZADOR COSTURÁVEL;;;0;0;0;0;0;0;0;0;0;0;0;0;0;0;0;0;0;0;;0;0;0;34.0;Franqueado: Ressarcimento via BSO. Consumidor/Revendedor: Itens selecionados  com até 60% de desconto.;14.0;Franqueado: Ressarcimento via BSO. Consumidor/Revendedor: Itens selecionados MAQUIAGEM, CUIDADOS FACIAIS e ACESSÓRIOS com até 50% de desconto.;35.0;Franqueado: Ressarcimento via BSO. Consumidor/Revendedor: Itens selecionados MAQUIAGEM, PERFUMARIA, ÓLEOS, ACESSÓRIOS, INFANTIL, CUIDADOS COM A PELE, CABELOS, CUIDADOS FACIAIS e CUIDADOS COM A BARBA com até 51% de desconto.;35.0;Franqueado: Ressarcimento via BSO. Consumidor/Revendedor: Itens selecionados MAQUIAGEM, PERFUMARIA, ÓLEOS, ACESSÓRIOS, INFANTIL, CUIDADOS COM A PELE, CABELOS e CUIDADOS FACIAIS com até 51% de desconto.;Não;Não;Não;Não;Não;Não;Não;Não;0;0;;0;0;0;0;0;Não;Não;;Não;0;6;77.42;0;Não
13629;C;;56164;NIINA SECRETS NECESSAIRE PU 24;ACESSÓRIOS;ORGANIZADOR COSTURÁVEL;;;0;0;16;3;1;1;2;1;1;0;2;0;4;0;4;0;2;0;13;0;2;2;;;;;18.0;Franqueado: Ressarcimento via BSO. Consumidor/Revendedor: Itens selecionados INFANTIL, ACESSÓRIOS, PERFUMARIA, MAQUIAGEM, CUIDADOS COM A PELE, CABELOS, GIFTS, SABONETE CORPO, CUIDADOS FACIAIS, SOLAR e ÓLEOS com até 63% de desconto.;18.0;Franqueado: Ressarcimento via BSO. Consumidor/Revendedor: Itens selecionados INFANTIL, ACESSÓRIOS, PERFUMARIA, MAQUIAGEM, CUIDADOS COM A PELE, CABELOS, GIFTS, SABONETE CORPO, CUIDADOS FACIAIS, SOLAR e ÓLEOS com até 63% de desconto.;Não;Não;Não;Não;Não;Não;Não;Não;18;0;2;0;0;0;0;0;Não;Não;;Não;0;24;22.94;0;Não
13629;C;;87304;NIINA SECRETS PINC ESP MULTIF PS;ACESSÓRIOS;PINCÉIS;;;2;11;5;2;0;2;0;0;2;1;4;1;0;0;3;3;1;0;20;1;2;4;;;;;;;21.0;Franqueado: Ressarcimento via BSO. Consumidor/Revendedor: Itens selecionados MAQUIAGEM, ACESSÓRIOS e CUIDADOS COM A PELE com até 51% de desconto.;Não;Não;Não;Não;Não;Não;Não;Não;31;0;3;0;0;0;0;0;Não;Não;;Não;0;120;20.07;0;Não
13629;C;;87309;NIINA SECRETS PORTA PINCEL PINK PU;ACESSÓRIOS;ORGANIZADOR COSTURÁVEL;;202615;0;1;1;2;25;8;1;1;1;3;1;3;1;2;9;0;4;0;13;2;0;0;36.0;Franqueado: Ressarcimento via BSO. Consumidor/Revendedor: Itens selecionados  com até 60% de desconto.;;;20.0;Franqueado: Ressarcimento via BSO. Consumidor/Revendedor: Itens selecionados INFANTIL, ACESSÓRIOS, PERFUMARIA, MAQUIAGEM, CUIDADOS COM A PELE, CABELOS, GIFTS, SABONETE CORPO, CUIDADOS FACIAIS, SOLAR e ÓLEOS com até 63% de desconto.;20.0;Franqueado: Ressarcimento via BSO. Consumidor/Revendedor: Itens selecionados INFANTIL, ACESSÓRIOS, PERFUMARIA, MAQUIAGEM, CUIDADOS COM A PELE, CABELOS, GIFTS, SABONETE CORPO, CUIDADOS FACIAIS, SOLAR e ÓLEOS com até 63% de desconto.;Não;Não;Não;Não;Não;Não;Não;Não;1;0;4;2;2;3;3;3;Não;Não;;Não;0;30;18.06;2;Não
13629;E;;89800;NIINA SK LEIT/LIMP FAC 250ml;CUIDADOS FACIAIS;LIMPEZA;202613;;0;0;0;0;0;0;0;0;0;0;0;0;0;0;0;0;61;1;6;2;2;2;;;;;;;;;Não;Não;Não;Não;Não;Não;Não;Não;0;0;2;0;2;4;6;8;Sim;Não;Crítico;Não;0;48;12.91;2;Não
13629;C;;07450;NIINA SKIN CREM FAC OVERNIGHT RENOV 45g;CUIDADOS FACIAIS;HIDRATANTES E TRATAMENTOS;;202614;2;3;9;0;0;3;2;3;0;1;1;2;9;0;4;2;0;0;41;0;0;0;"16.0
15.0
14.0
14.0
13.0
13.0
13.0";"Revendedor Cobre/Bronze: Itens selecionados com até 44% de lucro extra.
Revendedor Prata: Itens selecionados com até 41,25% de lucro extra.
Revendedor Platina: Itens selecionados com até 38,5% de lucro extra.
Revendedor Ouro: Itens selecionados com até 39,6% de lucro extra.
Revendedor Rubi: Itens selecionados com até 37,4% de lucro extra.
Revendedor Esmeralda: Itens selecionados com até 36,3% de lucro extra.
Revendedor Diamante: Itens selecionados com até 35,75% de lucro extra.";;;"16.0
15.0
14.0
14.0
13.0
13.0
13.0";"Revendedor Cobre/Bronze: Itens selecionados com até 59,5% de lucro extra.
Revendedor Prata: Itens selecionados com até 59,5% de lucro extra.
Revendedor Ouro: Itens selecionados com até 59,5% de lucro extra.
Revendedor Platina: Itens selecionados com até 59,5% de lucro extra.
Revendedor Diamante: Itens selecionados com até 59,5% de lucro extra.
Revendedor Rubi: Itens selecionados com até 59,5% de lucro extra.
Revendedor Esmeralda: Itens selecionados com até 59,5% de lucro extra.";;;Não;Não;Não;Não;Não;Não;Não;Não;0;0;;0;0;0;0;0;Sim;Não;Crítico;Não;0;72;26.14;0;Não
13629;C;;86804;NIINA SKIN CREM SORB FACIAL FIRM V2 80g;CUIDADOS FACIAIS;HIDRATANTES E TRATAMENTOS;;;3;4;5;4;4;5;5;1;1;0;0;0;8;6;4;0;0;0;73;4;10;4;;;;;36.0;Franqueado: Ressarcimento via BSO. Consumidor/Revendedor: Na Beauty Week, compre itens selecionados de cuidados faciais (Niina Skin e Neo Dermo) com até 36% de desconto;36.0;Franqueado: Ressarcimento via BSO. Consumidor/Revendedor: Itens selecionados DESODORANTES, PERFUMARIA, CUIDADOS COM A PELE, MAQUIAGEM, CABELOS, ACESSÓRIOS, CUIDADOS FACIAIS, SABONETE CORPO, SOLAR e CUIDADOS COM A BARBA com até 63% de desconto.;Não;Não;Não;Não;Não;Não;Não;Não;0;0;10;0;10;13;23;27;Sim;Não;Crítico;Não;0;96;20.09;10;Não
13629;C;;07379;NIINA SKIN DEMAQ CLEANSING OIL 110ml;CUIDADOS FACIAIS;LIMPEZA;;;1;2;2;8;4;11;5;1;6;2;1;2;4;0;0;0;0;0;104;2;3;5;;;;;;;18.0;Franqueado: Ressarcimento via BSO. Consumidor/Revendedor: Compre itens selecionados de cuidados faciais (Niina Skin e Neo Dermo) com até 41% de desconto;Não;Não;Não;Não;Não;Não;Não;Não;1;2;4;0;2;4;7;12;Não;Não;;Não;0;70;19.12;2;Não
13629;C;;85915;NIINA SKIN GEL DE LIMPEZA FACIAL V2 100g;CUIDADOS FACIAIS;LIMPEZA;;;7;3;4;12;28;5;1;3;5;4;1;3;8;2;4;9;9;0;17;13;6;9;;;22.0;Franqueado: ressarcimento via BSO. Consumidor/Revendedor: Compre itens selecionados de cuidados faciais (Neo Dermo e Niina Skin) com até 22% de desconto;;;22.0;Franqueado: Ressarcimento via BSO. Consumidor/Revendedor: Itens selecionados CABELOS, MAQUIAGEM, CUIDADOS COM A PELE, PERFUMARIA, CUIDADOS COM A BARBA, ACESSÓRIOS, SOLAR, SABONETE CORPO, DESODORANTES e CUIDADOS FACIAIS com até 45% de desconto.;Não;Não;Não;Não;Não;Não;Não;Não;15;0;15;0;6;14;20;29;Não;Não;;Não;0;108;13.87;6;Não
13629;C;;07394;NIINA SKIN GEL HID FAC 30ml;CUIDADOS FACIAIS;HIDRATANTES E TRATAMENTOS;;;2;1;1;15;0;3;2;2;8;0;6;0;10;1;6;2;3;2;6;2;3;4;;;31.0;Consumidor/Revendedor: Compre o combo Niina Skin composto por: Eudora Niina Skin hidragel 30ml + Refil Niina Skin hidratante facial 30ml, preço de R$ 169,98 por R$ 109,90 - 35% de desconto (31,26524% de desconto adicional);;;30.0;Franqueado: Ressarcimento via BSO. Consumidor/Revendedor: Itens selecionados CABELOS, MAQUIAGEM, CUIDADOS COM A PELE, PERFUMARIA, CUIDADOS COM A BARBA, ACESSÓRIOS, SOLAR, SABONETE CORPO, DESODORANTES e CUIDADOS FACIAIS com até 45% de desconto.;Não;Não;Não;Não;Não;Não;Não;Não;3;0;4;1;1;3;6;10;Não;Não;;Não;0;70;24.2;1;Não
13629;B;BB;85845;NIINA SKIN GEL LIMPEZA FACIAL V2 300g;CUIDADOS FACIAIS;LIMPEZA;;;1;16;27;2;2;6;13;4;0;4;16;6;6;0;7;5;17;5;3;5;7;14;;;;;;;17.0;Franqueado: Ressarcimento via BSO. Consumidor/Revendedor: Compre itens selecionados de cuidados faciais (Niina Skin e Neo Dermo) com até 41% de desconto;Não;Não;Não;Não;Não;Não;Não;Não;1;3;9;14;0;0;5;19;Não;Não;;Não;0;48;20.32;0;Não
13629;B;BC;51348;NIINA SKIN HID FAC 40g;CUIDADOS FACIAIS;HIDRATANTES E TRATAMENTOS;;;8;7;7;11;1;5;1;6;18;4;5;9;20;5;14;6;14;0;19;5;9;10;;;20.0;Franqueado: Ressarcimento via BSO. Consumidor/Revendedor: Itens selecionados de NIINA SKIN - CUIDADOS FACIAIS com até 30% de desconto.;"16.0
15.0
14.0
14.0
13.0
13.0
13.0";"Revendedor Cobre/Bronze: Itens selecionados com até 59,5% de lucro extra.
Revendedor Prata: Itens selecionados com até 59,5% de lucro extra.
Revendedor Ouro: Itens selecionados com até 59,5% de lucro extra.
Revendedor Platina: Itens selecionados com até 59,5% de lucro extra.
Revendedor Diamante: Itens selecionados com até 59,5% de lucro extra.
Revendedor Rubi: Itens selecionados com até 59,5% de lucro extra.
Revendedor Esmeralda: Itens selecionados com até 59,5% de lucro extra.";29.0;Franqueado: Ressarcimento via BSO. Consumidor/Revendedor: Itens selecionados CABELOS, MAQUIAGEM, CUIDADOS COM A PELE, PERFUMARIA, CUIDADOS COM A BARBA, ACESSÓRIOS, SOLAR, SABONETE CORPO, DESODORANTES e CUIDADOS FACIAIS com até 45% de desconto.;Não;Não;Não;Não;Não;Não;Não;Não;0;0;9;3;7;11;20;30;Não;Não;;Não;0;96;13.31;7;Não
13629;C;;51349;NIINA SKIN MASC LAB NOT LIP REPAIR 9g;CUIDADOS FACIAIS;HIDRATANTES E TRATAMENTOS;;;3;2;4;14;2;5;1;0;0;3;2;2;6;2;7;3;4;0;19;2;3;9;;;15.0;Franqueado: Ressarcimento via BSO. Consumidor/Revendedor: Itens selecionados de NIINA SKIN - CUIDADOS FACIAIS com até 30% de desconto.;;;15.0;Franqueado: Ressarcimento via BSO. Consumidor/Revendedor: Compre itens selecionados de cuidados faciais (Niina Skin e Neo Dermo) com até 41% de desconto;Não;Não;Não;Não;Não;Não;Não;Não;7;0;4;0;0;0;3;12;Não;Não;;Não;0;270;12.83;0;Não
13629;B;BC;59696;NIINA SKIN MOUSSE LIMP FAC PINK 150ml;CUIDADOS FACIAIS;LIMPEZA;;;7;1;2;3;6;13;7;1;3;9;0;1;2;10;7;7;6;0;12;19;5;8;;;21.0;Franqueado: ressarcimento via BSO. Consumidor/Revendedor: Compre itens selecionados de cuidados faciais (Neo Dermo e Niina Skin) com até 22% de desconto;;;21.0;Franqueado: Ressarcimento via BSO. Consumidor/Revendedor: Itens selecionados CABELOS, MAQUIAGEM, CUIDADOS COM A PELE, PERFUMARIA, CUIDADOS COM A BARBA, ACESSÓRIOS, SOLAR, SABONETE CORPO, DESODORANTES e CUIDADOS FACIAIS com até 45% de desconto.;Não;Não;Não;Não;Não;Não;Não;Não;2;0;14;10;10;22;27;35;Não;Não;;Não;0;60;16.73;10;Não
13629;B;BB;52864;NIINA SKIN PR SOL FAC ANTIOL FPS70 40ml;SOLAR;PROTETOR FACIAL;;;2;7;10;5;3;2;6;11;0;0;0;11;21;3;13;7;2;2;4;20;6;8;;;21.0;Franqueado: ressarcimento via BSO. Consumidor/Revendedor: Compre itens selecionados de cuidados faciais (Neo Dermo e Niina Skin) com até 22% de desconto;;;21.0;Franqueado: Ressarcimento via BSO. Consumidor/Revendedor: Itens selecionados CABELOS, MAQUIAGEM, CUIDADOS COM A PELE, PERFUMARIA, CUIDADOS COM A BARBA, ACESSÓRIOS, SOLAR, SABONETE CORPO, DESODORANTES e CUIDADOS FACIAIS com até 45% de desconto.;Não;Não;Não;Não;Não;Não;Não;Não;6;0;17;8;13;25;31;39;Não;Não;;Não;0;96;20.54;13;Não
13629;C;;55481;NIINA SKIN SERUM FIRM LIFTING 30ml;CUIDADOS FACIAIS;HIDRATANTES E TRATAMENTOS;;;3;1;1;6;2;0;4;1;0;3;1;2;2;4;5;2;2;0;25;4;4;4;"24.0
22.0
21.0
21.0
20.0
19.0
19.0";"Revendedor Cobre/Bronze: Itens selecionados com até 44% de lucro extra.
Revendedor Prata: Itens selecionados com até 41,25% de lucro extra.
Revendedor Platina: Itens selecionados com até 38,5% de lucro extra.
Revendedor Ouro: Itens selecionados com até 39,6% de lucro extra.
Revendedor Rubi: Itens selecionados com até 37,4% de lucro extra.
Revendedor Esmeralda: Itens selecionados com até 36,3% de lucro extra.
Revendedor Diamante: Itens selecionados com até 35,75% de lucro extra.";"32.0
3.0";"Franqueado: Ressarcimento via BSO. Consumidor/Revendedor: Itens selecionados de PERFUMARIA, MAQUIAGEM, CABELOS, CUIDADOS COM A PELE, CUIDADOS FACIAIS, SABONETE CORPO e DESODORANTES com até 50% de desconto.
Franqueado: Ressarcimento via BSO. Consumidor/Revendedor: Compre (99276) COMBO NIINA SKIN  - (55481) NIINA SKIN SERUM FIRM LIFTING 30ml + (92859) CREME OVERNIGHT RENOVADOR 50 g. DE R$ 199,89 POR R$ 139,90 Desconto total de 30,01151% e adicional de 3,38398%";20.0;Franqueado: Ressarcimento via BSO. Consumidor/Revendedor: Itens selecionados MAQUIAGEM, PERFUMARIA, ÓLEOS, ACESSÓRIOS, INFANTIL, CUIDADOS COM A PELE, CABELOS, CUIDADOS FACIAIS e CUIDADOS COM A BARBA com até 51% de desconto.;20.0;Franqueado: Ressarcimento via BSO. Consumidor/Revendedor: Itens selecionados MAQUIAGEM, CUIDADOS FACIAIS e PERFUMARIA com até 45% de desconto.;Não;Não;Não;Não;Não;Não;Não;Não;3;0;6;0;5;7;11;15;Não;Não;;Não;0;99;30.23;5;Não
13629;E;;90083;NIINA SKIN SRM FAC 30ml;CUIDADOS FACIAIS;HIDRATANTES E TRATAMENTOS;;;0;0;0;0;0;0;0;0;0;0;0;0;0;0;0;0;0;0;;0;5;1;;;;;0.0;Ao comprar 5 unidades do lançamento participante no mesmo pedido, ganhe 1 unidade do mesmo item de brinde. Limitado a 1 brinde por CPF de cadastro da categoria Diamante.;;;Não;Não;Não;Não;Não;Não;Não;Não;0;0;3;51;0;0;0;0;Não;Não;;Não;0;99;21.78;0;Não
13629;B;BC;55437;NIINA SKIN SRUM FAC CONC VITAM C 30ml;CUIDADOS FACIAIS;HIDRATANTES E TRATAMENTOS;;;2;3;8;2;0;2;3;2;4;2;1;3;5;3;6;8;0;2;6;2;11;6;"24.0
22.0
21.0
21.0
20.0
19.0
19.0";"Revendedor Cobre/Bronze: Itens selecionados com até 44% de lucro extra.
Revendedor Prata: Itens selecionados com até 41,25% de lucro extra.
Revendedor Platina: Itens selecionados com até 38,5% de lucro extra.
Revendedor Ouro: Itens selecionados com até 39,6% de lucro extra.
Revendedor Rubi: Itens selecionados com até 37,4% de lucro extra.
Revendedor Esmeralda: Itens selecionados com até 36,3% de lucro extra.
Revendedor Diamante: Itens selecionados com até 35,75% de lucro extra.";;;28.0;Franqueado: Ressarcimento via BSO. Consumidor/Revendedor: Na Beauty Week, compre itens selecionados de cuidados faciais (Niina Skin e Neo Dermo) com até 36% de desconto;28.0;Franqueado: Ressarcimento via BSO. Consumidor/Revendedor: Itens selecionados DESODORANTES, PERFUMARIA, CUIDADOS COM A PELE, MAQUIAGEM, CABELOS, ACESSÓRIOS, CUIDADOS FACIAIS, SABONETE CORPO, SOLAR e CUIDADOS COM A BARBA com até 63% de desconto.;Não;Não;Não;Não;Não;Não;Não;Não;2;0;9;5;2;3;14;20;Não;Não;;Não;0;88;30.25;2;Não
13629;C;;07395;NIINA SKIN SRUM MULTIPR FAC FPS 50 30ml;CUIDADOS FACIAIS;HIDRATANTES E TRATAMENTOS;;;0;0;10;3;0;1;0;1;3;0;0;0;2;1;2;3;0;0;48;1;4;2;;;;;24.0;Franqueado: Ressarcimento via BSO. Consumidor/Revendedor: Na Beauty Week, compre itens selecionados de cuidados faciais (Niina Skin e Neo Dermo) com até 36% de desconto;24.0;Franqueado: Ressarcimento via BSO. Consumidor/Revendedor: Itens selecionados DESODORANTES, PERFUMARIA, CUIDADOS COM A PELE, MAQUIAGEM, CABELOS, ACESSÓRIOS, CUIDADOS FACIAIS, SABONETE CORPO, SOLAR e CUIDADOS COM A BARBA com até 63% de desconto.;Não;Não;Não;Não;Não;Não;Não;Não;5;0;4;0;0;0;4;6;Sim;Não;Crítico;Não;0;99;30.23;0;Não
13629;C;;55438;NIINA SKIN TON REN ANTIOX VITAM C 110ml;CUIDADOS FACIAIS;LIMPEZA;;;3;3;8;5;1;2;2;4;4;1;2;2;1;1;2;0;2;1;4;2;8;3;;;;;21.0;Franqueado: Ressarcimento via BSO. Consumidor/Revendedor: Na Beauty Week, compre itens selecionados de cuidados faciais (Niina Skin e Neo Dermo) com até 36% de desconto;21.0;Franqueado: Ressarcimento via BSO. Consumidor/Revendedor: Itens selecionados DESODORANTES, PERFUMARIA, CUIDADOS COM A PELE, MAQUIAGEM, CABELOS, ACESSÓRIOS, CUIDADOS FACIAIS, SABONETE CORPO, SOLAR e CUIDADOS COM A BARBA com até 63% de desconto.;Não;Não;Não;Não;Não;Não;Não;Não;2;0;7;0;6;8;16;19;Sim;Não;Crítico;Não;0;70;16.94;6;Não
13629;B;BB;90924;PMPCK SIAGE CABELO/BARBA;GIFTS;ESTOJO REGULAR;;;0;0;0;0;0;0;0;0;0;0;0;0;0;18;44;0;2;0;30;4;5;4;;;;;;;;;Não;Não;Não;Não;Não;Não;Não;Não;0;0;7;0;8;10;15;19;Sim;Não;Crítico;Não;0;21;19.09;8;Não
13629;B;BB;59565;PMPCK SIAGE CACHOS/CRESPOS;GIFTS;ESTOJO REGULAR;;;6;2;1;2;9;5;11;10;5;2;7;9;12;9;10;9;12;5;6;7;10;8;;;;;;;;;Não;Não;Não;Não;Não;Não;Não;Não;8;0;13;8;3;7;17;25;Não;Não;;Não;0;21;19.09;3;Não
13629;B;BB;52216;PMPCK SIAGE MEN;GIFTS;ESTOJO REGULAR;;202615;4;7;9;2;1;1;2;2;2;1;4;10;8;8;15;6;14;0;12;5;0;0;;;;;;;;;Não;Não;Não;Não;Não;Não;Não;Não;0;0;9;2;8;12;12;12;Não;Não;;Não;0;21;17.99;8;Não
13629;C;;53013;PULSE BALM POS BARBA ACTION 75g;CUIDADOS COM A BARBA;PÓS-BARBEAR;;;9;1;49;2;1;4;1;5;2;7;4;18;1;6;10;3;21;0;16;2;3;2;;;;;31.0;Consumidor/Revendedor: Compre o combo Natal Pulse composto por: Des Col Pulse Action + Eudora Pulse Action Balm Pos Barba 75G, preço de R$144,98 por R$99,90 - 31,09394% de desconto.;31.0;Consumidor/Revendedor: Compre o combo Natal Pulse composto por: Des Col Pulse Action + Eudora Pulse Action Balm Pos Barba 75G, preço de R$144,98 por R$99,90 - 31,09394% de desconto.;Não;Não;Não;Não;Não;Não;Não;Não;11;0;4;0;0;0;0;1;Não;Não;;Não;0;80;12.1;0;Não
13629;B;BA;87338;PULSE DES COL ACTION V2 100ml;PERFUMARIA;PERFUMARIA MASCULINA;;;6;15;38;2;0;0;5;19;5;2;3;37;4;12;7;65;1;0;17;4;6;4;;;30.0;Revendedor selecionado Inícios de Berçário (até 3 ciclos de vida), ganhe 30% de Lucro Extra em itens selecionados. Limitado a 1 unidade por CPF em seu primeiro pedido no ciclo.;31.0;Consumidor/Revendedor: Compre o combo Natal Pulse composto por: Des Col Pulse Action + Eudora Pulse Action Balm Pos Barba 75G, preço de R$144,98 por R$99,90 - 31,09394% de desconto.;31.0;Consumidor/Revendedor: Compre o combo Natal Pulse composto por: Des Col Pulse Action + Eudora Pulse Action Balm Pos Barba 75G, preço de R$144,98 por R$99,90 - 31,09394% de desconto.;Não;Não;Não;Não;Não;Não;Não;Não;10;0;9;22;0;0;0;0;Não;Não;;Não;0;44;23.46;0;Não
13629;B;BA;87340;PULSE DES COL BOOST V2 100ml;PERFUMARIA;PERFUMARIA MASCULINA;;;9;29;5;5;1;7;0;1;0;6;29;18;5;2;48;6;3;1;6;31;8;6;30.0;Revendedor selecionado Inícios de Berçário (até 3 ciclos de vida), ganhe 30% de Lucro Extra em itens selecionados. Limitado a 1 unidade por CPF.;15.0;Franqueado: Ressarcimento via BSO. Revendedor: Compre itens selecionados de perfumaria (Eudora EDP, Diva, Imensi, Niina Secrets, Club 6, Eudora H, Pulse e Intention) com até 24% de desconto;;;;;Não;Não;Não;Não;Não;Não;Não;Não;80;0;27;0;0;0;0;0;Não;Não;;Não;0;44;23.46;0;Não
13629;A;;85899;PULSE DES COL INTENSE 100ml;PERFUMARIA;PERFUMARIA MASCULINA;;;0;0;0;0;0;0;0;0;0;234;0;12;15;55;17;15;20;3;2;11;14;35;;;15.0;Lucro Extra Progressivo em Itens Selecionados de Perfumaria Masculina, de acordo com a quantidade comprada: 10% de Lucro Extra em 2 a 5 unidades, 15% de Lucro Extra em 6 a 10 unidades. Limitado a 10 unidades por CPF. Válido para Revendedores Selecionados.;;;21.0;Franqueado: Ressarcimento via BSO. Revendedor: Compre itens selecionados de perfumaria (Diva, Eudora EDP, Kiss Me, Imensi, Velvet, Lyra, Club 6, Eudora H, Pulse e Volpe) com até 31% de desconto;Não;Não;Não;Não;Não;Não;Não;Não;7;0;26;11;17;25;39;74;Não;Não;;Não;0;44;23.44;17;Não
13629;B;BB;58056;PULSE DES COL POWER 100ml;PERFUMARIA;PERFUMARIA MASCULINA;;;22;0;10;6;12;2;5;13;19;4;55;4;19;5;1;0;2;11;2;4;5;5;21.0;Franqueado: Ressarcimento via BSO. Revendedor: Compre itens selecionados de perfumaria Eudora (Eudora EDP, Kiss Me, La Victorie, Velvet, Magnific, Club 6, Eudora H e Pulse) com até 25% de desconto;;;;;30.0;Revendedor selecionado Inícios de Berçário (até 3 ciclos de vida), ganhe 30% de Lucro Extra em itens selecionados. Limitado a 1 unidade por CPF. Válido para Revendedores Selecionados.;Não;Não;Não;Não;Não;Não;Não;Não;17;0;7;5;0;3;8;13;Não;Não;;Não;0;44;23.46;0;Não
13629;B;BA;78620;PULSE DES COL V2 100ml;PERFUMARIA;PERFUMARIA MASCULINA;;;12;8;16;62;5;4;12;0;32;1;66;40;4;8;52;8;2;13;6;10;52;21;;;;;26.0;Franqueado: Ressarcimento via BSO. Revendedor: Na Beauty Week, compre itens selecionados de perfumaria Eudora (Eudora EDP, Diva, Kiss Me, Velvet, Lyra, Magnific, Club 6, Eudora H, Pulse, Intention, Impression e Volpe) com até 41% de desconto;26.0;Franqueado: Ressarcimento via BSO. Consumidor/Revendedor: Itens selecionados DESODORANTES, PERFUMARIA, CUIDADOS COM A PELE, MAQUIAGEM, CABELOS, ACESSÓRIOS, CUIDADOS FACIAIS, SABONETE CORPO, SOLAR e CUIDADOS COM A BARBA com até 63% de desconto.;Não;Não;Não;Não;Não;Não;Não;Não;18;0;51;28;13;19;71;92;Não;Não;;Não;0;44;23.46;13;Não
13629;A;;52746;REF EUD CR DES HID CPO INDULGENT 200g;CUIDADOS COM A PELE;CUIDADOS COM O CORPO;;;16;18;84;17;28;14;92;23;17;20;56;37;44;18;19;71;11;8;3;63;24;20;;;31.0;Franqueado: Ressarcimento via BSO. Consumidor/Revendedor: Itens selecionados de Instance, Eudora Edp, Imensi e Niina Secrets com até 31%de desconto;;;;;Não;Não;Não;Não;Não;Não;Não;Não;11;0;76;40;55;96;120;140;Não;Não;;Não;0;40;22.23;55;Não
13629;C;;56646;REF GLAM BAT MAT AMULIPS ALARA/DES 3,4g;MAQUIAGEM;MAQUIAGEM BOCA;;;0;0;1;0;0;0;0;0;0;0;1;0;2;4;3;0;0;0;54;0;2;1;"0.0
0.0";"Franqueado: Ressarcimento via BSO. Consumidor/Revendedor: Compre 2 itens selecionados GLAM e pague 1, até 50% de desconto em cada unidade.
Compre Maquiagem de qualquer marca e ganhe 2 GLAM CASE BAT AMULIPS + 2 REF GLAM BAT MAT AMULIPS. Limitado a 1 conquista por CPF. Sem brinde garantido.";0.0;Compre Maquiagem de qualquer marca e ganhe 2 GLAM CASE BAT AMULIPS + 2 REF GLAM BAT MAT AMULIPS. Limitado a 1 conquista por CPF. Sem brinde garantido.;"40.0
0.0";"Franqueado: Ressarcimento via BSO. Consumidor/Revendedor: Itens selecionados MAQUIAGEM e ACESSÓRIOS com até 43% de desconto.
Compre Maquiagem de qualquer marca e ganhe 2 GLAM CASE BAT AMULIPS + 2 REF GLAM BAT MAT AMULIPS. Limitado a 1 conquista por CPF. Sem brinde garantido.";"40.0
0.0";"Franqueado: Ressarcimento via BSO. Consumidor/Revendedor: Itens selecionados DESODORANTES, PERFUMARIA, CUIDADOS COM A PELE, MAQUIAGEM, CABELOS, ACESSÓRIOS, CUIDADOS FACIAIS, SABONETE CORPO, SOLAR e CUIDADOS COM A BARBA com até 63% de desconto.
Compre Maquiagem de qualquer marca e ganhe 2 GLAM CASE BAT AMULIPS + 2 REF GLAM BAT MAT AMULIPS. Limitado a 1 conquista por CPF. Sem brinde garantido.";Não;Não;Não;Não;Não;Não;Não;Não;0;0;2;0;1;1;3;4;Sim;Não;Crítico;Não;0;560;10.66;1;Não
13629;C;;56645;REF GLAM BAT MAT AMULIPS MARR/DETER 3,4g;MAQUIAGEM;MAQUIAGEM BOCA;;;2;3;1;1;0;0;1;0;2;3;2;1;2;3;6;1;0;0;34;2;5;3;0.0;Franqueado: Ressarcimento via BSO. Consumidor/Revendedor: Compre 2 itens selecionados GLAM e pague 1, até 50% de desconto em cada unidade.;;;40.0;Franqueado: Ressarcimento via BSO. Consumidor/Revendedor: Itens selecionados MAQUIAGEM e ACESSÓRIOS com até 43% de desconto.;40.0;Franqueado: Ressarcimento via BSO. Consumidor/Revendedor: Itens selecionados DESODORANTES, PERFUMARIA, CUIDADOS COM A PELE, MAQUIAGEM, CABELOS, ACESSÓRIOS, CUIDADOS FACIAIS, SABONETE CORPO, SOLAR e CUIDADOS COM A BARBA com até 63% de desconto.;Não;Não;Não;Não;Não;Não;Não;Não;0;0;6;0;6;7;12;15;Sim;Não;Crítico;Não;0;560;10.66;6;Não
13629;C;;56644;REF GLAM BAT MAT AMULIPS VERM/CORAG 3,4g;MAQUIAGEM;MAQUIAGEM BOCA;;;1;0;0;0;1;0;5;3;0;0;6;1;1;4;4;0;0;0;54;0;4;2;"0.0
0.0";"Franqueado: Ressarcimento via BSO. Consumidor/Revendedor: Compre 2 itens selecionados GLAM e pague 1, até 50% de desconto em cada unidade.
Compre Maquiagem de qualquer marca e ganhe 2 GLAM CASE BAT AMULIPS + 2 REF GLAM BAT MAT AMULIPS. Limitado a 1 conquista por CPF. Sem brinde garantido.";0.0;Compre Maquiagem de qualquer marca e ganhe 2 GLAM CASE BAT AMULIPS + 2 REF GLAM BAT MAT AMULIPS. Limitado a 1 conquista por CPF. Sem brinde garantido.;"40.0
0.0";"Franqueado: Ressarcimento via BSO. Consumidor/Revendedor: Itens selecionados MAQUIAGEM e ACESSÓRIOS com até 43% de desconto.
Compre Maquiagem de qualquer marca e ganhe 2 GLAM CASE BAT AMULIPS + 2 REF GLAM BAT MAT AMULIPS. Limitado a 1 conquista por CPF. Sem brinde garantido.";"40.0
0.0";"Franqueado: Ressarcimento via BSO. Consumidor/Revendedor: Itens selecionados DESODORANTES, PERFUMARIA, CUIDADOS COM A PELE, MAQUIAGEM, CABELOS, ACESSÓRIOS, CUIDADOS FACIAIS, SABONETE CORPO, SOLAR e CUIDADOS COM A BARBA com até 63% de desconto.
Compre Maquiagem de qualquer marca e ganhe 2 GLAM CASE BAT AMULIPS + 2 REF GLAM BAT MAT AMULIPS. Limitado a 1 conquista por CPF. Sem brinde garantido.";Não;Não;Não;Não;Não;Não;Não;Não;0;0;3;2;1;1;5;7;Não;Não;;Não;0;560;10.66;1;Não
13629;C;;56640;REF GLAM BAT S/M AMULIPS MALV/INC 3,4g;MAQUIAGEM;MAQUIAGEM BOCA;;;6;1;0;0;2;1;2;1;12;1;2;6;13;0;8;2;1;0;31;1;6;3;0.0;Franqueado: Ressarcimento via BSO. Consumidor/Revendedor: Compre 2 itens selecionados GLAM e pague 1, até 50% de desconto em cada unidade.;;;40.0;Franqueado: Ressarcimento via BSO. Consumidor/Revendedor: Itens selecionados MAQUIAGEM e ACESSÓRIOS com até 43% de desconto.;40.0;Franqueado: Ressarcimento via BSO. Consumidor/Revendedor: Itens selecionados DESODORANTES, PERFUMARIA, CUIDADOS COM A PELE, MAQUIAGEM, CABELOS, ACESSÓRIOS, CUIDADOS FACIAIS, SABONETE CORPO, SOLAR e CUIDADOS COM A BARBA com até 63% de desconto.;Não;Não;Não;Não;Não;Não;Não;Não;0;0;6;0;5;6;12;15;Sim;Não;Crítico;Não;0;560;10.66;5;Não
13629;C;;56638;REF GLAM BAT S/M AMULIPS MARR/CONF 3,4g;MAQUIAGEM;MAQUIAGEM BOCA;;;1;3;1;0;1;0;0;0;1;1;0;0;2;0;0;0;0;0;107;0;2;1;0.0;Franqueado: Ressarcimento via BSO. Consumidor/Revendedor: Compre 2 itens selecionados GLAM e pague 1, até 50% de desconto em cada unidade.;;;40.0;Franqueado: Ressarcimento via BSO. Consumidor/Revendedor: Itens selecionados MAQUIAGEM e ACESSÓRIOS com até 43% de desconto.;40.0;Franqueado: Ressarcimento via BSO. Consumidor/Revendedor: Itens selecionados DESODORANTES, PERFUMARIA, CUIDADOS COM A PELE, MAQUIAGEM, CABELOS, ACESSÓRIOS, CUIDADOS FACIAIS, SABONETE CORPO, SOLAR e CUIDADOS COM A BARBA com até 63% de desconto.;Não;Não;Não;Não;Não;Não;Não;Não;0;0;2;0;1;1;3;4;Sim;Não;Crítico;Não;0;560;10.66;1;Não
13629;C;;56639;REF GLAM BAT S/M AMULIPS ROS/AUTENT 3,4g;MAQUIAGEM;MAQUIAGEM BOCA;;;1;1;3;2;3;0;0;0;1;1;0;5;7;1;9;0;0;0;54;1;5;3;0.0;Franqueado: Ressarcimento via BSO. Consumidor/Revendedor: Compre 2 itens selecionados GLAM e pague 1, até 50% de desconto em cada unidade.;;;40.0;Franqueado: Ressarcimento via BSO. Consumidor/Revendedor: Itens selecionados MAQUIAGEM e ACESSÓRIOS com até 43% de desconto.;40.0;Franqueado: Ressarcimento via BSO. Consumidor/Revendedor: Itens selecionados DESODORANTES, PERFUMARIA, CUIDADOS COM A PELE, MAQUIAGEM, CABELOS, ACESSÓRIOS, CUIDADOS FACIAIS, SABONETE CORPO, SOLAR e CUIDADOS COM A BARBA com até 63% de desconto.;Não;Não;Não;Não;Não;Não;Não;Não;0;0;5;0;5;5;10;13;Não;Não;;Não;0;560;10.66;5;Não
13629;C;;56636;REF GLAM BAT S/M AMULIPS VERM/ENV 3,4g;MAQUIAGEM;MAQUIAGEM BOCA;;;0;0;1;1;1;1;0;0;3;0;5;1;0;5;3;0;0;0;55;1;4;2;"0.0
0.0";"Franqueado: Ressarcimento via BSO. Consumidor/Revendedor: Compre 2 itens selecionados GLAM e pague 1, até 50% de desconto em cada unidade.
Compre Maquiagem de qualquer marca e ganhe 2 GLAM CASE BAT AMULIPS + 2 REF GLAM BAT MAT AMULIPS. Limitado a 1 conquista por CPF. Sem brinde garantido.";0.0;Compre Maquiagem de qualquer marca e ganhe 2 GLAM CASE BAT AMULIPS + 2 REF GLAM BAT MAT AMULIPS. Limitado a 1 conquista por CPF. Sem brinde garantido.;"40.0
0.0";"Franqueado: Ressarcimento via BSO. Consumidor/Revendedor: Itens selecionados MAQUIAGEM e ACESSÓRIOS com até 43% de desconto.
Compre Maquiagem de qualquer marca e ganhe 2 GLAM CASE BAT AMULIPS + 2 REF GLAM BAT MAT AMULIPS. Limitado a 1 conquista por CPF. Sem brinde garantido.";"40.0
0.0";"Franqueado: Ressarcimento via BSO. Consumidor/Revendedor: Itens selecionados DESODORANTES, PERFUMARIA, CUIDADOS COM A PELE, MAQUIAGEM, CABELOS, ACESSÓRIOS, CUIDADOS FACIAIS, SABONETE CORPO, SOLAR e CUIDADOS COM A BARBA com até 63% de desconto.
Compre Maquiagem de qualquer marca e ganhe 2 GLAM CASE BAT AMULIPS + 2 REF GLAM BAT MAT AMULIPS. Limitado a 1 conquista por CPF. Sem brinde garantido.";Não;Não;Não;Não;Não;Não;Não;Não;0;0;4;2;2;3;7;9;Não;Não;;Não;0;560;10.66;2;Não
13629;B;BB;87127;REF INSTANC LOC DES H CP F/V RPCK 350ml;CUIDADOS COM A PELE;CUIDADOS COM O CORPO;;;0;0;0;0;0;0;0;82;1;4;0;4;89;4;13;4;62;4;4;4;56;44;;;;;24.0;Franqueado: Ressarcimento via BSO. Consumidor/Revendedor: Itens selecionados MAQUIAGEM, PERFUMARIA, ÓLEOS, ACESSÓRIOS, INFANTIL, CUIDADOS COM A PELE, CABELOS, CUIDADOS FACIAIS e CUIDADOS COM A BARBA com até 51% de desconto.;24.0;Franqueado: Ressarcimento via BSO. Consumidor/Revendedor: Itens selecionados de Corpo e banho (Instance e Forbes) com até 27% de desconto;Não;Não;Não;Não;Não;Não;Não;Não;6;0;43;17;23;26;82;126;Não;Não;;Não;0;35;12.35;23;Não
13629;B;BA;87132;REF INSTANC LOC DES H CPO KAR RPCK 350ml;CUIDADOS COM A PELE;CUIDADOS COM O CORPO;;;0;0;0;0;0;0;0;9;11;171;0;1;13;59;7;29;5;4;4;39;13;10;;;24.0;Franqueado: Ressarcimento via BSO. Consumidor/Revendedor: Itens selecionados de Instance, Eudora Edp, Imensi e Niina Secrets com até 31%de desconto;;;;;Não;Não;Não;Não;Não;Não;Não;Não;15;0;37;18;23;48;61;71;Não;Não;;Não;0;35;12.35;23;Não
13629;B;BC;87262;REF INSTANC LOC DES HID CPO ROSAS 350ml;CUIDADOS COM A PELE;CUIDADOS COM O CORPO;;;0;0;0;0;0;0;0;23;0;1;0;3;60;6;3;5;3;2;4;18;3;2;;;24.0;Franqueado: Ressarcimento via BSO. Consumidor/Revendedor: Itens selecionados de Instance, Eudora Edp, Imensi e Niina Secrets com até 31%de desconto;;;;;Não;Não;Não;Não;Não;Não;Não;Não;6;0;10;2;10;21;24;26;Não;Não;;Não;0;35;12.35;10;Não
13629;B;BB;87779;REF INSTANCE CR DES H CPO BAUN/INT 350ml;CUIDADOS COM A PELE;CUIDADOS COM O CORPO;;;0;0;0;0;0;0;0;0;9;12;8;32;2;3;17;77;4;2;10;12;17;32;;;;;;;24.0;Franqueado: Ressarcimento via BSO. Consumidor/Revendedor: Itens selecionados de Corpo e banho (Instance e Forbes) com até 27% de desconto;Não;Não;Não;Não;Não;Não;Não;Não;18;0;22;4;11;19;36;68;Não;Não;;Não;0;35;12.35;11;Não
13629;C;;52389;REF INSTANCE LOC DES H CP ALG/JASM 350ml;CUIDADOS COM A PELE;CUIDADOS COM O CORPO;;;0;0;0;0;0;0;0;0;0;0;0;0;0;0;0;1;0;0;51;0;2;0;;;;;34.0;Franqueado: Ressarcimento via BSO. Consumidor/Revendedor: Itens selecionados MAQUIAGEM, PERFUMARIA, ÓLEOS, ACESSÓRIOS, INFANTIL, CUIDADOS COM A PELE, CABELOS, CUIDADOS FACIAIS e CUIDADOS COM A BARBA com até 51% de desconto.;34.0;Franqueado: Ressarcimento via BSO. Consumidor/Revendedor: Itens selecionados MAQUIAGEM, PERFUMARIA, ÓLEOS, ACESSÓRIOS, INFANTIL, CUIDADOS COM A PELE, CABELOS e CUIDADOS FACIAIS com até 51% de desconto.;Não;Não;Não;Não;Não;Não;Não;Não;0;0;2;0;1;1;3;3;Não;Não;;Não;0;35;12.35;1;Não
13629;C;;59189;REF NIINA SKIN GEL HID FAC 30ml;CUIDADOS FACIAIS;HIDRATANTES E TRATAMENTOS;;;0;0;3;1;1;0;2;4;6;0;0;3;1;1;2;1;1;0;29;2;4;4;"24.0
22.0
21.0
21.0
20.0
19.0
19.0";"Revendedor Cobre/Bronze: Itens selecionados com até 44% de lucro extra.
Revendedor Prata: Itens selecionados com até 41,25% de lucro extra.
Revendedor Platina: Itens selecionados com até 38,5% de lucro extra.
Revendedor Ouro: Itens selecionados com até 39,6% de lucro extra.
Revendedor Rubi: Itens selecionados com até 37,4% de lucro extra.
Revendedor Esmeralda: Itens selecionados com até 36,3% de lucro extra.
Revendedor Diamante: Itens selecionados com até 35,75% de lucro extra.";"31.0
14.0";"Consumidor/Revendedor: Compre o combo Niina Skin composto por: Eudora Niina Skin hidragel 30ml + Refil Niina Skin hidratante facial 30ml, preço de R$ 169,98 por R$ 109,90 - 35% de desconto (31,26524% de desconto adicional)
Franqueado: ressarcimento via BSO. Consumidor/Revendedor: Compre itens selecionados de cuidados faciais (Neo Dermo e Niina Skin) com até 22% de desconto";21.0;Franqueado: Ressarcimento via BSO. Consumidor/Revendedor: Itens selecionados MAQUIAGEM, PERFUMARIA, ÓLEOS, ACESSÓRIOS, INFANTIL, CUIDADOS COM A PELE, CABELOS, CUIDADOS FACIAIS e CUIDADOS COM A BARBA com até 51% de desconto.;21.0;Franqueado: Ressarcimento via BSO. Consumidor/Revendedor: Itens selecionados MAQUIAGEM, CUIDADOS FACIAIS e PERFUMARIA com até 45% de desconto.;Não;Não;Não;Não;Não;Não;Não;Não;2;0;5;0;4;5;9;13;Não;Não;;Não;0;70;16.94;4;Não
13629;B;BB;55677;REF SIAGE MASC CAP LISO INTENSO 250g;CABELOS;TRATAMENTO CABELOS;;;3;8;17;1;5;11;4;19;5;23;11;7;7;37;5;11;0;0;45;6;38;0;"25.0
10.0
5.0
2.0";"Franqueado: Ressarcimento via BSO. Revendedor: Compre Siage masc cap lis int V3 250g (53500) e leve o refil Siàge máscara capilar liso intenso 250g (55677) com 25% de desconto
10% de Lucro Extra em itens selecionados de Siàge, na compra de 2 ou mais unidades.
5% de Lucro Extra em itens selecionados de Siàge, na compra de 2 ou mais unidades.
2% de Lucro Extra em itens selecionados de Siàge, na compra de 2 ou mais unidades.";;;"41.0
15.0";"Franqueado: Ressarcimento via BSO. Consumidor/Revendedor: Itens selecionados MAQUIAGEM, PERFUMARIA, ÓLEOS, ACESSÓRIOS, INFANTIL, CUIDADOS COM A PELE, CABELOS, CUIDADOS FACIAIS e CUIDADOS COM A BARBA com até 51% de desconto.
15% de Lucro Extra em itens selecionados de Liso Intenso, nas compras acima de 60 unidades.";41.0;Franqueado: Ressarcimento via BSO. Consumidor/Revendedor: Itens selecionados MAQUIAGEM, PERFUMARIA, ÓLEOS, ACESSÓRIOS, INFANTIL, CUIDADOS COM A PELE, CABELOS e CUIDADOS FACIAIS com até 51% de desconto.;Não;Não;Não;Não;Não;Não;Não;Não;0;0;32;7;27;30;68;68;Não;Não;;Não;0;40;14.22;27;Não
13629;C;;54362;REF SIAGE SHAMP RECONST/FIOS V2 400ml;CABELOS;SHAMPOO/PRÉ-SHAMPOO;;;0;0;0;0;0;0;0;0;0;0;0;0;0;1;0;0;0;0;81;0;0;0;;;;;;;;;Não;Não;Não;Não;Não;Não;Não;Não;0;0;;1;0;0;0;0;Não;Não;;Não;0;35;13.57;0;Não
13629;B;BA;91000;ROYAL LOC DES HID CPO 150ml;CUIDADOS COM A PELE;CUIDADOS COM O CORPO;;;0;0;0;0;0;0;0;0;0;98;74;19;2;2;3;3;20;0;13;21;10;4;;;15.0;Franqueado: Ressarcimento via BSO. Consumidor/Revendedor: Itens selecionados com até 60% de desconto.;;;18.0;Consumidor/Revendedor: Compre o combo Natal Partilhar composto por: Eudora Nova Marca Desodorante Colonia Feminina 100Ml + Eudora Loção Desodorante Hidratante Corporal Royal, 200 Ml, preço de R$202,98 por R$164,90 - 18,76047% de desconto.;Não;Não;Não;Não;Não;Não;Não;Não;79;0;21;0;0;0;0;0;Não;Não;;Não;0;48;13.09;0;Não
13629;B;BB;94969;ROYAL LOC DES HID CPO MASC 150ml;CUIDADOS COM A PELE;CUIDADOS COM O CORPO;;202616;0;0;0;0;0;0;0;0;0;70;42;28;6;0;10;12;7;1;9;11;14;0;;;;;;;;;Não;Não;Não;Não;Não;Não;Não;Não;124;0;19;0;0;0;0;0;Não;Não;;Não;0;48;13.09;0;Não
13629;C;;93275;SECRETS BAS LIQ HD/GLOW COR 05 30ml;MAQUIAGEM;MAQUIAGEM ROSTO;;;3;2;11;4;1;10;2;1;4;7;3;3;2;3;2;4;2;1;11;2;4;7;23.0;Franqueado: Ressarcimento via BSO. Consumidor/Revendedor: Itens selecionados  com até 60% de desconto.;;;;;15.0;Franqueado: Ressarcimento via BSO. Consumidor/Revendedor: itens selecionados de Niina Secrets com até 25% de desconto;Não;Não;Não;Não;Não;Não;Não;Não;61;0;5;0;0;0;0;0;Não;Não;;Não;0;96;23.23;0;Não
13629;C;;93277;SECRETS BAS LIQ HD/GLOW COR 10 30ml;MAQUIAGEM;MAQUIAGEM ROSTO;;;2;1;9;3;0;3;0;1;5;3;3;1;1;2;2;1;4;1;6;2;2;4;23.0;Franqueado: Ressarcimento via BSO. Consumidor/Revendedor: Itens selecionados  com até 60% de desconto.;;;;;15.0;Franqueado: Ressarcimento via BSO. Consumidor/Revendedor: itens selecionados de Niina Secrets com até 25% de desconto;Não;Não;Não;Não;Não;Não;Não;Não;18;0;3;0;0;0;0;0;Não;Não;;Não;0;96;23.23;0;Não
13629;B;BC;93278;SECRETS BAS LIQ HD/GLOW COR 13 30ml;MAQUIAGEM;MAQUIAGEM ROSTO;;;4;0;15;5;3;7;3;1;2;2;4;4;3;3;6;2;3;1;4;4;4;10;23.0;Franqueado: Ressarcimento via BSO. Consumidor/Revendedor: Itens selecionados  com até 60% de desconto.;;;;;15.0;Franqueado: Ressarcimento via BSO. Consumidor/Revendedor: itens selecionados de Niina Secrets com até 25% de desconto;Não;Não;Não;Não;Não;Não;Não;Não;18;0;6;0;0;0;0;7;Não;Não;;Não;0;96;23.23;0;Não
13629;B;BC;93279;SECRETS BAS LIQ HD/GLOW COR 25 30ml;MAQUIAGEM;MAQUIAGEM ROSTO;;;3;3;15;8;3;5;2;5;1;3;3;3;2;4;1;5;5;4;4;3;4;6;23.0;Franqueado: Ressarcimento via BSO. Consumidor/Revendedor: Itens selecionados  com até 60% de desconto.;;;;;15.0;Franqueado: Ressarcimento via BSO. Consumidor/Revendedor: itens selecionados de Niina Secrets com até 25% de desconto;Não;Não;Não;Não;Não;Não;Não;Não;2;0;5;2;3;5;9;15;Não;Não;;Não;0;96;23.23;3;Não
13629;C;;93280;SECRETS BAS LIQ HD/GLOW COR 30 30ml;MAQUIAGEM;MAQUIAGEM ROSTO;;;0;1;16;0;0;1;4;5;2;0;5;2;3;2;1;1;3;0;12;2;2;4;23.0;Franqueado: Ressarcimento via BSO. Consumidor/Revendedor: Itens selecionados  com até 60% de desconto.;;;;;15.0;Franqueado: Ressarcimento via BSO. Consumidor/Revendedor: itens selecionados de Niina Secrets com até 25% de desconto;Não;Não;Não;Não;Não;Não;Não;Não;17;0;3;0;0;0;0;0;Não;Não;;Não;0;96;23.23;0;Não
13629;C;;93281;SECRETS BAS LIQ HD/GLOW COR 35 30ml;MAQUIAGEM;MAQUIAGEM ROSTO;;;3;2;13;4;0;1;2;2;1;1;3;1;0;2;2;2;2;0;19;1;2;3;23.0;Franqueado: Ressarcimento via BSO. Consumidor/Revendedor: Itens selecionados  com até 60% de desconto.;;;;;15.0;Franqueado: Ressarcimento via BSO. Consumidor/Revendedor: itens selecionados de Niina Secrets com até 25% de desconto;Não;Não;Não;Não;Não;Não;Não;Não;6;0;3;0;0;0;1;4;Não;Não;;Não;0;96;23.23;0;Não
13629;C;;93282;SECRETS BAS LIQ HD/GLOW COR 40 30ml;MAQUIAGEM;MAQUIAGEM ROSTO;;;1;2;5;1;0;2;2;3;4;0;0;3;1;1;2;0;0;2;9;1;1;3;23.0;Franqueado: Ressarcimento via BSO. Consumidor/Revendedor: Itens selecionados  com até 60% de desconto.;;;;;15.0;Franqueado: Ressarcimento via BSO. Consumidor/Revendedor: itens selecionados de Niina Secrets com até 25% de desconto;Não;Não;Não;Não;Não;Não;Não;Não;10;0;2;0;0;0;0;0;Não;Não;;Não;0;96;23.23;0;Não
13629;C;;93283;SECRETS BAS LIQ HD/GLOW COR 45 30ml;MAQUIAGEM;MAQUIAGEM ROSTO;;;1;1;10;1;0;4;2;1;1;0;0;0;1;1;2;1;0;1;6;1;1;2;23.0;Franqueado: Ressarcimento via BSO. Consumidor/Revendedor: Itens selecionados  com até 60% de desconto.;;;;;15.0;Franqueado: Ressarcimento via BSO. Consumidor/Revendedor: itens selecionados de Niina Secrets com até 25% de desconto;Não;Não;Não;Não;Não;Não;Não;Não;5;0;2;0;0;0;0;2;Não;Não;;Não;0;96;23.23;0;Não
13629;C;;93284;SECRETS BAS LIQ HD/GLOW COR 55 30ml;MAQUIAGEM;MAQUIAGEM ROSTO;;;0;1;4;1;2;3;0;1;0;4;2;0;0;0;0;2;5;0;14;1;1;3;23.0;Franqueado: Ressarcimento via BSO. Consumidor/Revendedor: Itens selecionados  com até 60% de desconto.;;;;;15.0;Franqueado: Ressarcimento via BSO. Consumidor/Revendedor: itens selecionados de Niina Secrets com até 25% de desconto;Não;Não;Não;Não;Não;Não;Não;Não;6;0;2;0;0;0;0;2;Não;Não;;Não;0;96;23.23;0;Não
13629;C;;93285;SECRETS BAS LIQ HD/GLOW COR 65 30ml;MAQUIAGEM;MAQUIAGEM ROSTO;;;2;1;7;1;0;1;0;1;3;0;2;0;1;0;0;3;3;0;15;0;1;2;23.0;Franqueado: Ressarcimento via BSO. Consumidor/Revendedor: Itens selecionados  com até 60% de desconto.;;;;;15.0;Franqueado: Ressarcimento via BSO. Consumidor/Revendedor: itens selecionados de Niina Secrets com até 25% de desconto;Não;Não;Não;Não;Não;Não;Não;Não;1;0;1;0;1;1;2;4;Não;Não;;Não;0;96;23.23;1;Não
13629;C;;93288;SECRETS BAS LIQ HD/GLOW COR 80 30ml;MAQUIAGEM;MAQUIAGEM ROSTO;;;0;0;2;0;0;0;1;0;0;1;0;0;0;2;1;0;1;0;32;0;0;0;23.0;Franqueado: Ressarcimento via BSO. Consumidor/Revendedor: Itens selecionados  com até 60% de desconto.;;;;;15.0;Franqueado: Ressarcimento via BSO. Consumidor/Revendedor: itens selecionados de Niina Secrets com até 25% de desconto;Não;Não;Não;Não;Não;Não;Não;Não;5;0;0;0;0;0;0;0;Sim;Não;Crítico;Não;0;96;23.23;0;Não
13629;E;;93498;SECRETS BAS LIQ HD/GLOW COR 95 30ml;MAQUIAGEM;MAQUIAGEM ROSTO;;;0;0;0;0;0;0;0;0;0;0;0;0;0;0;0;0;0;0;;0;0;0;23.0;Franqueado: Ressarcimento via BSO. Consumidor/Revendedor: Itens selecionados  com até 60% de desconto.;;;;;15.0;Franqueado: Ressarcimento via BSO. Consumidor/Revendedor: itens selecionados de Niina Secrets com até 25% de desconto;Não;Não;Não;Não;Não;Não;Não;Não;8;0;0;0;0;0;0;0;Não;Não;;Não;0;96;23.23;0;Não
13629;C;;93274;SECRETS BASE LIQ HIDRA GLOW COR 00 30ml;MAQUIAGEM;MAQUIAGEM ROSTO;;;0;0;6;3;1;5;0;0;1;0;1;2;1;0;0;2;3;1;9;0;0;2;18.0;Franqueado: Ressarcimento via BSO. Consumidor/Revendedor: Itens selecionados  com até 60% de desconto.;;;;;15.0;Franqueado: Ressarcimento via BSO. Consumidor/Revendedor: itens selecionados de Niina Secrets com até 25% de desconto;Não;Não;Não;Não;Não;Não;Não;Não;26;0;0;0;0;0;0;0;Não;Não;;Não;0;96;23.23;0;Não
13629;B;BA;55805;SIAGE ACIDIFICANTE RESG IMEDIATO 150ml;CABELOS;TRATAMENTO CABELOS;;;5;6;0;0;0;5;2;3;29;24;11;37;8;23;18;42;16;3;3;34;44;32;52.0;Franqueado: Ressarcimento via BSO. Consumidor/Revendedor: Itens selecionados GIFTS, INFANTIL, CABELOS, ACESSÓRIOS, PERFUMARIA, CUIDADOS COM A BARBA, SABONETE CORPO, CUIDADOS FACIAIS e CUIDADOS COM A PELE com até 52% de desconto.;0.0;Compre R$300 em itens de Cabelos Siàge e ganhe 1 Siàge Acidificante Resgate Imediato. Limitado a 1 unidade por CPF.;63.0;Franqueado: Ressarcimento via BSO. Consumidor/Revendedor: Itens selecionados INFANTIL, ACESSÓRIOS, PERFUMARIA, MAQUIAGEM, CUIDADOS COM A PELE, CABELOS, GIFTS, SABONETE CORPO, CUIDADOS FACIAIS, SOLAR e ÓLEOS com até 63% de desconto.;63.0;Franqueado: Ressarcimento via BSO. Consumidor/Revendedor: Itens selecionados INFANTIL, ACESSÓRIOS, PERFUMARIA, MAQUIAGEM, CUIDADOS COM A PELE, CABELOS, GIFTS, SABONETE CORPO, CUIDADOS FACIAIS, SOLAR e ÓLEOS com até 63% de desconto.;Não;Não;Não;Não;Não;Não;Não;Não;40;0;67;0;54;76;120;152;Não;Não;;Não;0;48;17.3;54;Não
13629;C;;53358;SIAGE AMP CAP NUTR PRO CRONOLOGY 10ml;CABELOS;TRATAMENTO CABELOS;;;0;0;3;2;7;1;2;2;2;1;2;9;2;2;2;0;1;0;19;4;5;4;0.0;"Junte ao menos 5 embalagens de qualquer marca, leve ao Espaço do Revendedor durante o Ciclo 14/2026, utilizando o cupom ""Botirecicla5"" ao fazer um pedido mínimo e ganhe um produto selecionado para vender com 100% de lucro. Promoção não válida para cartuchos.";25.0;Franqueado: Ressarcimento via BSO. Consumidor/Revendedor: Itens selecionados de PERFUMARIA, MAQUIAGEM, CABELOS, CUIDADOS COM A PELE, CUIDADOS FACIAIS, SABONETE CORPO e DESODORANTES com até 50% de desconto.;"62.0
0.0";"Franqueado: Ressarcimento via BSO. Consumidor/Revendedor: Itens selecionados INFANTIL, ACESSÓRIOS, PERFUMARIA, MAQUIAGEM, CUIDADOS COM A PELE, CABELOS, GIFTS, SABONETE CORPO, CUIDADOS FACIAIS, SOLAR e ÓLEOS com até 63% de desconto.
Junte ao menos 5 embalagens de qualquer marca, leve ao Espaço do Revendedor durante o Ciclo 16/2026, utilizando o cupom ""Botirecicla5"" ao fazer um pedido mínimo e ganhe um produto selecionado para vender com 100% de lucro. Promoção não válida para cartuchos.";"62.0
0.0";"Franqueado: Ressarcimento via BSO. Consumidor/Revendedor: Itens selecionados INFANTIL, ACESSÓRIOS, PERFUMARIA, MAQUIAGEM, CUIDADOS COM A PELE, CABELOS, GIFTS, SABONETE CORPO, CUIDADOS FACIAIS, SOLAR e ÓLEOS com até 63% de desconto.
Junte ao menos 5 embalagens de qualquer marca, leve ao Espaço do Revendedor durante o Ciclo 17/2026, utilizando o cupom ""Botirecicla5"" ao fazer um pedido mínimo e ganhe um produto selecionado para vender com 100% de lucro. Promoção não válida para cartuchos.";Não;Não;Não;Não;Não;Não;Não;Não;0;0;7;4;4;6;11;15;Não;Não;;Não;0;468;9.48;4;Não
13629;C;;85755;SIAGE AMP CAP NUTRICAO PRO/CRON 30ml;CABELOS;TRATAMENTO CABELOS;;;6;0;68;5;4;6;2;12;4;7;6;2;12;4;0;0;4;5;3;3;5;3;25.0;Franqueado: Ressarcimento via BSO. Revendedor: Compre itens selecionados de Siàge (Pro Cronology, Pro Cronology curvas, Liso Intenso e Cauterização dos lisos) com até 28% de desconto;;;;;;;Não;Não;Não;Não;Não;Não;Não;Não;25;0;6;0;0;0;0;0;Não;Não;;Não;0;99;10.19;0;Não
13629;C;;53357;SIAGE AMP CAP RECONS PRO CRONOLOGY 10ml;CABELOS;TRATAMENTO CABELOS;;;0;0;5;2;6;0;4;0;0;3;1;7;0;4;3;3;3;0;13;4;5;4;0.0;"Junte ao menos 5 embalagens de qualquer marca, leve ao Espaço do Revendedor durante o Ciclo 14/2026, utilizando o cupom ""Botirecicla5"" ao fazer um pedido mínimo e ganhe um produto selecionado para vender com 100% de lucro. Promoção não válida para cartuchos.";25.0;Franqueado: Ressarcimento via BSO. Consumidor/Revendedor: Itens selecionados de PERFUMARIA, MAQUIAGEM, CABELOS, CUIDADOS COM A PELE, CUIDADOS FACIAIS, SABONETE CORPO e DESODORANTES com até 50% de desconto.;"62.0
0.0";"Franqueado: Ressarcimento via BSO. Consumidor/Revendedor: Itens selecionados INFANTIL, ACESSÓRIOS, PERFUMARIA, MAQUIAGEM, CUIDADOS COM A PELE, CABELOS, GIFTS, SABONETE CORPO, CUIDADOS FACIAIS, SOLAR e ÓLEOS com até 63% de desconto.
Junte ao menos 5 embalagens de qualquer marca, leve ao Espaço do Revendedor durante o Ciclo 16/2026, utilizando o cupom ""Botirecicla5"" ao fazer um pedido mínimo e ganhe um produto selecionado para vender com 100% de lucro. Promoção não válida para cartuchos.";"62.0
0.0";"Franqueado: Ressarcimento via BSO. Consumidor/Revendedor: Itens selecionados INFANTIL, ACESSÓRIOS, PERFUMARIA, MAQUIAGEM, CUIDADOS COM A PELE, CABELOS, GIFTS, SABONETE CORPO, CUIDADOS FACIAIS, SOLAR e ÓLEOS com até 63% de desconto.
Junte ao menos 5 embalagens de qualquer marca, leve ao Espaço do Revendedor durante o Ciclo 17/2026, utilizando o cupom ""Botirecicla5"" ao fazer um pedido mínimo e ganhe um produto selecionado para vender com 100% de lucro. Promoção não válida para cartuchos.";Não;Não;Não;Não;Não;Não;Não;Não;0;0;7;4;4;6;11;15;Não;Não;;Não;0;468;9.48;4;Não
13629;C;;85756;SIAGE AMP CAP RECONST PRO/CRON 30ml;CABELOS;TRATAMENTO CABELOS;;;2;5;97;10;2;12;3;6;4;7;7;2;10;4;1;0;4;8;2;3;4;3;25.0;Franqueado: Ressarcimento via BSO. Revendedor: Compre itens selecionados de Siàge (Pro Cronology, Pro Cronology curvas, Liso Intenso e Cauterização dos lisos) com até 28% de desconto;;;;;;;Não;Não;Não;Não;Não;Não;Não;Não;30;0;6;0;0;0;0;0;Não;Não;;Não;0;99;10.19;0;Não
13629;B;BC;54095;SIAGE BSTR CAP PRO/AG HAIR/PLAS V2 100ml;CABELOS;TRATAMENTO CABELOS;;;2;6;10;0;0;0;0;3;13;9;1;5;9;2;22;6;5;1;4;12;7;10;;;28.0;Franqueado: Ressarcimento via BSO. Consumidor/Revendedor: Compre itens selecionados de Siàge (Hair Plastia, Reset Químico e Nutri Acid Complex) com até 28% de desconto;;;30.0;Franqueado: Ressarcimento via BSO. Consumidor/Revendedor: Itens selecionados PERFUMARIA, SABONETE CORPO, ACESSÓRIOS, INFANTIL, MAQUIAGEM, CABELOS, CUIDADOS COM A PELE, CUIDADOS FACIAIS, CUIDADOS COM A BARBA e DESODORANTES com até 37% de desconto.;Não;Não;Não;Não;Não;Não;Não;Não;8;2;13;0;8;15;22;32;Não;Não;;Não;0;108;13.27;8;Não
13629;A;;53501;SIAGE COND ACELERA CRESC V3 200ml;CABELOS;CONDICIONADOR;;;28;77;385;29;50;183;68;60;52;218;84;42;42;43;42;232;31;9;3;54;253;91;"25.0
20.0
17.0
15.0
13.0
11.0
10.0";"25% de Lucro Extra em itens selecionados de Siàge Acelera o Crescimento, limitado a 4 unidades.
20% de Lucro Extra em itens selecionados de Siàge Acelera o Crescimento, limitado a 4 unidades.
17% de Lucro Extra em itens selecionados de Siàge Acelera o Crescimento, limitado a 4 unidades.
15% de Lucro Extra em itens selecionados de Siàge Acelera o Crescimento, limitado a 4 unidades.
13% de Lucro Extra em itens selecionados de Siàge Acelera o Crescimento, limitado a 4 unidades.
11% de Lucro Extra em itens selecionados de Siàge Acelera o Crescimento, limitado a 4 unidades.
10% de Lucro Extra em itens selecionados de Siàge Acelera o Crescimento, limitado a 4 unidades.";;;24.0;Franqueado: Ressarcimento via BSO. Consumidor/Revendedor: Itens selecionados CABELOS, DESODORANTES e PERFUMARIA com até 36% de desconto.;24.0;Franqueado: Ressarcimento via BSO. Consumidor/Revendedor: Itens selecionados DESODORANTES, PERFUMARIA, CUIDADOS COM A PELE, MAQUIAGEM, CABELOS, ACESSÓRIOS, CUIDADOS FACIAIS, SABONETE CORPO, SOLAR e CUIDADOS COM A BARBA com até 63% de desconto.;Não;Não;Não;Não;Não;Não;Não;Não;105;48;285;48;127;162;415;506;Não;Não;;Não;0;48;12.56;127;Não
13629;E;;89679;SIAGE COND BOND RESET 200ml;CABELOS;CONDICIONADOR;202613;;0;0;0;0;0;0;0;0;0;0;0;0;0;0;0;906;388;96;3;125;27;19;;;"11.0
10.0
5.0
2.0";"Franqueado: Ressarcimento via BSO. Consumidor/Revendedor: Compre itens selecionados de Siàge (Hair Plastia, Reset Químico e Nutri Acid Complex) com até 28% de desconto
10% de Lucro Extra em itens selecionados de Siàge, na compra de 2 ou mais unidades.
5% de Lucro Extra em itens selecionados de Siàge, na compra de 2 ou mais unidades.
2% de Lucro Extra em itens selecionados de Siàge, na compra de 2 ou mais unidades.";;;;;Não;Sim;Não;Não;Não;Não;Não;Não;21;0;53;48;46;126;153;172;Não;Não;;Não;0;48;12.56;46;Não
13629;B;BB;53430;SIAGE COND CAUTERIZ DOS FIOS V3 200ml;CABELOS;CONDICIONADOR;;;16;136;75;33;14;25;15;18;48;7;53;2;6;8;8;52;5;4;5;19;39;48;;;;;;;18.0;Franqueado: Ressarcimento via BSO. Consumidor/Revendedor: Itens selecionados CABELOS, MAQUIAGEM, CUIDADOS COM A PELE, PERFUMARIA, CUIDADOS COM A BARBA, ACESSÓRIOS, SOLAR, SABONETE CORPO, DESODORANTES e CUIDADOS FACIAIS com até 45% de desconto.;Não;Não;Não;Não;Não;Não;Não;Não;12;0;43;96;0;0;0;48;Sim;Não;Crítico;Não;0;48;12.56;0;Não
13629;B;BA;51745;SIAGE COND CAUTERIZ/LISOS 200ml;CABELOS;CONDICIONADOR;;;46;6;66;26;184;16;49;14;13;12;22;120;18;16;33;22;13;13;10;17;27;19;"18.0
10.0
5.0
2.0";"Consumidor/Revendedor: Compre o combo Cauterização dos lisos composto por: Siàge shampoo Cauterização dos lisos 250ml (51746) + Siàge condicionador Cauterização dos lisos 200ml (51745) de R$ 102,98 por R$ 83,90 - 18,52787% de desconto
10% de Lucro Extra em itens selecionados de Siàge, na compra de 2 ou mais unidades.
5% de Lucro Extra em itens selecionados de Siàge, na compra de 2 ou mais unidades.
2% de Lucro Extra em itens selecionados de Siàge, na compra de 2 ou mais unidades.";;;27.0;Franqueado: Ressarcimento via BSO. Consumidor/Revendedor: Nessa oferta compre  COMBO SIAGE CAUTERIZACAO DOS LISOS - SIAGE SHAMP CAUTERIZ/LISOS 250ml + SIAGE COND CAUTERIZ/LISOS 200ml + SIAGE MASC CAP CAUTERIZ/LISOS 250g DE R$ 177,97 POR R$ 129,90. Desconto total de 27,01017%.;27.0;Franqueado: Ressarcimento via BSO. Consumidor/Revendedor: Nessa oferta compre COMBO SIAGE CAUTERIZACAO/LISOS  - (51746) SIAGE SHAMP CAUTERIZ/LISOS 250ml + (51745) SIAGE COND CAUTERIZ/LISOS 200ml + (51749) SIAGE MASC CAP CAUTERIZ/LISOS 250g. DE R$ 177,97 POR R$ 129,90 Desconto total de 27.01017%.;Não;Não;Não;Não;Não;Não;Não;Não;16;1;38;7;33;44;71;90;Sim;Não;Crítico;Não;0;48;12.56;33;Não
13629;B;BA;07066;SIAGE COND CICA THERAPY 200ml;CABELOS;CONDICIONADOR;;;71;38;80;17;156;19;16;27;154;97;21;18;86;18;16;47;36;5;3;40;157;80;30.0;Revendedor selecionado que não comprou Siàge nos últimos 17 ciclos, ganhe 30% de Lucro Extra em itens selecionados. Limitado a 2 unidades por CPF.;30.0;Revendedor selecionado que não comprou Siàge nos últimos 17 ciclos, ganhe 30% de Lucro Extra em itens selecionados. Limitado a 2 unidades por CPF.;24.0;Franqueado: Ressarcimento via BSO. Consumidor/Revendedor: Itens selecionados CABELOS, DESODORANTES e PERFUMARIA com até 36% de desconto.;24.0;Franqueado: Ressarcimento via BSO. Consumidor/Revendedor: Itens selecionados DESODORANTES, PERFUMARIA, CUIDADOS COM A PELE, MAQUIAGEM, CABELOS, ACESSÓRIOS, CUIDADOS FACIAIS, SABONETE CORPO, SOLAR e CUIDADOS COM A BARBA com até 63% de desconto.;Não;Não;Não;Não;Não;Não;Não;Não;99;26;168;48;28;53;210;290;Não;Não;;Não;0;48;12.56;28;Não
13629;C;;56294;SIAGE COND CRESPOS/CACHEADOS MEN 200ml;CABELOS;CONDICIONADOR;;;12;3;5;7;4;1;5;4;11;1;5;4;2;5;7;5;2;3;4;3;9;4;20.0;Franqueado: Ressarcimento via BSO. Consumidor/Revendedor: Compre itens selecionados de Siàge Men com desconto progressivo. Leve 1 item com 15%, leve 2 itens ou mais com 20% de desconto;;;16.0;Franqueado: Ressarcimento via BSO. Consumidor/Revendedor: Compre itens selecionados de cuidados masculinos com até 16% de desconto;16.0;Franqueado: Ressarcimento via BSO. Consumidor/Revendedor: Itens selecionados DESODORANTES, PERFUMARIA, CUIDADOS COM A PELE, MAQUIAGEM, CABELOS, ACESSÓRIOS, CUIDADOS FACIAIS, SABONETE CORPO, SOLAR e CUIDADOS COM A BARBA com até 63% de desconto.;Não;Não;Não;Não;Não;Não;Não;Não;37;0;9;0;0;0;0;0;Não;Não;;Não;0;48;10.43;0;Não
13629;B;BA;47176;SIAGE COND GLOW EXPT 200ml;CABELOS;CONDICIONADOR;;;17;46;19;8;11;22;158;17;20;11;122;6;11;6;41;7;5;5;4;15;97;40;;;;;25.0;Franqueado: Ressarcimento via BSO. Consumidor/Revendedor: Itens selecionados INFANTIL, ACESSÓRIOS, PERFUMARIA, MAQUIAGEM, CUIDADOS COM A PELE, CABELOS, GIFTS, SABONETE CORPO, CUIDADOS FACIAIS, SOLAR e ÓLEOS com até 63% de desconto.;25.0;Franqueado: Ressarcimento via BSO. Consumidor/Revendedor: Itens selecionados INFANTIL, ACESSÓRIOS, PERFUMARIA, MAQUIAGEM, CUIDADOS COM A PELE, CABELOS, GIFTS, SABONETE CORPO, CUIDADOS FACIAIS, SOLAR e ÓLEOS com até 63% de desconto.;Não;Não;Não;Não;Não;Não;Não;Não;28;0;92;0;77;86;183;223;Sim;Não;Crítico;Não;0;48;12.56;77;Não
13629;A;;93047;SIAGE COND HAIR PLASTIA 200ml;CABELOS;CONDICIONADOR;;;37;12;205;73;6;27;132;27;27;21;154;73;25;13;131;17;15;31;4;32;37;23;;;18.0;Consumidor/Revendedor: Compre o combo Eudora Siàge Hair-Plastia composto por: Siàge shampoo hair-plastia 250ml (01641) + Siàge condicionador hair-plastia 200ml (93047) de R$ 102,98 por R$ 83,90 - 18,52787% de desconto;;;;;Não;Não;Não;Não;Não;Não;Não;Não;75;0;66;48;0;0;23;46;Não;Não;;Não;0;48;12.56;0;Não
13629;C;;52190;SIAGE COND HIDRATACAO INTENSA MEN 200ml;CABELOS;CONDICIONADOR;;;7;2;9;5;1;2;7;6;1;3;8;8;1;9;0;10;3;4;5;11;4;4;;;"16.0
6.0";"Franqueado: Ressarcimento via BSO. Consumidor/Revendedor: Compre itens selecionados de cuidados masculinos (Siàge Men) com até 16% de desconto
Consumidor/Revendedor: Compre o combo Siàge Men composto por: Siàge cond hidratação intensa Men 200ml (52190) + Siàge shamp limp purif Men 250ml (52204), preço de R$ 85,98 por R$ 68,90  - 19% de desconto (6,63957% de desconto adicional)";;;18.0;Franqueado: Ressarcimento via BSO. Consumidor/Revendedor: Itens selecionados PERFUMARIA, CABELOS, CUIDADOS COM A PELE e ACESSÓRIOS com até 33% de desconto.;Não;Não;Não;Não;Não;Não;Não;Não;28;0;10;0;0;0;0;2;Não;Não;;Não;0;48;10.43;0;Não
13629;B;BB;30302;SIAGE COND HIDRATACAO MICELAR V2 200ml;CABELOS;CONDICIONADOR;;;10;9;77;5;0;1;3;5;11;8;11;7;2;5;5;3;45;0;12;6;9;8;;;18.0;Franqueado: Ressarcimento via BSO. Consumidor/Revendedor: compre dois ou mais itens selecionados de CABELOS e ganhe até 18% de desconto.;;;18.0;Franqueado: Ressarcimento via BSO. Consumidor/Revendedor: Compre 2 ou mais itens selecionados de Siàge (Hidratação Micelar) e ganhe até 18% de desconto;Não;Não;Não;Não;Não;Não;Não;Não;109;0;11;0;0;0;0;0;Sim;Não;Crítico;Não;0;48;12.56;0;Não
13629;A;;53505;SIAGE COND LIS INT V3 200ml;CABELOS;CONDICIONADOR;;;10;41;174;23;19;98;36;53;24;154;26;44;48;104;22;61;27;35;3;33;134;98;"18.0
10.0
5.0
2.0";"Consumidor/Revendedor: Compre o combo Eudora Siàge Liso Intenso composto por: Siage shampoo liso intenso 250ml + Siage condicionador liso intenso 200ml de R$ 102,98 por R$ 83,90 - 18,52787% de desconto
10% de Lucro Extra em itens selecionados de Siàge, na compra de 2 ou mais unidades.
5% de Lucro Extra em itens selecionados de Siàge, na compra de 2 ou mais unidades.
2% de Lucro Extra em itens selecionados de Siàge, na compra de 2 ou mais unidades.";30.0;Revendedor selecionado que não comprou Siàge nos últimos 17 ciclos, ganhe 30% de Lucro Extra em itens selecionados. Limitado a 2 unidades por CPF.;"43.0
15.0";"Franqueado: Ressarcimento via BSO. Consumidor/Revendedor: Itens selecionados MAQUIAGEM, PERFUMARIA, ÓLEOS, ACESSÓRIOS, INFANTIL, CUIDADOS COM A PELE, CABELOS, CUIDADOS FACIAIS e CUIDADOS COM A BARBA com até 51% de desconto.
15% de Lucro Extra em itens selecionados de Liso Intenso, nas compras acima de 60 unidades.";"43.0
30.0";"Franqueado: Ressarcimento via BSO. Consumidor/Revendedor: Itens selecionados MAQUIAGEM, PERFUMARIA, ÓLEOS, ACESSÓRIOS, INFANTIL, CUIDADOS COM A PELE, CABELOS e CUIDADOS FACIAIS com até 51% de desconto.
Revendedor selecionado que não comprou Siàge nos últimos 17 ciclos, ganhe 30% de Lucro Extra em itens selecionados. Limitado a 2 unidades por CPF.";Não;Não;Não;Não;Não;Não;Não;Não;6;48;171;48;102;123;257;355;Não;Não;;Não;0;48;12.56;102;Não
13629;C;;53499;SIAGE COND LOIRO EXPT V3 200ml;CABELOS;CONDICIONADOR;;;8;3;5;1;2;8;8;0;5;11;2;3;17;9;1;6;1;0;14;8;4;2;"24.0
22.0
21.0
21.0
20.0
19.0
19.0";"Revendedor Cobre/Bronze: Itens selecionados com até 44% de lucro extra.
Revendedor Prata: Itens selecionados com até 41,25% de lucro extra.
Revendedor Platina: Itens selecionados com até 38,5% de lucro extra.
Revendedor Ouro: Itens selecionados com até 39,6% de lucro extra.
Revendedor Rubi: Itens selecionados com até 37,4% de lucro extra.
Revendedor Esmeralda: Itens selecionados com até 36,3% de lucro extra.
Revendedor Diamante: Itens selecionados com até 35,75% de lucro extra.";15.0;Franqueado: Ressarcimento via BSO. Consumidor/Revendedor: Itens selecionados com até 60% de desconto.;;;;;Não;Não;Não;Não;Não;Não;Não;Não;0;0;7;0;10;15;19;21;Sim;Não;Crítico;Não;0;48;12.56;10;Não
13629;A;;58120;SIAGE COND NUTRI AC/COMPLEX 200ml;CABELOS;CONDICIONADOR;;;52;57;57;376;48;61;57;28;173;42;46;330;32;23;43;203;17;34;2;82;74;58;30.0;Revendedor selecionado que não comprou Siàge nos últimos 17 ciclos, ganhe 30% de Lucro Extra em itens selecionados. Limitado a 2 unidades por CPF.;"18.0
10.0
5.0
2.0";"Consumidor/Revendedor: Compre o combo Eudora Siàge Nutri Acid Complex composto por: Siage shamp nutri ac/complex 250ml + Siage cond nutri ac/complex 200ml, preço de R$ 102,98 por R$ 83,90 - 18,52787% de desconto
10% de Lucro Extra em itens selecionados de Siàge, na compra de 2 ou mais unidades.
5% de Lucro Extra em itens selecionados de Siàge, na compra de 2 ou mais unidades.
2% de Lucro Extra em itens selecionados de Siàge, na compra de 2 ou mais unidades.";30.0;Na compra de itens selecionados de cabelos Siage no primeiro pedido, ganhe 30% de lucro extra. Limitado a 1 unidade por CPF. Válido para revendedores selecionados.;30.0;Revendedor selecionado que não comprou Siàge nos últimos 17 ciclos, ganhe 30% de Lucro Extra em itens selecionados. Limitado a 2 unidades por CPF.;Não;Sim;Não;Não;Não;Não;Não;Não;71;12;153;48;78;131;205;263;Não;Não;;Não;0;48;12.56;78;Não
13629;A;;88304;SIAGE COND NUTRI DIAMOND 200ml;CABELOS;CONDICIONADOR;;;0;0;0;0;0;0;0;0;0;0;0;0;700;276;23;21;17;12;4;8;14;7;30.0;Revendedor selecionado que não comprou Siàge nos últimos 17 ciclos, ganhe 30% de Lucro Extra em itens selecionados. Limitado a 2 unidades por CPF.;;;;;18.0;Consumidor/Revendedor: Compre o combo Eudora Siàge Nutri Diamond composto por: Siage shampoo nutri diamond 250ml (88303) + Siage condicionador nutri diamond 200ml (88304), preço de R$ 102,98 por R$ 83,90 - 18,52787% de desconto;Não;Não;Não;Não;Não;Não;Não;Não;89;0;21;0;0;0;0;0;Sim;Não;Crítico;Não;0;48;12.56;0;Não
13629;B;BB;47401;SIAGE COND NUTRI ROSE 400ml;CABELOS;CONDICIONADOR;;;8;18;15;5;0;0;1;6;19;2;0;5;12;11;0;16;9;1;5;5;17;8;;;;;13.0;"Franqueado: Ressarcimento via BSO. Consumidor/Revendedor: Compre itens selecionados de Siàge Nutri Rosé (47400; 47401) com até 14% de desconto";13.0;Franqueado: Ressarcimento via BSO. Consumidor/Revendedor: Itens selecionados DESODORANTES, PERFUMARIA, CUIDADOS COM A PELE, MAQUIAGEM, CABELOS, ACESSÓRIOS, CUIDADOS FACIAIS, SABONETE CORPO, SOLAR e CUIDADOS COM A BARBA com até 63% de desconto.;Não;Não;Não;Não;Não;Não;Não;Não;5;0;16;0;14;17;34;42;Sim;Não;Crítico;Não;0;24;17.78;14;Não
13629;A;;53436;SIAGE COND NUTRI ROSE V3 200ml;CABELOS;CONDICIONADOR;;;32;330;15;102;1;1;83;53;48;18;174;6;16;18;33;31;118;0;12;28;39;27;;;"25.0
20.0
17.0
15.0
13.0
11.0
10.0";"25% de Lucro Extra em itens selecionados de Siàge, limitado a 4 unidades.
20% de Lucro Extra em itens selecionados de Siàge, limitado a 4 unidades.
17% de Lucro Extra em itens selecionados de Siàge, limitado a 4 unidades.
15% de Lucro Extra em itens selecionados de Siàge, limitado a 4 unidades.
13% de Lucro Extra em itens selecionados de Siàge, limitado a 4 unidades.
11% de Lucro Extra em itens selecionados de Siàge, limitado a 4 unidades.
10% de Lucro Extra em itens selecionados de Siàge, limitado a 4 unidades.";;;30.0;Revendedor selecionado que não comprou Siàge nos últimos 17 ciclos, ganhe 30% de Lucro Extra em itens selecionados. Limitado a 2 unidades por CPF.;Não;Não;Não;Não;Não;Não;Não;Não;0;0;68;96;0;0;37;64;Sim;Não;Crítico;Não;0;48;12.56;0;Não
13629;B;BA;53095;SIAGE COND PRO CRONOLOGY 200ml;CABELOS;CONDICIONADOR;;;25;19;75;138;6;21;13;22;16;3;5;24;69;5;74;15;18;25;3;14;22;15;"18.0
10.0
5.0
2.0";"Consumidor/Revendedor: Compre o combo Eudora Siàge Pro Cronology composto por: Siàge shampoo pro cronology 250ml (53094) + Siàge condicionador pro cronology 200ml (53095) de R$ 102,98 por R$ 83,90 - 18,52787% de desconto
10% de Lucro Extra em itens selecionados de Siàge, na compra de 2 ou mais unidades.
5% de Lucro Extra em itens selecionados de Siàge, na compra de 2 ou mais unidades.
2% de Lucro Extra em itens selecionados de Siàge, na compra de 2 ou mais unidades.";30.0;Revendedor selecionado que não comprou Siàge nos últimos 17 ciclos, ganhe 30% de Lucro Extra em itens selecionados. Limitado a 2 unidades por CPF.;;;;;Não;Não;Não;Não;Não;Não;Não;Não;43;0;31;0;4;13;35;50;Não;Não;;Não;0;48;12.56;4;Não
13629;B;BA;58308;SIAGE COND PRO/CRON/CURV 250ml;CABELOS;CONDICIONADOR;;;6;17;191;126;16;70;14;91;10;8;58;7;44;13;20;13;17;67;2;16;27;47;"18.0
10.0
5.0
2.0";"Consumidor/Revendedor: Compre o combo Eudora Siàge Pro Cronology curvas composto por: Siage shampoo pro cronology curvas 250ml (58307) + Siage condicionador pro cronology curvas 250ml (58308) de R$ 102,98 por R$ 83,90 - 18,52787% de desconto
10% de Lucro Extra em itens selecionados de Siàge, na compra de 2 ou mais unidades.
5% de Lucro Extra em itens selecionados de Siàge, na compra de 2 ou mais unidades.
2% de Lucro Extra em itens selecionados de Siàge, na compra de 2 ou mais unidades.";;;;;24.0;Franqueado: Ressarcimento via BSO. Consumidor/Revendedor: Itens selecionados PERFUMARIA, SABONETE CORPO, ACESSÓRIOS, INFANTIL, MAQUIAGEM, CABELOS, CUIDADOS COM A PELE, CUIDADOS FACIAIS, CUIDADOS COM A BARBA e DESODORANTES com até 37% de desconto.;Não;Não;Não;Não;Não;Não;Não;Não;115;0;38;0;0;0;0;24;Não;Não;;Não;0;48;12.56;0;Não
13629;B;BA;53520;SIAGE COND RECONST/FIOS V3 200ml;CABELOS;CONDICIONADOR;;;13;155;21;4;2;1;0;1;1;48;15;10;8;7;133;20;12;10;3;10;14;16;18.0;Franqueado: Ressarcimento via BSO. Consumidor/Revendedor: Itens selecionados  com até 60% de desconto.;"32.0
27.0
24.0
22.0
20.0
18.0
17.0";"Revendedor Bronze: Ao realizar uma compra no Espaço do Revendedor, inclua um item selecionado de condicionadores da marca Siàge e ganhe 32,76% de lucro extra na primeira unidade ao utilizar o cupom “TURBINADOVD”. De 52,99 por 24,99. Limitado a 1 unidade por CPF. Cupom não acumulativo com demais ofertas. Exclusivo para pedidos feitos no Espaço do Revendedor. A promoção deve ser informada ao Revendedor apenas no momento em o pedido for finalizado se o item participante ainda não foi adicionado a compra.
Revendedor Prata: Ao realizar uma compra no Espaço do Revendedor, inclua um item selecionado de condicionadores da marca Siàge e ganhe 27,76% de lucro extra na primeira unidade ao utilizar o cupom “TURBINADOVD”. De 52,99 por 24,99. Limitado a 1 unidade por CPF. Cupom não acumulativo com demais ofertas. Exclusivo para pedidos feitos no Espaço do Revendedor. A promoção deve ser informada ao Revendedor apenas no momento em o pedido for finalizado se o item participante ainda não foi adicionado a compra.
Revendedor Ouro: Ao realizar uma compra no Espaço do Revendedor, inclua um item selecionado de condicionadores da marca Siàge e ganhe 24,76% de lucro extra na primeira unidade ao utilizar o cupom “TURBINADOVD”. De 52,99 por 24,99. Limitado a 1 unidade por CPF. Cupom não acumulativo com demais ofertas. Exclusivo para pedidos feitos no Espaço do Revendedor. A promoção deve ser informada ao Revendedor apenas no momento em o pedido for finalizado se o item participante ainda não foi adicionado a compra.
Revendedor Platina: Ao realizar uma compra no Espaço do Revendedor, inclua um item selecionado de condicionadores da marca Siàge e ganhe 22,76% de lucro extra na primeira unidade ao utilizar o cupom “TURBINADOVD”. De 52,99 por 24,99. Limitado a 1 unidade por CPF. Cupom não acumulativo com demais ofertas. Exclusivo para pedidos feitos no Espaço do Revendedor. A promoção deve ser informada ao Revendedor apenas no momento em o pedido for finalizado se o item participante ainda não foi adicionado a compra.
Revendedor Rubi: Ao realizar uma compra no Espaço do Revendedor, inclua um item selecionado de condicionadores da marca Siàge e ganhe 20,76% de lucro extra na primeira unidade ao utilizar o cupom “TURBINADOVD”. De 52,99 por 24,99. Limitado a 1 unidade por CPF. Cupom não acumulativo com demais ofertas. Exclusivo para pedidos feitos no Espaço do Revendedor. A promoção deve ser informada ao Revendedor apenas no momento em o pedido for finalizado se o item participante ainda não foi adicionado a compra.
Revendedor Esmeralda: Ao realizar uma compra no Espaço do Revendedor, inclua um item selecionado de condicionadores da marca Siàge e ganhe 18,76% de lucro extra na primeira unidade ao utilizar o cupom “TURBINADOVD”. De 52,99 por 24,99. Limitado a 1 unidade por CPF. Cupom não acumulativo com demais ofertas. Exclusivo para pedidos feitos no Espaço do Revendedor. A promoção deve ser informada ao Revendedor apenas no momento em o pedido for finalizado se o item participante ainda não foi adicionado a compra.
Revendedor Diamante: Ao realizar uma compra no Espaço do Revendedor, inclua um item selecionado de condicionadores da marca Siàge e ganhe 17,76% de lucro extra na primeira unidade ao utilizar o cupom “TURBINADOVD”. De 52,99 por 24,99. Limitado a 1 unidade por CPF. Cupom não acumulativo com demais ofertas. Exclusivo para pedidos feitos no Espaço do Revendedor. A promoção deve ser informada ao Revendedor apenas no momento em o pedido for finalizado se o item participante ainda não foi adicionado a compra.";;;12.0;Consumidor/Revendedor: Compre o combo Natal Siàge Reconstrói composto por: Siage shampoo reconstroi os fios 250ml + Siage condicionador reconstroi os fios 200ml, preço de R$102,98 por R$89,90 - 12,70150% de desconto;Não;Não;Não;Não;Não;Não;Não;Não;10;0;21;0;24;31;45;61;Sim;Não;Crítico;Não;0;48;12.56;24;Não
13629;C;;53441;SIAGE COND REGEN POS QUIMICA V3 200ml;CABELOS;CONDICIONADOR;;202617;8;41;220;26;16;5;9;50;23;10;0;0;22;0;0;0;0;0;108;7;0;0;;;"17.0
10.0
5.0
2.0";"Franqueado: Ressarcimento via BSO. Consumidor/Revendedor: Nessa oferta compre item selecionados da lista DE R$ 102,98 POR R$ 84,90. Desconto total de 17,55681%
10% de Lucro Extra em itens selecionados de Siàge, na compra de 2 ou mais unidades.
5% de Lucro Extra em itens selecionados de Siàge, na compra de 2 ou mais unidades.
2% de Lucro Extra em itens selecionados de Siàge, na compra de 2 ou mais unidades.";27.0;Franqueado: Ressarcimento via BSO. Consumidor/Revendedor: Itens selecionados MAQUIAGEM, PERFUMARIA, ÓLEOS, ACESSÓRIOS, INFANTIL, CUIDADOS COM A PELE, CABELOS, CUIDADOS FACIAIS e CUIDADOS COM A BARBA com até 51% de desconto.;27.0;Franqueado: Ressarcimento via BSO. Consumidor/Revendedor: Itens selecionados MAQUIAGEM, PERFUMARIA, ÓLEOS, ACESSÓRIOS, INFANTIL, CUIDADOS COM A PELE, CABELOS e CUIDADOS FACIAIS com até 51% de desconto.;Não;Não;Não;Não;Não;Não;Não;Não;0;5;13;1;10;15;15;15;Não;Não;;Não;0;48;12.56;10;Não
13629;A;;55803;SIAGE COND RESG IMEDIATO 200ml;CABELOS;CONDICIONADOR;;;43;234;95;43;53;31;49;35;172;20;34;273;18;22;76;17;28;15;3;45;148;91;30.0;Na compra de itens selecionados de cabelos Siage no primeiro pedido, ganhe 30% de lucro extra. Limitado a 1 unidade por CPF. Válido para revendedores selecionados.;;;24.0;Franqueado: Ressarcimento via BSO. Consumidor/Revendedor: Itens selecionados CABELOS, DESODORANTES e PERFUMARIA com até 36% de desconto.;24.0;Franqueado: Ressarcimento via BSO. Consumidor/Revendedor: Itens selecionados DESODORANTES, PERFUMARIA, CUIDADOS COM A PELE, MAQUIAGEM, CABELOS, ACESSÓRIOS, CUIDADOS FACIAIS, SABONETE CORPO, SOLAR e CUIDADOS COM A BARBA com até 63% de desconto.;Não;Não;Não;Não;Não;Não;Não;Não;68;48;198;48;69;98;246;337;Não;Não;;Não;0;48;12.56;69;Não
13629;B;BB;55474;SIAGE COND RESISTENCIA ANTIQUEDA 280ml;CABELOS;CONDICIONADOR;;;61;14;13;47;10;6;15;21;118;19;12;27;8;22;1;6;16;1;9;13;36;26;;;;;26.0;Franqueado: Ressarcimento via BSO. Consumidor/Revendedor: Itens selecionados INFANTIL, ACESSÓRIOS, PERFUMARIA, MAQUIAGEM, CUIDADOS COM A PELE, CABELOS, GIFTS, SABONETE CORPO, CUIDADOS FACIAIS, SOLAR e ÓLEOS com até 63% de desconto.;26.0;Franqueado: Ressarcimento via BSO. Consumidor/Revendedor: Itens selecionados INFANTIL, ACESSÓRIOS, PERFUMARIA, MAQUIAGEM, CUIDADOS COM A PELE, CABELOS, GIFTS, SABONETE CORPO, CUIDADOS FACIAIS, SOLAR e ÓLEOS com até 63% de desconto.;Não;Não;Não;Não;Não;Não;Não;Não;52;0;36;0;0;3;39;65;Não;Não;;Não;0;48;17.3;0;Não
13629;C;;55473;SIAGE COND SCALP REBALANCE 280ml;CABELOS;CONDICIONADOR;;;13;3;2;14;14;4;2;2;18;6;0;3;8;1;8;4;3;2;6;3;15;9;27.0;Franqueado: Ressarcimento via BSO. Consumidor/Revendedor: Nessa oferta compre COMBO SIAGE DERMO ANTICASPA - SIAGE SHAMP SCALP REBALANCE 300ml + SIAGE COND SCALP REBALANCE 280ml (55472+55473). DE R$ 145,98 POR R$ 105,90. Desconto total de 27,45582%.;;;27.0;Franqueado: Ressarcimento via BSO. Consumidor/Revendedor: Itens selecionados MAQUIAGEM, PERFUMARIA, ÓLEOS, ACESSÓRIOS, INFANTIL, CUIDADOS COM A PELE, CABELOS, CUIDADOS FACIAIS e CUIDADOS COM A BARBA com até 51% de desconto.;"28.0
27.0";"Consumidor/Revendedor: Compre o combo Eudora Siàge Dermo Anticaspa composto por: Siàge shampoo dermo anticaspa/couro sens 300ml + Siàge condicionador dermo anticaspa/couro sens 280ml, preço de R$ 145,98 por R$ 104,90 - 28,14084% de desconto
Franqueado: Ressarcimento via BSO. Consumidor/Revendedor: Itens selecionados MAQUIAGEM, PERFUMARIA, ÓLEOS, ACESSÓRIOS, INFANTIL, CUIDADOS COM A PELE, CABELOS e CUIDADOS FACIAIS com até 51% de desconto.";Não;Não;Não;Não;Não;Não;Não;Não;94;0;13;0;0;0;0;0;Não;Não;;Não;0;48;17.3;0;Não
13629;A;;87558;SIAGE COND VOL/IMED 200ml;CABELOS;CONDICIONADOR;;;0;0;0;0;0;0;309;78;29;55;62;33;138;35;27;29;27;4;4;29;44;46;;;"32.0
27.0
24.0
22.0
20.0
18.0
17.0";"Revendedor Bronze: Ao realizar uma compra no Espaço do Revendedor, inclua um item selecionado de condicionadores da marca Siàge e ganhe 32,76% de lucro extra na primeira unidade ao utilizar o cupom “TURBINADOVD”. De 52,99 por 24,99. Limitado a 1 unidade por CPF. Cupom não acumulativo com demais ofertas. Exclusivo para pedidos feitos no Espaço do Revendedor. A promoção deve ser informada ao Revendedor apenas no momento em o pedido for finalizado se o item participante ainda não foi adicionado a compra.
Revendedor Prata: Ao realizar uma compra no Espaço do Revendedor, inclua um item selecionado de condicionadores da marca Siàge e ganhe 27,76% de lucro extra na primeira unidade ao utilizar o cupom “TURBINADOVD”. De 52,99 por 24,99. Limitado a 1 unidade por CPF. Cupom não acumulativo com demais ofertas. Exclusivo para pedidos feitos no Espaço do Revendedor. A promoção deve ser informada ao Revendedor apenas no momento em o pedido for finalizado se o item participante ainda não foi adicionado a compra.
Revendedor Ouro: Ao realizar uma compra no Espaço do Revendedor, inclua um item selecionado de condicionadores da marca Siàge e ganhe 24,76% de lucro extra na primeira unidade ao utilizar o cupom “TURBINADOVD”. De 52,99 por 24,99. Limitado a 1 unidade por CPF. Cupom não acumulativo com demais ofertas. Exclusivo para pedidos feitos no Espaço do Revendedor. A promoção deve ser informada ao Revendedor apenas no momento em o pedido for finalizado se o item participante ainda não foi adicionado a compra.
Revendedor Platina: Ao realizar uma compra no Espaço do Revendedor, inclua um item selecionado de condicionadores da marca Siàge e ganhe 22,76% de lucro extra na primeira unidade ao utilizar o cupom “TURBINADOVD”. De 52,99 por 24,99. Limitado a 1 unidade por CPF. Cupom não acumulativo com demais ofertas. Exclusivo para pedidos feitos no Espaço do Revendedor. A promoção deve ser informada ao Revendedor apenas no momento em o pedido for finalizado se o item participante ainda não foi adicionado a compra.
Revendedor Rubi: Ao realizar uma compra no Espaço do Revendedor, inclua um item selecionado de condicionadores da marca Siàge e ganhe 20,76% de lucro extra na primeira unidade ao utilizar o cupom “TURBINADOVD”. De 52,99 por 24,99. Limitado a 1 unidade por CPF. Cupom não acumulativo com demais ofertas. Exclusivo para pedidos feitos no Espaço do Revendedor. A promoção deve ser informada ao Revendedor apenas no momento em o pedido for finalizado se o item participante ainda não foi adicionado a compra.
Revendedor Esmeralda: Ao realizar uma compra no Espaço do Revendedor, inclua um item selecionado de condicionadores da marca Siàge e ganhe 18,76% de lucro extra na primeira unidade ao utilizar o cupom “TURBINADOVD”. De 52,99 por 24,99. Limitado a 1 unidade por CPF. Cupom não acumulativo com demais ofertas. Exclusivo para pedidos feitos no Espaço do Revendedor. A promoção deve ser informada ao Revendedor apenas no momento em o pedido for finalizado se o item participante ainda não foi adicionado a compra.
Revendedor Diamante: Ao realizar uma compra no Espaço do Revendedor, inclua um item selecionado de condicionadores da marca Siàge e ganhe 17,76% de lucro extra na primeira unidade ao utilizar o cupom “TURBINADOVD”. De 52,99 por 24,99. Limitado a 1 unidade por CPF. Cupom não acumulativo com demais ofertas. Exclusivo para pedidos feitos no Espaço do Revendedor. A promoção deve ser informada ao Revendedor apenas no momento em o pedido for finalizado se o item participante ainda não foi adicionado a compra.";;;18.0;Consumidor/Revendedor: Compre o combo Eudora Siàge Volume Imediato composto por: Siage shamp vol/imed 250ml + Siage cond vol/imed 200ml de R$ 102,98 por R$ 83,90 - 18,52787% de desconto;Não;Não;Não;Não;Não;Não;Não;Não;53;8;76;48;0;10;54;100;Não;Não;;Não;0;48;12.56;0;Não
13629;A;;58310;SIAGE CR P/PENT DEF PRO/CRON/CURV 300ml;CABELOS;FINALIZADOR;;;23;25;259;91;18;26;18;66;37;64;42;17;47;16;55;16;28;62;2;23;38;60;20.0;Franqueado: Ressarcimento via BSO. Revendedor: Compre itens selecionados de Siàge (Pro Cronology, Pro Cronology curvas, Liso Intenso e Cauterização dos lisos) com até 28% de desconto;;;;;27.0;Franqueado: Ressarcimento via BSO. Consumidor/Revendedor: Itens selecionados PERFUMARIA, SABONETE CORPO, ACESSÓRIOS, INFANTIL, MAQUIAGEM, CABELOS, CUIDADOS COM A PELE, CUIDADOS FACIAIS, CUIDADOS COM A BARBA e DESODORANTES com até 37% de desconto.;Não;Não;Não;Não;Não;Não;Não;Não;2;31;64;30;37;52;90;150;Não;Não;;Não;0;48;13.04;37;Não
13629;B;BB;58311;SIAGE CR P/PENT VOL PRO/CRON/CURV 300ml;CABELOS;FINALIZADOR;;;24;9;142;64;20;20;22;30;3;6;11;14;30;6;25;5;14;17;4;12;19;22;20.0;Franqueado: Ressarcimento via BSO. Revendedor: Compre itens selecionados de Siàge (Pro Cronology, Pro Cronology curvas, Liso Intenso e Cauterização dos lisos) com até 28% de desconto;;;;;27.0;Franqueado: Ressarcimento via BSO. Consumidor/Revendedor: Itens selecionados PERFUMARIA, SABONETE CORPO, ACESSÓRIOS, INFANTIL, MAQUIAGEM, CABELOS, CUIDADOS COM A PELE, CUIDADOS FACIAIS, CUIDADOS COM A BARBA e DESODORANTES com até 37% de desconto.;Não;Não;Não;Não;Não;Não;Não;Não;19;7;23;34;0;0;9;31;Não;Não;;Não;0;48;13.04;0;Não
13629;C;;53464;SIAGE CR PENT POS QUIM RVL/CACH V3 270ml;CABELOS;FINALIZADOR;;;0;0;0;0;0;0;0;0;0;0;0;0;0;0;1;1;0;0;51;0;0;0;22.0;Franqueado: Ressarcimento via BSO. Consumidor/Revendedor: Itens selecionados GIFTS, INFANTIL, CABELOS, ACESSÓRIOS, PERFUMARIA, CUIDADOS COM A BARBA, SABONETE CORPO, CUIDADOS FACIAIS e CUIDADOS COM A PELE com até 52% de desconto.;22.0;Franqueado: Ressarcimento via BSO. Consumidor/Revendedor: Itens selecionados de PERFUMARIA, MAQUIAGEM, CABELOS, CUIDADOS COM A PELE, CUIDADOS FACIAIS, SABONETE CORPO e DESODORANTES com até 50% de desconto.;50.0;Franqueado: Ressarcimento via BSO. Consumidor/Revendedor: Itens selecionados INFANTIL, ACESSÓRIOS, PERFUMARIA, MAQUIAGEM, CUIDADOS COM A PELE, CABELOS, GIFTS, SABONETE CORPO, CUIDADOS FACIAIS, SOLAR e ÓLEOS com até 63% de desconto.;50.0;Franqueado: Ressarcimento via BSO. Consumidor/Revendedor: Itens selecionados INFANTIL, ACESSÓRIOS, PERFUMARIA, MAQUIAGEM, CUIDADOS COM A PELE, CABELOS, GIFTS, SABONETE CORPO, CUIDADOS FACIAIS, SOLAR e ÓLEOS com até 63% de desconto.;Não;Não;Não;Não;Não;Não;Não;Não;0;0;;0;0;0;0;0;Não;Não;;Não;0;48;13.75;0;Não
13629;B;BB;53469;SIAGE CREM PENT RVL/CACH V3 500g;CABELOS;FINALIZADOR;;;0;0;0;0;0;0;4;4;0;46;0;0;0;0;2;7;2;0;19;2;4;5;19.0;Franqueado: Ressarcimento via BSO. Consumidor/Revendedor: Itens selecionados  com até 60% de desconto.;;;;;26.0;Franqueado: Ressarcimento via BSO. Consumidor/Revendedor: Itens selecionados PERFUMARIA, SABONETE CORPO, ACESSÓRIOS, INFANTIL, MAQUIAGEM, CABELOS, CUIDADOS COM A PELE, CUIDADOS FACIAIS, CUIDADOS COM A BARBA e DESODORANTES com até 37% de desconto.;Não;Não;Não;Não;Não;Não;Não;Não;0;0;5;0;5;6;10;15;Sim;Não;Crítico;Não;0;15;16.12;5;Não
13629;B;BB;56295;SIAGE CREM PENTEAR CACHEADOS MEN 450g;CABELOS;FINALIZADOR;;;15;4;5;6;6;4;3;7;21;1;4;9;11;4;6;10;8;2;10;4;6;7;20.0;Franqueado: Ressarcimento via BSO. Consumidor/Revendedor: Compre itens selecionados de Siàge Men com desconto progressivo. Leve 1 item com 15%, leve 2 itens ou mais com 20% de desconto;;;;;14.0;Franqueado: Ressarcimento via BSO. Consumidor/Revendedor: Itens selecionados CABELOS, MAQUIAGEM, CUIDADOS COM A PELE, PERFUMARIA, CUIDADOS COM A BARBA, ACESSÓRIOS, SOLAR, SABONETE CORPO, DESODORANTES e CUIDADOS FACIAIS com até 45% de desconto.;Não;Não;Não;Não;Não;Não;Não;Não;0;0;8;0;9;11;17;24;Sim;Não;Crítico;Não;0;15;16.59;9;Não
13629;B;BC;56296;SIAGE CREM PENTEAR CRESPOS MEN 450g;CABELOS;FINALIZADOR;;;14;4;15;10;1;4;2;5;16;1;2;8;8;5;10;4;1;4;4;3;4;6;20.0;Franqueado: Ressarcimento via BSO. Consumidor/Revendedor: Compre itens selecionados de Siàge Men com desconto progressivo. Leve 1 item com 15%, leve 2 itens ou mais com 20% de desconto;;;;;14.0;Franqueado: Ressarcimento via BSO. Consumidor/Revendedor: Itens selecionados CABELOS, MAQUIAGEM, CUIDADOS COM A PELE, PERFUMARIA, CUIDADOS COM A BARBA, ACESSÓRIOS, SOLAR, SABONETE CORPO, DESODORANTES e CUIDADOS FACIAIS com até 45% de desconto.;Não;Não;Não;Não;Não;Não;Não;Não;3;0;5;2;2;4;8;14;Não;Não;;Não;0;15;16.59;2;Não
13629;B;BB;58312;SIAGE FIN CAP JELLY PRO/CRON/CURV 300ml;CABELOS;FINALIZADOR;;;9;6;86;24;6;35;8;20;6;8;5;4;16;8;21;5;16;11;5;7;14;25;15.0;Franqueado: Ressarcimento via BSO. Revendedor: Compre itens selecionados de Siàge (Pro Cronology, Pro Cronology curvas, Liso Intenso e Cauterização dos lisos) com até 28% de desconto;;;;;15.0;Franqueado: Ressarcimento via BSO. Consumidor/Revendedor: Itens selecionados CABELOS e CUIDADOS COM A PELE com até 17% de desconto.;Não;Não;Não;Não;Não;Não;Não;Não;8;6;16;23;0;0;9;34;Não;Não;;Não;0;48;15.41;0;Não
13629;B;BA;58122;SIAGE FIN CAP NUTRI AC/COMPLEX 100ml;CABELOS;FINALIZADOR;;;4;9;1;20;0;0;11;80;82;37;66;11;0;0;30;55;0;0;39;40;36;22;;;14.0;Franqueado: Ressarcimento via BSO. Consumidor/Revendedor: Compre itens selecionados de Siàge (Hair Plastia, Reset Químico e Nutri Acid Complex) com até 28% de desconto;;;;;Não;Sim;Não;Não;Não;Não;Não;Não;0;0;59;35;37;63;99;121;Não;Não;;Não;0;70;16.59;37;Não
13629;A;;88918;SIAGE FIN CAP NUTRI DIAMOND 100ml;CABELOS;FINALIZADOR;;;0;0;0;0;0;0;0;0;0;0;0;0;456;56;5;7;24;6;7;6;11;6;;;;;;;;;Não;Não;Não;Não;Não;Não;Não;Não;0;0;17;0;18;22;33;39;Sim;Não;Crítico;Não;0;48;16.59;18;Não
13629;C;;53754;SIAGE FRASQ VIAGEM NYLON;ACESSÓRIOS;ORGANIZADOR COSTURÁVEL;;;6;2;5;3;0;0;0;8;4;0;6;3;1;4;0;11;0;0;36;0;0;2;;;;;;;17.0;Franqueado: Ressarcimento via BSO. Consumidor/Revendedor: Itens selecionados PERFUMARIA, SABONETE CORPO, ACESSÓRIOS, INFANTIL, MAQUIAGEM, CABELOS, CUIDADOS COM A PELE, CUIDADOS FACIAIS, CUIDADOS COM A BARBA e DESODORANTES com até 37% de desconto.;Não;Não;Não;Não;Não;Não;Não;Não;0;0;;0;0;0;0;2;Não;Não;;Não;0;24;22.94;0;Não
13629;C;;57415;SIAGE GEL CAP MODEL EFEITO MOLH MEN 150g;CABELOS;STYLING;;;1;4;23;0;0;0;2;0;2;0;0;6;2;15;6;0;0;0;61;2;6;2;;;;;18.0;Franqueado: Ressarcimento via BSO. Consumidor/Revendedor: Itens selecionados MAQUIAGEM, PERFUMARIA, ÓLEOS, ACESSÓRIOS, INFANTIL, CUIDADOS COM A PELE, CABELOS, CUIDADOS FACIAIS e CUIDADOS COM A BARBA com até 51% de desconto.;18.0;Franqueado: Ressarcimento via BSO. Consumidor/Revendedor: Itens selecionados MAQUIAGEM, PERFUMARIA, ÓLEOS, ACESSÓRIOS, INFANTIL, CUIDADOS COM A PELE, CABELOS e CUIDADOS FACIAIS com até 51% de desconto.;Não;Não;Não;Não;Não;Não;Não;Não;2;0;6;0;4;6;12;14;Sim;Não;Crítico;Não;0;48;10.19;4;Não
13629;B;BB;51750;SIAGE LEAV CAP CAUTERIZ/LISOS 100ml;CABELOS;FINALIZADOR;;;40;14;15;14;44;0;30;14;6;19;0;63;8;1;3;0;0;0;66;8;12;20;28.0;Franqueado: Ressarcimento via BSO. Revendedor: Compre itens selecionados de Siàge (Pro Cronology, Pro Cronology curvas, Liso Intenso e Cauterização dos lisos) com até 28% de desconto;;;;;28.0;Franqueado: Ressarcimento via BSO. Consumidor/Revendedor: Itens selecionados CABELOS, MAQUIAGEM, CUIDADOS COM A PELE, PERFUMARIA, CUIDADOS COM A BARBA, ACESSÓRIOS, SOLAR, SABONETE CORPO, DESODORANTES e CUIDADOS FACIAIS com até 45% de desconto.;Não;Não;Não;Não;Não;Não;Não;Não;0;0;15;0;17;22;34;54;Sim;Não;Crítico;Não;0;70;13.27;17;Não
13629;B;BB;53438;SIAGE LEAV CAP NUTRI ROSE V3 100ml;CABELOS;FINALIZADOR;;;3;47;7;5;11;8;47;12;13;3;16;18;11;15;18;12;3;0;18;12;39;22;;;;;21.0;Franqueado: Ressarcimento via BSO. Consumidor/Revendedor: Complemente seu estojo com itens selecionados de Siàge (Nutri Rosé) com até 21% de desconto;21.0;Franqueado: Ressarcimento via BSO. Consumidor/Revendedor: Itens selecionados DESODORANTES, PERFUMARIA, CUIDADOS COM A PELE, MAQUIAGEM, CABELOS, ACESSÓRIOS, CUIDADOS FACIAIS, SABONETE CORPO, SOLAR e CUIDADOS COM A BARBA com até 63% de desconto.;Não;Não;Não;Não;Não;Não;Não;Não;0;0;37;0;41;49;88;110;Sim;Não;Crítico;Não;0;108;13.27;41;Não
13629;B;BB;53096;SIAGE LEAV CAP PRO CRONOLOGY 100ml;CABELOS;TRATAMENTO CABELOS;;;7;11;47;49;10;5;19;10;30;5;11;14;31;12;2;7;5;0;12;10;14;9;20.0;Franqueado: Ressarcimento via BSO. Revendedor: Compre itens selecionados de Siàge (Pro Cronology, Pro Cronology curvas, Liso Intenso e Cauterização dos lisos) com até 28% de desconto;;;;;;;Não;Não;Não;Não;Não;Não;Não;Não;0;0;17;0;20;26;40;49;Sim;Não;Crítico;Não;0;48;16.59;20;Não
13629;B;BA;53503;SIAGE LEAV IN CAP LIS INT V3 100ml;CABELOS;FINALIZADOR;;;6;12;60;5;9;40;21;10;22;84;21;21;23;42;5;20;23;0;16;15;52;44;"20.0
10.0
5.0
2.0";"Franqueado: Ressarcimento via BSO. Revendedor: Compre itens selecionados de Siàge (Pro Cronology, Pro Cronology curvas, Liso Intenso e Cauterização dos lisos) com até 28% de desconto
10% de Lucro Extra em itens selecionados de Siàge, na compra de 2 ou mais unidades.
5% de Lucro Extra em itens selecionados de Siàge, na compra de 2 ou mais unidades.
2% de Lucro Extra em itens selecionados de Siàge, na compra de 2 ou mais unidades.";;;15.0;Franqueado: Ressarcimento via BSO. Consumidor/Revendedor: Itens selecionados MAQUIAGEM, PERFUMARIA, ÓLEOS, ACESSÓRIOS, INFANTIL, CUIDADOS COM A PELE, CABELOS, CUIDADOS FACIAIS e CUIDADOS COM A BARBA com até 51% de desconto.;15.0;Franqueado: Ressarcimento via BSO. Consumidor/Revendedor: Itens selecionados CABELOS e CUIDADOS COM A PELE com até 17% de desconto.;Não;Não;Não;Não;Não;Não;Não;Não;0;0;58;0;63;72;124;168;Sim;Não;Crítico;Não;0;108;12.56;63;Não
13629;C;;47178;SIAGE LEAV IN DISCIPLINANT GL EXPT 100ml;CABELOS;FINALIZADOR;;;9;7;10;8;6;6;31;9;27;4;0;1;0;0;0;0;0;0;120;3;6;3;;;;;;;;;Não;Não;Não;Não;Não;Não;Não;Não;0;0;7;0;7;9;15;18;Sim;Não;Crítico;Não;0;70;13.27;7;Não
13629;B;BB;57076;SIAGE LEAVE IN RESG IMEDIATO 100ml;CABELOS;FINALIZADOR;;;12;39;8;17;14;2;0;1;0;0;13;66;15;10;12;7;0;0;47;11;48;18;;;;;20.0;Franqueado: Ressarcimento via BSO. Consumidor/Revendedor: Itens selecionados CABELOS, DESODORANTES e PERFUMARIA com até 36% de desconto.;20.0;Franqueado: Ressarcimento via BSO. Consumidor/Revendedor: Itens selecionados DESODORANTES, PERFUMARIA, CUIDADOS COM A PELE, MAQUIAGEM, CABELOS, ACESSÓRIOS, CUIDADOS FACIAIS, SABONETE CORPO, SOLAR e CUIDADOS COM A BARBA com até 63% de desconto.;Não;Não;Não;Não;Não;Não;Não;Não;0;0;39;14;29;36;84;102;Não;Não;;Não;0;70;14.93;29;Não
13629;B;BA;57491;SIAGE MAS/CAP RESISTENCIA ANTIQUEDA 250g;CABELOS;TRATAMENTO CABELOS;;;36;5;12;23;14;1;20;24;27;21;10;23;6;12;12;6;16;3;4;14;38;29;;;;;30.0;Franqueado: Ressarcimento via BSO. Consumidor/Revendedor: Itens selecionados INFANTIL, ACESSÓRIOS, PERFUMARIA, MAQUIAGEM, CUIDADOS COM A PELE, CABELOS, GIFTS, SABONETE CORPO, CUIDADOS FACIAIS, SOLAR e ÓLEOS com até 63% de desconto.;30.0;Franqueado: Ressarcimento via BSO. Consumidor/Revendedor: Itens selecionados INFANTIL, ACESSÓRIOS, PERFUMARIA, MAQUIAGEM, CUIDADOS COM A PELE, CABELOS, GIFTS, SABONETE CORPO, CUIDADOS FACIAIS, SOLAR e ÓLEOS com até 63% de desconto.;Não;Não;Não;Não;Não;Não;Não;Não;18;6;46;12;21;30;68;97;Não;Não;;Não;0;45;22.04;21;Não
13629;A;;53506;SIAGE MASC CAP ACELERA CRESC V3 250g;CABELOS;TRATAMENTO CABELOS;;;12;23;76;51;25;38;29;24;30;145;44;28;32;27;31;93;11;12;3;24;150;72;"25.0
20.0
17.0
15.0
13.0
11.0
10.0";"25% de Lucro Extra em itens selecionados de Siàge Acelera o Crescimento, limitado a 4 unidades.
20% de Lucro Extra em itens selecionados de Siàge Acelera o Crescimento, limitado a 4 unidades.
17% de Lucro Extra em itens selecionados de Siàge Acelera o Crescimento, limitado a 4 unidades.
15% de Lucro Extra em itens selecionados de Siàge Acelera o Crescimento, limitado a 4 unidades.
13% de Lucro Extra em itens selecionados de Siàge Acelera o Crescimento, limitado a 4 unidades.
11% de Lucro Extra em itens selecionados de Siàge Acelera o Crescimento, limitado a 4 unidades.
10% de Lucro Extra em itens selecionados de Siàge Acelera o Crescimento, limitado a 4 unidades.";;;33.0;Franqueado: Ressarcimento via BSO. Consumidor/Revendedor: Itens selecionados CABELOS, DESODORANTES e PERFUMARIA com até 36% de desconto.;33.0;Franqueado: Ressarcimento via BSO. Consumidor/Revendedor: Itens selecionados DESODORANTES, PERFUMARIA, CUIDADOS COM A PELE, MAQUIAGEM, CABELOS, ACESSÓRIOS, CUIDADOS FACIAIS, SABONETE CORPO, SOLAR e CUIDADOS COM A BARBA com até 63% de desconto.;Não;Não;Não;Não;Não;Não;Não;Não;53;4;177;0;140;155;305;377;Sim;Não;Crítico;Não;0;45;17.78;140;Não
13629;E;;89680;SIAGE MASC CAP BOND/RES 250g;CABELOS;TRATAMENTO CABELOS;202613;;0;0;0;0;0;0;0;0;0;0;0;0;0;0;0;848;348;82;2;182;36;25;;;"10.0
10.0
5.0
2.0";"Franqueado: Ressarcimento via BSO. Consumidor/Revendedor: Compre itens selecionados de Siàge (Hair Plastia, Reset Químico e Nutri Acid Complex) com até 28% de desconto
10% de Lucro Extra em itens selecionados de Siàge, na compra de 2 ou mais unidades.
5% de Lucro Extra em itens selecionados de Siàge, na compra de 2 ou mais unidades.
2% de Lucro Extra em itens selecionados de Siàge, na compra de 2 ou mais unidades.";;;;;Não;Sim;Não;Não;Não;Não;Não;Não;11;8;74;45;89;206;242;267;Não;Não;;Não;0;45;17.78;89;Não
13629;B;BA;53433;SIAGE MASC CAP CAUTERIZ FIOS V3 250g;CABELOS;TRATAMENTO CABELOS;;;14;97;126;12;21;11;3;15;36;7;61;5;7;36;22;55;5;0;16;16;33;51;;;;;;;20.0;Franqueado: Ressarcimento via BSO. Consumidor/Revendedor: Itens selecionados CABELOS, MAQUIAGEM, CUIDADOS COM A PELE, PERFUMARIA, CUIDADOS COM A BARBA, ACESSÓRIOS, SOLAR, SABONETE CORPO, DESODORANTES e CUIDADOS FACIAIS com até 45% de desconto.;Não;Não;Não;Não;Não;Não;Não;Não;2;0;43;0;48;58;91;142;Sim;Não;Crítico;Não;0;45;17.78;48;Não
13629;B;BA;51749;SIAGE MASC CAP CAUTERIZ/LISOS 250g;CABELOS;TRATAMENTO CABELOS;;;15;20;153;51;20;4;21;40;15;20;21;44;3;1;2;22;13;26;2;14;23;15;15.0;Franqueado: Ressarcimento via BSO. Revendedor: Compre itens selecionados de Siàge (Pro Cronology, Pro Cronology curvas, Liso Intenso e Cauterização dos lisos) com até 28% de desconto;;;27.0;Franqueado: Ressarcimento via BSO. Consumidor/Revendedor: Nessa oferta compre  COMBO SIAGE CAUTERIZACAO DOS LISOS - SIAGE SHAMP CAUTERIZ/LISOS 250ml + SIAGE COND CAUTERIZ/LISOS 200ml + SIAGE MASC CAP CAUTERIZ/LISOS 250g DE R$ 177,97 POR R$ 129,90. Desconto total de 27,01017%.;27.0;Franqueado: Ressarcimento via BSO. Consumidor/Revendedor: Nessa oferta compre COMBO SIAGE CAUTERIZACAO/LISOS  - (51746) SIAGE SHAMP CAUTERIZ/LISOS 250ml + (51745) SIAGE COND CAUTERIZ/LISOS 200ml + (51749) SIAGE MASC CAP CAUTERIZ/LISOS 250g. DE R$ 177,97 POR R$ 129,90 Desconto total de 27.01017%.;Não;Não;Não;Não;Não;Não;Não;Não;19;3;32;35;1;10;33;48;Não;Não;;Não;0;45;17.78;1;Não
13629;B;BA;47364;SIAGE MASC CAP CICA THERAPY 250g;CABELOS;TRATAMENTO CABELOS;;;26;38;26;66;41;15;18;4;85;36;24;11;76;13;21;11;6;8;3;23;78;49;;;;;33.0;Franqueado: Ressarcimento via BSO. Consumidor/Revendedor: Itens selecionados CABELOS, DESODORANTES e PERFUMARIA com até 36% de desconto.;33.0;Franqueado: Ressarcimento via BSO. Consumidor/Revendedor: Itens selecionados DESODORANTES, PERFUMARIA, CUIDADOS COM A PELE, MAQUIAGEM, CABELOS, ACESSÓRIOS, CUIDADOS FACIAIS, SABONETE CORPO, SOLAR e CUIDADOS COM A BARBA com até 63% de desconto.;Não;Não;Não;Não;Não;Não;Não;Não;43;1;88;0;63;78;156;205;Sim;Não;Crítico;Não;0;45;17.78;63;Não
13629;B;BB;47177;SIAGE MASC CAP GL EXPT 250g;CABELOS;TRATAMENTO CABELOS;;;12;25;13;8;7;11;56;5;6;26;49;2;3;7;21;0;0;0;61;9;61;27;;;;;30.0;Franqueado: Ressarcimento via BSO. Consumidor/Revendedor: Itens selecionados INFANTIL, ACESSÓRIOS, PERFUMARIA, MAQUIAGEM, CUIDADOS COM A PELE, CABELOS, GIFTS, SABONETE CORPO, CUIDADOS FACIAIS, SOLAR e ÓLEOS com até 63% de desconto.;30.0;Franqueado: Ressarcimento via BSO. Consumidor/Revendedor: Itens selecionados INFANTIL, ACESSÓRIOS, PERFUMARIA, MAQUIAGEM, CUIDADOS COM A PELE, CABELOS, GIFTS, SABONETE CORPO, CUIDADOS FACIAIS, SOLAR e ÓLEOS com até 63% de desconto.;Não;Não;Não;Não;Não;Não;Não;Não;0;0;50;45;7;13;74;101;Não;Não;;Não;0;45;17.78;7;Não
13629;B;BA;01644;SIAGE MASC CAP HIALUR HAIR/PLAS 250g;CABELOS;TRATAMENTO CABELOS;;;19;20;203;45;16;29;98;8;16;30;16;22;48;22;42;18;14;1;4;58;25;16;;;15.0;Franqueado: Ressarcimento via BSO. Consumidor/Revendedor: Compre itens selecionados de Siàge (Hair Plastia, Reset Químico e Nutri Acid Complex) com até 28% de desconto;;;;;Não;Não;Não;Não;Não;Não;Não;Não;0;8;60;37;41;79;104;120;Não;Não;;Não;0;45;17.78;41;Não
13629;A;;53500;SIAGE MASC CAP LIS INT V3 250g;CABELOS;TRATAMENTO CABELOS;;;8;36;44;15;10;61;17;24;15;87;19;12;8;68;11;67;17;16;3;14;83;60;"15.0
10.0
5.0
2.0";"Franqueado: Ressarcimento via BSO. Revendedor: Compre itens selecionados de Siàge (Pro Cronology, Pro Cronology curvas, Liso Intenso e Cauterização dos lisos) com até 28% de desconto
10% de Lucro Extra em itens selecionados de Siàge, na compra de 2 ou mais unidades.
5% de Lucro Extra em itens selecionados de Siàge, na compra de 2 ou mais unidades.
2% de Lucro Extra em itens selecionados de Siàge, na compra de 2 ou mais unidades.";;;"42.0
15.0";"Franqueado: Ressarcimento via BSO. Consumidor/Revendedor: Itens selecionados MAQUIAGEM, PERFUMARIA, ÓLEOS, ACESSÓRIOS, INFANTIL, CUIDADOS COM A PELE, CABELOS, CUIDADOS FACIAIS e CUIDADOS COM A BARBA com até 51% de desconto.
15% de Lucro Extra em itens selecionados de Liso Intenso, nas compras acima de 60 unidades.";42.0;Franqueado: Ressarcimento via BSO. Consumidor/Revendedor: Itens selecionados MAQUIAGEM, PERFUMARIA, ÓLEOS, ACESSÓRIOS, INFANTIL, CUIDADOS COM A PELE, CABELOS e CUIDADOS FACIAIS com até 51% de desconto.;Não;Não;Não;Não;Não;Não;Não;Não;3;0;99;45;58;67;150;210;Sim;Não;Crítico;Não;0;45;17.78;58;Não
13629;A;;58121;SIAGE MASC CAP NUTRI AC/COMPLEX 250g;CABELOS;TRATAMENTO CABELOS;;;61;65;54;371;45;41;37;45;141;41;53;302;36;23;31;131;37;15;2;122;76;57;;;"15.0
10.0
5.0
2.0";"Franqueado: Ressarcimento via BSO. Consumidor/Revendedor: Compre itens selecionados de Siàge (Hair Plastia, Reset Químico e Nutri Acid Complex) com até 28% de desconto
10% de Lucro Extra em itens selecionados de Siàge, na compra de 2 ou mais unidades.
5% de Lucro Extra em itens selecionados de Siàge, na compra de 2 ou mais unidades.
2% de Lucro Extra em itens selecionados de Siàge, na compra de 2 ou mais unidades.";;;;;Não;Sim;Não;Não;Não;Não;Não;Não;123;0;182;45;84;162;238;295;Não;Não;;Não;0;45;17.78;84;Não
13629;A;;88917;SIAGE MASC CAP NUTRI DIAMOND 250g;CABELOS;TRATAMENTO CABELOS;;;0;0;0;0;0;0;0;0;0;0;0;0;646;56;0;21;8;1;6;4;6;12;;;;;;;16.0;Franqueado: Ressarcimento via BSO. Revendedor: Compre itens selecionados de Siàge (Nutri diamond, Volume imediato e Reconstrói) com até 17% de desconto;Não;Não;Não;Não;Não;Não;Não;Não;2;0;11;0;12;14;20;32;Sim;Não;Crítico;Não;0;45;17.78;12;Não
13629;E;;93105;SIAGE MASC CAP NUTRI OL/POD 250g;CABELOS;TRATAMENTO CABELOS;;;9;26;65;1;5;14;1;4;0;0;0;0;0;0;0;0;0;0;211;12;5;6;20.0;Franqueado: Ressarcimento via BSO. Consumidor/Revendedor: Itens selecionados GIFTS, INFANTIL, CABELOS, ACESSÓRIOS, PERFUMARIA, CUIDADOS COM A BARBA, SABONETE CORPO, CUIDADOS FACIAIS e CUIDADOS COM A PELE com até 52% de desconto.;20.0;Franqueado: Ressarcimento via BSO. Consumidor/Revendedor: Itens selecionados de PERFUMARIA, MAQUIAGEM, CABELOS, CUIDADOS COM A PELE, CUIDADOS FACIAIS, SABONETE CORPO e DESODORANTES com até 50% de desconto.;"24.0
22.0
21.0
21.0
20.0
19.0
19.0";"Revendedor Cobre/Bronze: Itens selecionados com até 59,5% de lucro extra.
Revendedor Prata: Itens selecionados com até 59,5% de lucro extra.
Revendedor Ouro: Itens selecionados com até 59,5% de lucro extra.
Revendedor Platina: Itens selecionados com até 59,5% de lucro extra.
Revendedor Rubi: Itens selecionados com até 59,5% de lucro extra.
Revendedor Diamante: Itens selecionados com até 59,5% de lucro extra.
Revendedor Esmeralda: Itens selecionados com até 59,5% de lucro extra.";20.0;Franqueado: Ressarcimento via BSO. Consumidor/Revendedor: Itens selecionados CABELOS, MAQUIAGEM, CUIDADOS COM A PELE, PERFUMARIA, CUIDADOS COM A BARBA, ACESSÓRIOS, SOLAR, SABONETE CORPO, DESODORANTES e CUIDADOS FACIAIS com até 45% de desconto.;Não;Não;Não;Não;Não;Não;Não;Não;0;0;8;0;11;19;24;30;Sim;Não;Crítico;Não;0;45;17.78;11;Não
13629;E;;84687;SIAGE MASC CAP NUTRI ROSE MINI 50g;CABELOS;TRATAMENTO CABELOS;202614;;0;0;0;0;0;0;0;0;0;0;0;0;0;0;0;0;0;0;0;6;4;0;;;;;;;;;Não;Não;Não;Não;Não;Não;Não;Não;0;0;;0;7;10;14;14;Não;Não;;Não;0;140;0.0;7;Não
13629;B;BA;53437;SIAGE MASC CAP NUTRI ROSE V3 250g;CABELOS;TRATAMENTO CABELOS;;;23;207;29;25;6;5;60;72;19;0;0;0;0;20;34;33;82;0;13;19;28;17;;;"25.0
20.0
17.0
15.0
13.0
11.0
10.0";"25% de Lucro Extra em itens selecionados de Siàge, limitado a 4 unidades.
20% de Lucro Extra em itens selecionados de Siàge, limitado a 4 unidades.
17% de Lucro Extra em itens selecionados de Siàge, limitado a 4 unidades.
15% de Lucro Extra em itens selecionados de Siàge, limitado a 4 unidades.
13% de Lucro Extra em itens selecionados de Siàge, limitado a 4 unidades.
11% de Lucro Extra em itens selecionados de Siàge, limitado a 4 unidades.
10% de Lucro Extra em itens selecionados de Siàge, limitado a 4 unidades.";;;;;Não;Não;Não;Não;Não;Não;Não;Não;7;13;39;0;34;46;74;91;Sim;Não;Crítico;Não;0;36;17.78;34;Não
13629;A;;53355;SIAGE MASC CAP PRO CRONOLOGY 250g;CABELOS;TRATAMENTO CABELOS;;;26;28;29;136;23;42;32;10;61;17;22;33;40;9;70;7;29;34;2;17;27;22;15.0;Franqueado: Ressarcimento via BSO. Revendedor: Compre itens selecionados de Siàge (Pro Cronology, Pro Cronology curvas, Liso Intenso e Cauterização dos lisos) com até 28% de desconto;;;;;;;Não;Não;Não;Não;Não;Não;Não;Não;37;1;46;45;0;0;24;46;Não;Não;;Não;0;45;17.78;0;Não
13629;B;BA;53521;SIAGE MASC CAP RECONST/FIOS V3 250g;CABELOS;TRATAMENTO CABELOS;;;15;99;111;1;0;0;1;0;1;63;26;7;23;9;48;16;17;4;6;11;17;57;;;;;;;16.0;Franqueado: Ressarcimento via BSO. Revendedor: Compre itens selecionados de Siàge (Nutri diamond, Volume imediato e Reconstrói) com até 17% de desconto;Não;Não;Não;Não;Não;Não;Não;Não;51;0;25;0;0;0;6;63;Sim;Não;Crítico;Não;0;45;17.78;0;Não
13629;C;;53440;SIAGE MASC CAP REGEN POS QUIM V3 250g;CABELOS;TRATAMENTO CABELOS;;202617;8;43;270;24;19;10;19;37;30;10;5;0;0;0;0;0;0;0;142;15;0;0;;;13.0;Franqueado: Ressarcimento via BSO. Consumidor/Revendedor: Itens selecionados de Siàge Regeneração Pós Química com até 17% de desconto.;28.0;Franqueado: Ressarcimento via BSO. Consumidor/Revendedor: Itens selecionados MAQUIAGEM, PERFUMARIA, ÓLEOS, ACESSÓRIOS, INFANTIL, CUIDADOS COM A PELE, CABELOS, CUIDADOS FACIAIS e CUIDADOS COM A BARBA com até 51% de desconto.;28.0;Franqueado: Ressarcimento via BSO. Consumidor/Revendedor: Itens selecionados MAQUIAGEM, PERFUMARIA, ÓLEOS, ACESSÓRIOS, INFANTIL, CUIDADOS COM A PELE, CABELOS e CUIDADOS FACIAIS com até 51% de desconto.;Não;Não;Não;Não;Não;Não;Não;Não;0;0;27;34;0;7;7;7;Não;Não;;Não;0;45;17.78;0;Não
13629;E;;51517;SIAGE MASC CAP REGEN POS QUIMICA 500g V2;CABELOS;TRATAMENTO CABELOS;;;4;3;39;0;0;0;0;0;0;0;0;0;0;0;0;0;0;0;324;0;3;2;;;;;23.0;Franqueado: Ressarcimento via BSO. Consumidor/Revendedor: Itens selecionados MAQUIAGEM, PERFUMARIA, ÓLEOS, ACESSÓRIOS, INFANTIL, CUIDADOS COM A PELE, CABELOS, CUIDADOS FACIAIS e CUIDADOS COM A BARBA com até 51% de desconto.;23.0;Franqueado: Ressarcimento via BSO. Consumidor/Revendedor: Itens selecionados MAQUIAGEM, PERFUMARIA, ÓLEOS, ACESSÓRIOS, INFANTIL, CUIDADOS COM A PELE, CABELOS e CUIDADOS FACIAIS com até 51% de desconto.;Não;Não;Não;Não;Não;Não;Não;Não;0;0;2;0;1;1;4;6;Sim;Não;Crítico;Não;0;15;30.79;1;Não
13629;A;;55804;SIAGE MASC CAP RESG IMEDIATO 250g;CABELOS;TRATAMENTO CABELOS;;;25;197;39;27;87;31;54;56;43;16;29;242;21;22;53;18;30;11;3;25;120;74;;;;;33.0;Franqueado: Ressarcimento via BSO. Consumidor/Revendedor: Itens selecionados CABELOS, DESODORANTES e PERFUMARIA com até 36% de desconto.;33.0;Franqueado: Ressarcimento via BSO. Consumidor/Revendedor: Itens selecionados DESODORANTES, PERFUMARIA, CUIDADOS COM A PELE, MAQUIAGEM, CABELOS, ACESSÓRIOS, CUIDADOS FACIAIS, SABONETE CORPO, SOLAR e CUIDADOS COM A BARBA com até 63% de desconto.;Não;Não;Não;Não;Não;Não;Não;Não;36;36;148;45;49;65;185;259;Não;Não;;Não;0;45;17.78;49;Não
13629;B;BA;87559;SIAGE MASC CAP VOL/IMED 250g;CABELOS;TRATAMENTO CABELOS;;;0;0;0;0;0;0;252;1;0;8;60;31;23;0;0;3;21;3;4;12;17;88;;;;;;;16.0;Franqueado: Ressarcimento via BSO. Revendedor: Compre itens selecionados de Siàge (Nutri diamond, Volume imediato e Reconstrói) com até 17% de desconto;Não;Não;Não;Não;Não;Não;Não;Não;2;45;26;0;0;0;13;101;Não;Não;;Não;0;45;17.78;0;Não
13629;C;;87560;SIAGE MOUS CAP VOL/IMED 150ml;CABELOS;STYLING;;;0;0;0;0;0;0;43;29;32;4;5;0;0;0;0;0;0;0;;1;2;2;;;;;;;15.0;Franqueado: Ressarcimento via BSO. Consumidor/Revendedor: Itens selecionados CABELOS, MAQUIAGEM, CUIDADOS COM A PELE, PERFUMARIA, CUIDADOS COM A BARBA, ACESSÓRIOS, SOLAR, SABONETE CORPO, DESODORANTES e CUIDADOS FACIAIS com até 45% de desconto.;Não;Não;Não;Não;Não;Não;Não;Não;0;0;;0;0;0;0;0;Não;Sim;;Não;0;72;12.09;0;Não
13629;E;;89641;SIAGE NECESS ROSE PU;ACESSÓRIOS;ORGANIZADOR COSTURÁVEL;202614;;0;0;0;0;0;0;0;0;0;0;0;0;0;0;0;0;0;6;3;52;44;29;"20.0
10.0";"Franqueado: Ressarcimento via BSO. Consumidor/Revendedor: Compre itens selecionados do lançamento de acessórios (Siàge necess Rose PU - 89641) com até 20% de desconto
Franqueado: ressarcimento via BSO. Consumidor/Revendedor: Compre qualquer item selecionado de Siàge das linhas: Pro Cronology, Pro Cronology curvas, Liso Intenso e cauterização dos lisos e leve Necessaire Siàge (89641) com até 28% de desconto (10,73% de desconto adicional)";"20.0
10.0";"Franqueado: Ressarcimento via BSO. Consumidor/Revendedor: Compre o lançamento de acessórios (Necessaire Siàge collection 1 - 89641) com até 20% de desconto
Franqueado: ressarcimento via BSO. Consumidor/Revendedor: Compre qualquer item selecionado de Siàge das linhas: Nutri Acid Complex, Reset e Hair-Plastia e leve Necessaire Siàge (89641) com até 28% de desconto (10,73% de desconto adicional)";20.0;Franqueado: Ressarcimento via BSO. Consumidor/Revendedor: Complemente seu presente com itens selecionados de acessórios (Necessaire Siàge collection 1 - 89641) com até 20% de desconto;20.0;Franqueado: Ressarcimento via BSO. Consumidor/Revendedor: Complemente seu presente com lançamento de acessórios (Necessaire Siàge - 89641) com até 20% de desconto;Não;Não;Não;Não;Não;Não;Não;Não;44;0;39;0;62;88;132;161;Não;Não;;Não;0;40;20.04;62;Não
13629;C;;93131;SIAGE OL CAP BIF NUTRI OL/POD 90ml;CABELOS;FINALIZADOR;;;14;13;26;1;0;0;0;0;0;0;0;0;0;0;0;4;0;0;39;4;13;10;23.0;Franqueado: Ressarcimento via BSO. Consumidor/Revendedor: Itens selecionados  com até 60% de desconto.;;;"38.0
16.0
15.0
14.0
14.0
13.0
13.0
13.0";"Franqueado: Ressarcimento via BSO. Consumidor/Revendedor: Itens selecionados INFANTIL, ACESSÓRIOS, PERFUMARIA, MAQUIAGEM, CUIDADOS COM A PELE, CABELOS, GIFTS, SABONETE CORPO, CUIDADOS FACIAIS, SOLAR e ÓLEOS com até 63% de desconto.
Revendedor Cobre/Bronze: Itens selecionados com até 24% de lucro extra.
Revendedor Prata: Itens selecionados com até 22,5% de lucro extra.
Revendedor Platina: Itens selecionados com até 21% de lucro extra.
Revendedor Ouro: Itens selecionados com até 21,6% de lucro extra.
Revendedor Rubi: Itens selecionados com até 20,4% de lucro extra.
Revendedor Diamante: Itens selecionados com até 19,5% de lucro extra.
Revendedor Esmeralda: Itens selecionados com até 19,8% de lucro extra.";"38.0
16.0
15.0
14.0
14.0
13.0
13.0
13.0";"Franqueado: Ressarcimento via BSO. Consumidor/Revendedor: Itens selecionados INFANTIL, ACESSÓRIOS, PERFUMARIA, MAQUIAGEM, CUIDADOS COM A PELE, CABELOS, GIFTS, SABONETE CORPO, CUIDADOS FACIAIS, SOLAR e ÓLEOS com até 63% de desconto.
Revendedor Cobre/Bronze: Itens selecionados com até 40% de lucro extra.
Revendedor Prata: Itens selecionados com até 37,5% de lucro extra.
Revendedor Platina: Itens selecionados com até 35% de lucro extra.
Revendedor Ouro: Itens selecionados com até 36% de lucro extra.
Revendedor Diamante: Itens selecionados com até 32,5% de lucro extra.
Revendedor Esmeralda: Itens selecionados com até 33% de lucro extra.
Revendedor Rubi: Itens selecionados com até 34% de lucro extra.";Não;Não;Não;Não;Não;Não;Não;Não;1;0;13;0;14;16;29;39;Sim;Não;Crítico;Não;0;63;18.49;14;Não
13629;A;;94401;SIAGE OL CAP NUTRI DIAMOND 60ml;CABELOS;FINALIZADOR;;;0;0;0;0;0;0;0;0;0;0;0;0;659;110;60;51;49;10;2;34;46;28;;;;;;;17.0;Franqueado: Ressarcimento via BSO. Revendedor: Compre itens selecionados de Siàge (Nutri diamond, Volume imediato e Reconstrói) com até 17% de desconto;Não;Não;Não;Não;Não;Não;Não;Não;29;29;77;13;37;59;105;133;Não;Não;;Não;0;63;20.15;37;Não
13629;A;;86875;SIAGE OL CAP NUTRI ROSE 60ml;CABELOS;FINALIZADOR;;;40;339;54;103;64;28;36;3;114;56;181;60;43;71;29;3;0;25;2;38;57;66;;;;;;;17.0;Franqueado: Ressarcimento via BSO. Consumidor/Revendedor: Itens selecionados CABELOS e CUIDADOS COM A PELE com até 17% de desconto.;Não;Não;Não;Não;Não;Não;Não;Não;30;25;99;63;9;33;90;156;Não;Não;;Não;0;63;20.15;9;Não
13629;A;;85995;SIAGE OL CAP RECONSTROI/FIOS 60ml;CABELOS;FINALIZADOR;;;27;254;109;36;17;36;48;41;46;128;39;26;31;21;128;21;3;5;2;19;32;54;;;;;;;17.0;Franqueado: Ressarcimento via BSO. Revendedor: Compre itens selecionados de Siàge (Nutri diamond, Volume imediato e Reconstrói) com até 17% de desconto;Não;Não;Não;Não;Não;Não;Não;Não;18;3;53;0;47;59;91;145;Sim;Não;Crítico;Não;0;63;20.15;47;Não
13629;C;;56297;SIAGE OLEO CAP CRESPOS/CACHOS MEN 100ml;CABELOS;FINALIZADOR;;202614;10;4;4;0;3;0;2;0;0;0;0;0;2;5;1;5;1;1;6;0;0;0;20.0;Franqueado: Ressarcimento via BSO. Consumidor/Revendedor: Compre itens selecionados de Siàge Men com desconto progressivo. Leve 1 item com 15%, leve 2 itens ou mais com 20% de desconto;;;;;;;Não;Não;Não;Não;Não;Não;Não;Não;1;0;0;0;0;0;0;0;Sim;Não;Crítico;Não;0;63;14.22;0;Não
13629;C;;52214;SIAGE POMAD MODEL CAP MEN V2 90g;CABELOS;STYLING;;;2;5;14;7;7;1;0;0;0;1;10;3;1;2;8;4;6;0;12;3;9;4;;;;;19.0;Franqueado: Ressarcimento via BSO. Consumidor/Revendedor: Itens selecionados MAQUIAGEM, PERFUMARIA, ÓLEOS, ACESSÓRIOS, INFANTIL, CUIDADOS COM A PELE, CABELOS, CUIDADOS FACIAIS e CUIDADOS COM A BARBA com até 51% de desconto.;19.0;Franqueado: Ressarcimento via BSO. Consumidor/Revendedor: Itens selecionados MAQUIAGEM, PERFUMARIA, ÓLEOS, ACESSÓRIOS, INFANTIL, CUIDADOS COM A PELE, CABELOS e CUIDADOS FACIAIS com até 51% de desconto.;Não;Não;Não;Não;Não;Não;Não;Não;2;0;9;2;7;9;18;22;Não;Não;;Não;0;105;12.56;7;Não
13629;E;;89681;SIAGE PROTN CAP BOND RESET 80g;CABELOS;FINALIZADOR;202613;;0;0;0;0;0;0;0;0;0;0;0;0;0;0;0;654;71;4;2;43;29;20;;;"10.0
10.0
5.0
2.0";"Franqueado: Ressarcimento via BSO. Consumidor/Revendedor: Compre itens selecionados de Siàge (Hair Plastia, Reset Químico e Nutri Acid Complex) com até 28% de desconto
10% de Lucro Extra em itens selecionados de Siàge, na compra de 2 ou mais unidades.
5% de Lucro Extra em itens selecionados de Siàge, na compra de 2 ou mais unidades.
2% de Lucro Extra em itens selecionados de Siàge, na compra de 2 ou mais unidades.";;;;;Não;Sim;Não;Não;Não;Não;Não;Não;20;0;29;1;41;69;98;118;Sim;Não;Crítico;Não;0;96;18.96;41;Não
13629;B;BB;55476;SIAGE SH RESISTENCIA ANTIQUEDA 300ml;CABELOS;SHAMPOO/PRÉ-SHAMPOO;;;68;19;17;74;12;6;18;20;120;21;14;30;0;0;0;8;14;0;19;17;34;26;;;;;24.0;Franqueado: Ressarcimento via BSO. Consumidor/Revendedor: Itens selecionados INFANTIL, ACESSÓRIOS, PERFUMARIA, MAQUIAGEM, CUIDADOS COM A PELE, CABELOS, GIFTS, SABONETE CORPO, CUIDADOS FACIAIS, SOLAR e ÓLEOS com até 63% de desconto.;24.0;Franqueado: Ressarcimento via BSO. Consumidor/Revendedor: Itens selecionados INFANTIL, ACESSÓRIOS, PERFUMARIA, MAQUIAGEM, CUIDADOS COM A PELE, CABELOS, GIFTS, SABONETE CORPO, CUIDADOS FACIAIS, SOLAR e ÓLEOS com até 63% de desconto.;Não;Não;Não;Não;Não;Não;Não;Não;0;0;38;0;43;54;88;114;Sim;Não;Crítico;Não;0;48;17.69;43;Não
13629;A;;53502;SIAGE SHAMP ACELERA CRESC V3 250ml;CABELOS;SHAMPOO/PRÉ-SHAMPOO;;;21;91;459;35;55;241;63;76;59;227;95;52;53;57;53;238;33;1;4;59;271;100;"25.0
20.0
17.0
15.0
13.0
11.0
10.0";"25% de Lucro Extra em itens selecionados de Siàge Acelera o Crescimento, limitado a 4 unidades.
20% de Lucro Extra em itens selecionados de Siàge Acelera o Crescimento, limitado a 4 unidades.
17% de Lucro Extra em itens selecionados de Siàge Acelera o Crescimento, limitado a 4 unidades.
15% de Lucro Extra em itens selecionados de Siàge Acelera o Crescimento, limitado a 4 unidades.
13% de Lucro Extra em itens selecionados de Siàge Acelera o Crescimento, limitado a 4 unidades.
11% de Lucro Extra em itens selecionados de Siàge Acelera o Crescimento, limitado a 4 unidades.
10% de Lucro Extra em itens selecionados de Siàge Acelera o Crescimento, limitado a 4 unidades.";;;20.0;Franqueado: Ressarcimento via BSO. Consumidor/Revendedor: Itens selecionados CABELOS, DESODORANTES e PERFUMARIA com até 36% de desconto.;20.0;Franqueado: Ressarcimento via BSO. Consumidor/Revendedor: Itens selecionados DESODORANTES, PERFUMARIA, CUIDADOS COM A PELE, MAQUIAGEM, CABELOS, ACESSÓRIOS, CUIDADOS FACIAIS, SABONETE CORPO, SOLAR e CUIDADOS COM A BARBA com até 63% de desconto.;Não;Não;Não;Não;Não;Não;Não;Não;1;144;308;0;211;249;520;620;Sim;Não;Crítico;Não;0;48;12.12;211;Não
13629;E;;89678;SIAGE SHAMP BOND RESET 250ml;CABELOS;SHAMPOO/PRÉ-SHAMPOO;202613;;0;0;0;0;0;0;0;0;0;0;0;0;0;0;0;938;379;92;2;175;38;27;;;"10.0
10.0
5.0
2.0";"Franqueado: Ressarcimento via BSO. Consumidor/Revendedor: Compre itens selecionados de Siàge (Hair Plastia, Reset Químico e Nutri Acid Complex) com até 28% de desconto
10% de Lucro Extra em itens selecionados de Siàge, na compra de 2 ou mais unidades.
5% de Lucro Extra em itens selecionados de Siàge, na compra de 2 ou mais unidades.
2% de Lucro Extra em itens selecionados de Siàge, na compra de 2 ou mais unidades.";;;;;Não;Sim;Não;Não;Não;Não;Não;Não;4;3;74;0;131;244;282;309;Não;Não;;Não;0;48;12.12;131;Não
13629;C;;90923;SIAGE SHAMP CAB/BARBA MEN 250ml;CABELOS;SHAMPOO/PRÉ-SHAMPOO;;;0;0;0;0;0;0;0;0;0;0;0;0;0;1;50;6;7;1;5;2;3;2;;;;;;;;;Não;Não;Não;Não;Não;Não;Não;Não;2;0;4;1;2;4;7;9;Sim;Não;Crítico;Não;0;48;10.18;2;Não
13629;B;BB;53428;SIAGE SHAMP CAUTERIZ FIOS V3 250ml;CABELOS;SHAMPOO/PRÉ-SHAMPOO;;;17;135;76;36;13;56;9;25;39;8;52;3;7;33;14;56;5;6;2;22;43;58;;;"25.0
20.0
17.0
15.0
13.0
11.0
10.0";"25% de Lucro Extra em itens selecionados de Siàge, limitado a 4 unidades.
20% de Lucro Extra em itens selecionados de Siàge, limitado a 4 unidades.
17% de Lucro Extra em itens selecionados de Siàge, limitado a 4 unidades.
15% de Lucro Extra em itens selecionados de Siàge, limitado a 4 unidades.
13% de Lucro Extra em itens selecionados de Siàge, limitado a 4 unidades.
11% de Lucro Extra em itens selecionados de Siàge, limitado a 4 unidades.
10% de Lucro Extra em itens selecionados de Siàge, limitado a 4 unidades.";;;18.0;Franqueado: Ressarcimento via BSO. Consumidor/Revendedor: Itens selecionados CABELOS, MAQUIAGEM, CUIDADOS COM A PELE, PERFUMARIA, CUIDADOS COM A BARBA, ACESSÓRIOS, SOLAR, SABONETE CORPO, DESODORANTES e CUIDADOS FACIAIS com até 45% de desconto.;Não;Não;Não;Não;Não;Não;Não;Não;15;4;48;0;45;59;102;160;Sim;Não;Crítico;Não;0;48;12.12;45;Não
13629;B;BA;51746;SIAGE SHAMP CAUTERIZ/LISOS 250ml;CABELOS;SHAMPOO/PRÉ-SHAMPOO;;;58;19;69;29;187;18;39;8;16;20;30;126;22;19;48;31;16;17;5;20;33;23;"18.0
10.0
5.0
2.0";"Consumidor/Revendedor: Compre o combo Cauterização dos lisos composto por: Siàge shampoo Cauterização dos lisos 250ml (51746) + Siàge condicionador Cauterização dos lisos 200ml (51745) de R$ 102,98 por R$ 83,90 - 18,52787% de desconto
10% de Lucro Extra em itens selecionados de Siàge, na compra de 2 ou mais unidades.
5% de Lucro Extra em itens selecionados de Siàge, na compra de 2 ou mais unidades.
2% de Lucro Extra em itens selecionados de Siàge, na compra de 2 ou mais unidades.";;;27.0;Franqueado: Ressarcimento via BSO. Consumidor/Revendedor: Nessa oferta compre  COMBO SIAGE CAUTERIZACAO DOS LISOS - SIAGE SHAMP CAUTERIZ/LISOS 250ml + SIAGE COND CAUTERIZ/LISOS 200ml + SIAGE MASC CAP CAUTERIZ/LISOS 250g DE R$ 177,97 POR R$ 129,90. Desconto total de 27,01017%.;27.0;Franqueado: Ressarcimento via BSO. Consumidor/Revendedor: Nessa oferta compre COMBO SIAGE CAUTERIZACAO/LISOS  - (51746) SIAGE SHAMP CAUTERIZ/LISOS 250ml + (51745) SIAGE COND CAUTERIZ/LISOS 200ml + (51749) SIAGE MASC CAP CAUTERIZ/LISOS 250g. DE R$ 177,97 POR R$ 129,90 Desconto total de 27.01017%.;Não;Não;Não;Não;Não;Não;Não;Não;38;0;46;96;0;0;0;1;Não;Não;;Não;0;48;12.12;0;Não
13629;A;;19816;SIAGE SHAMP CICA THERAPY 250ml;CABELOS;SHAMPOO/PRÉ-SHAMPOO;;;78;54;100;28;159;27;22;37;156;98;29;21;95;20;29;50;26;3;3;49;172;83;30.0;Revendedor selecionado que não comprou Siàge nos últimos 17 ciclos, ganhe 30% de Lucro Extra em itens selecionados. Limitado a 2 unidades por CPF.;30.0;Revendedor selecionado que não comprou Siàge nos últimos 17 ciclos, ganhe 30% de Lucro Extra em itens selecionados. Limitado a 2 unidades por CPF.;20.0;Franqueado: Ressarcimento via BSO. Consumidor/Revendedor: Itens selecionados CABELOS, DESODORANTES e PERFUMARIA com até 36% de desconto.;20.0;Franqueado: Ressarcimento via BSO. Consumidor/Revendedor: Itens selecionados DESODORANTES, PERFUMARIA, CUIDADOS COM A PELE, MAQUIAGEM, CABELOS, ACESSÓRIOS, CUIDADOS FACIAIS, SABONETE CORPO, SOLAR e CUIDADOS COM A BARBA com até 63% de desconto.;Não;Não;Não;Não;Não;Não;Não;Não;2;0;218;0;234;265;437;520;Sim;Não;Crítico;Não;0;48;12.12;234;Não
13629;B;BC;52212;SIAGE SHAMP COMBATE CASP MEN V3 250ml;CABELOS;SHAMPOO/PRÉ-SHAMPOO;;;2;0;0;0;6;5;5;3;8;21;4;16;3;1;5;6;6;3;3;4;5;4;;;;;;;14.0;Franqueado: Ressarcimento via BSO. Consumidor/Revendedor: Itens selecionados PERFUMARIA, CABELOS, CUIDADOS COM A PELE e ACESSÓRIOS com até 33% de desconto.;Não;Não;Não;Não;Não;Não;Não;Não;2;0;6;3;4;6;11;15;Não;Não;;Não;0;48;10.18;4;Não
13629;C;;56293;SIAGE SHAMP CRESPOS/CACHEADOS MEN 250ml;CABELOS;SHAMPOO/PRÉ-SHAMPOO;;;10;5;8;7;10;1;5;4;12;1;5;13;2;5;8;4;3;4;4;2;8;4;20.0;Franqueado: Ressarcimento via BSO. Consumidor/Revendedor: Compre itens selecionados de Siàge Men com desconto progressivo. Leve 1 item com 15%, leve 2 itens ou mais com 20% de desconto;;;12.0;Franqueado: Ressarcimento via BSO. Consumidor/Revendedor: Compre itens selecionados de cuidados masculinos com até 16% de desconto;12.0;Franqueado: Ressarcimento via BSO. Consumidor/Revendedor: Itens selecionados DESODORANTES, PERFUMARIA, CUIDADOS COM A PELE, MAQUIAGEM, CABELOS, ACESSÓRIOS, CUIDADOS FACIAIS, SABONETE CORPO, SOLAR e CUIDADOS COM A BARBA com até 63% de desconto.;Não;Não;Não;Não;Não;Não;Não;Não;9;0;8;0;0;2;10;14;Sim;Não;Crítico;Não;0;48;10.18;0;Não
13629;B;BC;52213;SIAGE SHAMP ESTIM CRESC MEN V2 250ml;CABELOS;SHAMPOO/PRÉ-SHAMPOO;;;4;6;13;39;7;23;0;12;2;8;10;21;0;0;4;29;0;4;9;6;35;9;;;;;"14.0
6.0";"Franqueado: Ressarcimento via BSO. Consumidor/Revendedor: Compre itens selecionados de cuidados masculinos com até 16% de desconto
Consumidor/Revendedor: Na BW compre o combo Siàge Men estimula o crescimento, composto por: Siàge shampoo estimula o crescimento men 250ml + Siàge tônico capilar estimula o crescimento men 100ml, preço de R$ 111,98 por R$ 89,90 - 19% desconto (6,15866% de desconto adicional)";14.0;Franqueado: Ressarcimento via BSO. Consumidor/Revendedor: Itens selecionados DESODORANTES, PERFUMARIA, CUIDADOS COM A PELE, MAQUIAGEM, CABELOS, ACESSÓRIOS, CUIDADOS FACIAIS, SABONETE CORPO, SOLAR e CUIDADOS COM A BARBA com até 63% de desconto.;Não;Não;Não;Não;Não;Não;Não;Não;8;0;22;9;10;14;49;58;Não;Não;;Não;0;48;10.18;10;Não
13629;B;BA;47175;SIAGE SHAMP GL EXPT 250ml;CABELOS;SHAMPOO/PRÉ-SHAMPOO;;;21;52;24;15;16;24;135;20;23;22;128;4;17;7;43;9;4;8;3;16;105;44;;;;;25.0;Franqueado: Ressarcimento via BSO. Consumidor/Revendedor: Itens selecionados INFANTIL, ACESSÓRIOS, PERFUMARIA, MAQUIAGEM, CUIDADOS COM A PELE, CABELOS, GIFTS, SABONETE CORPO, CUIDADOS FACIAIS, SOLAR e ÓLEOS com até 63% de desconto.;25.0;Franqueado: Ressarcimento via BSO. Consumidor/Revendedor: Itens selecionados INFANTIL, ACESSÓRIOS, PERFUMARIA, MAQUIAGEM, CUIDADOS COM A PELE, CABELOS, GIFTS, SABONETE CORPO, CUIDADOS FACIAIS, SOLAR e ÓLEOS com até 63% de desconto.;Não;Não;Não;Não;Não;Não;Não;Não;142;0;100;0;0;0;87;131;Sim;Não;Crítico;Não;0;48;12.12;0;Não
13629;A;;01641;SIAGE SHAMP HAIR/PLAS 250ml;CABELOS;SHAMPOO/PRÉ-SHAMPOO;;;14;30;221;69;3;35;96;32;43;30;164;85;18;22;134;24;23;33;4;34;44;26;;;18.0;Consumidor/Revendedor: Compre o combo Eudora Siàge Hair-Plastia composto por: Siàge shampoo hair-plastia 250ml (01641) + Siàge condicionador hair-plastia 200ml (93047) de R$ 102,98 por R$ 83,90 - 18,52787% de desconto;;;;;Não;Não;Não;Não;Não;Não;Não;Não;64;0;75;48;0;7;51;77;Não;Não;;Não;0;48;12.12;0;Não
13629;C;;30199;SIAGE SHAMP HID MICLR 250ml;CABELOS;SHAMPOO/PRÉ-SHAMPOO;;;15;11;75;6;0;0;4;2;8;8;10;7;9;8;2;1;8;0;16;5;7;6;;;18.0;Franqueado: Ressarcimento via BSO. Consumidor/Revendedor: compre dois ou mais itens selecionados de CABELOS e ganhe até 18% de desconto.;;;18.0;Franqueado: Ressarcimento via BSO. Consumidor/Revendedor: Compre 2 ou mais itens selecionados de Siàge (Hidratação Micelar) e ganhe até 18% de desconto;Não;Não;Não;Não;Não;Não;Não;Não;0;0;9;0;10;14;21;27;Sim;Não;Crítico;Não;0;48;12.12;10;Não
13629;C;;52204;SIAGE SHAMP LIMP PURIF MEN 250ml;CABELOS;SHAMPOO/PRÉ-SHAMPOO;;;4;2;36;10;6;4;10;3;3;3;7;0;0;10;1;3;6;3;4;11;4;4;;;"12.0
6.0";"Franqueado: Ressarcimento via BSO. Consumidor/Revendedor: Compre itens selecionados de cuidados masculinos (Siàge Men) com até 16% de desconto
Consumidor/Revendedor: Compre o combo Siàge Men composto por: Siàge cond hidratação intensa Men 200ml (52190) + Siàge shamp limp purif Men 250ml (52204), preço de R$ 85,98 por R$ 68,90  - 19% de desconto (6,63957% de desconto adicional)";;;12.0;Franqueado: Ressarcimento via BSO. Consumidor/Revendedor: Itens selecionados CABELOS, MAQUIAGEM, CUIDADOS COM A PELE, PERFUMARIA, CUIDADOS COM A BARBA, ACESSÓRIOS, SOLAR, SABONETE CORPO, DESODORANTES e CUIDADOS FACIAIS com até 45% de desconto.;Não;Não;Não;Não;Não;Não;Não;Não;9;0;10;0;6;13;17;21;Não;Não;;Não;0;48;10.18;6;Não
13629;A;;53504;SIAGE SHAMP LIS INT V3 250ml;CABELOS;SHAMPOO/PRÉ-SHAMPOO;;;1;43;274;71;24;96;39;62;36;167;35;47;62;104;24;62;34;39;3;40;144;93;"18.0
10.0
5.0
2.0";"Consumidor/Revendedor: Compre o combo Eudora Siàge Liso Intenso composto por: Siage shampoo liso intenso 250ml + Siage condicionador liso intenso 200ml de R$ 102,98 por R$ 83,90 - 18,52787% de desconto
10% de Lucro Extra em itens selecionados de Siàge, na compra de 2 ou mais unidades.
5% de Lucro Extra em itens selecionados de Siàge, na compra de 2 ou mais unidades.
2% de Lucro Extra em itens selecionados de Siàge, na compra de 2 ou mais unidades.";30.0;Revendedor selecionado que não comprou Siàge nos últimos 17 ciclos, ganhe 30% de Lucro Extra em itens selecionados. Limitado a 2 unidades por CPF.;28.0;Franqueado: Ressarcimento via BSO. Consumidor/Revendedor: Itens selecionados MAQUIAGEM, PERFUMARIA, ÓLEOS, ACESSÓRIOS, INFANTIL, CUIDADOS COM A PELE, CABELOS, CUIDADOS FACIAIS e CUIDADOS COM A BARBA com até 51% de desconto.;"30.0
28.0";"Revendedor selecionado que não comprou Siàge nos últimos 17 ciclos, ganhe 30% de Lucro Extra em itens selecionados. Limitado a 2 unidades por CPF.
Franqueado: Ressarcimento via BSO. Consumidor/Revendedor: Itens selecionados MAQUIAGEM, PERFUMARIA, ÓLEOS, ACESSÓRIOS, INFANTIL, CUIDADOS COM A PELE, CABELOS e CUIDADOS FACIAIS com até 51% de desconto.";Não;Não;Não;Não;Não;Não;Não;Não;12;48;189;4;164;190;334;427;Não;Não;;Não;0;48;12.12;164;Não
13629;A;;58119;SIAGE SHAMP NUTRI AC/COMPLEX 250ml;CABELOS;SHAMPOO/PRÉ-SHAMPOO;;;66;80;71;379;58;64;57;27;174;52;54;346;39;27;52;209;37;34;2;96;87;63;30.0;Revendedor selecionado que não comprou Siàge nos últimos 17 ciclos, ganhe 30% de Lucro Extra em itens selecionados. Limitado a 2 unidades por CPF.;"18.0
10.0
5.0
2.0";"Consumidor/Revendedor: Compre o combo Eudora Siàge Nutri Acid Complex composto por: Siage shamp nutri ac/complex 250ml + Siage cond nutri ac/complex 200ml, preço de R$ 102,98 por R$ 83,90 - 18,52787% de desconto
10% de Lucro Extra em itens selecionados de Siàge, na compra de 2 ou mais unidades.
5% de Lucro Extra em itens selecionados de Siàge, na compra de 2 ou mais unidades.
2% de Lucro Extra em itens selecionados de Siàge, na compra de 2 ou mais unidades.";30.0;Na compra de itens selecionados de cabelos Siage no primeiro pedido, ganhe 30% de lucro extra. Limitado a 1 unidade por CPF. Válido para revendedores selecionados.;30.0;Revendedor selecionado que não comprou Siàge nos últimos 17 ciclos, ganhe 30% de Lucro Extra em itens selecionados. Limitado a 2 unidades por CPF.;Não;Sim;Não;Não;Não;Não;Não;Não;64;48;176;48;79;141;228;291;Não;Não;;Não;0;48;12.12;79;Não
13629;A;;88303;SIAGE SHAMP NUTRI DIAMOND 250ml;CABELOS;SHAMPOO/PRÉ-SHAMPOO;;;0;0;0;0;0;0;0;0;0;0;0;0;708;283;21;24;16;12;4;8;14;7;30.0;Revendedor selecionado que não comprou Siàge nos últimos 17 ciclos, ganhe 30% de Lucro Extra em itens selecionados. Limitado a 2 unidades por CPF.;;;;;18.0;Consumidor/Revendedor: Compre o combo Eudora Siàge Nutri Diamond composto por: Siage shampoo nutri diamond 250ml (88303) + Siage condicionador nutri diamond 200ml (88304), preço de R$ 102,98 por R$ 83,90 - 18,52787% de desconto;Não;Não;Não;Não;Não;Não;Não;Não;44;48;21;48;0;0;0;0;Não;Não;;Não;0;48;12.12;0;Não
13629;B;BB;47400;SIAGE SHAMP NUTRI ROSE 400ml;CABELOS;SHAMPOO/PRÉ-SHAMPOO;;;24;27;28;10;5;0;0;0;0;14;0;12;11;22;0;0;2;0;15;6;13;8;;;;;14.0;"Franqueado: Ressarcimento via BSO. Consumidor/Revendedor: Compre itens selecionados de Siàge Nutri Rosé (47400; 47401) com até 14% de desconto";14.0;Franqueado: Ressarcimento via BSO. Consumidor/Revendedor: Itens selecionados DESODORANTES, PERFUMARIA, CUIDADOS COM A PELE, MAQUIAGEM, CABELOS, ACESSÓRIOS, CUIDADOS FACIAIS, SABONETE CORPO, SOLAR e CUIDADOS COM A BARBA com até 63% de desconto.;Não;Não;Não;Não;Não;Não;Não;Não;0;0;14;6;10;13;26;34;Sim;Não;Crítico;Não;0;24;16.96;10;Não
13629;A;;53435;SIAGE SHAMP NUTRI ROSE V3 250ml;CABELOS;SHAMPOO/PRÉ-SHAMPOO;;;31;355;22;112;13;27;209;39;65;19;173;9;26;20;81;28;121;11;2;33;51;32;;;"25.0
20.0
17.0
15.0
13.0
11.0
10.0";"25% de Lucro Extra em itens selecionados de Siàge, limitado a 4 unidades.
20% de Lucro Extra em itens selecionados de Siàge, limitado a 4 unidades.
17% de Lucro Extra em itens selecionados de Siàge, limitado a 4 unidades.
15% de Lucro Extra em itens selecionados de Siàge, limitado a 4 unidades.
13% de Lucro Extra em itens selecionados de Siàge, limitado a 4 unidades.
11% de Lucro Extra em itens selecionados de Siàge, limitado a 4 unidades.
10% de Lucro Extra em itens selecionados de Siàge, limitado a 4 unidades.";;;30.0;Revendedor selecionado que não comprou Siàge nos últimos 17 ciclos, ganhe 30% de Lucro Extra em itens selecionados. Limitado a 2 unidades por CPF.;Não;Não;Não;Não;Não;Não;Não;Não;44;0;83;96;0;0;41;73;Não;Não;;Não;0;48;12.12;0;Não
13629;B;BB;55488;SIAGE SHAMP OLEOSOS HID MICELAR 250ml;CABELOS;SHAMPOO/PRÉ-SHAMPOO;;;8;0;5;3;0;3;0;0;14;9;25;8;6;4;6;12;19;1;2;6;8;6;;;18.0;Franqueado: Ressarcimento via BSO. Consumidor/Revendedor: compre dois ou mais itens selecionados de CABELOS e ganhe até 18% de desconto.;;;18.0;Franqueado: Ressarcimento via BSO. Consumidor/Revendedor: Compre 2 ou mais itens selecionados de Siàge (Hidratação Micelar) e ganhe até 18% de desconto;Não;Não;Não;Não;Não;Não;Não;Não;131;0;11;0;0;0;0;0;Sim;Não;Crítico;Não;0;48;12.12;0;Não
13629;B;BA;53094;SIAGE SHAMP PRO CRONOLOGY 250ml;CABELOS;SHAMPOO/PRÉ-SHAMPOO;;;27;23;64;136;0;0;6;31;16;28;13;35;77;8;78;16;28;27;5;16;25;17;"18.0
10.0
5.0
2.0";"Consumidor/Revendedor: Compre o combo Eudora Siàge Pro Cronology composto por: Siàge shampoo pro cronology 250ml (53094) + Siàge condicionador pro cronology 200ml (53095) de R$ 102,98 por R$ 83,90 - 18,52787% de desconto
10% de Lucro Extra em itens selecionados de Siàge, na compra de 2 ou mais unidades.
5% de Lucro Extra em itens selecionados de Siàge, na compra de 2 ou mais unidades.
2% de Lucro Extra em itens selecionados de Siàge, na compra de 2 ou mais unidades.";30.0;Revendedor selecionado que não comprou Siàge nos últimos 17 ciclos, ganhe 30% de Lucro Extra em itens selecionados. Limitado a 2 unidades por CPF.;;;;;Não;Não;Não;Não;Não;Não;Não;Não;2;48;35;48;0;0;0;7;Não;Não;;Não;0;48;12.12;0;Não
13629;B;BA;58307;SIAGE SHAMP PRO/CRON/CURV 250ml;CABELOS;SHAMPOO/PRÉ-SHAMPOO;;;17;16;214;129;22;79;22;88;11;7;74;7;46;14;21;10;22;70;2;18;31;45;"18.0
10.0
5.0
2.0";"Consumidor/Revendedor: Compre o combo Eudora Siàge Pro Cronology curvas composto por: Siage shampoo pro cronology curvas 250ml (58307) + Siage condicionador pro cronology curvas 250ml (58308) de R$ 102,98 por R$ 83,90 - 18,52787% de desconto
10% de Lucro Extra em itens selecionados de Siàge, na compra de 2 ou mais unidades.
5% de Lucro Extra em itens selecionados de Siàge, na compra de 2 ou mais unidades.
2% de Lucro Extra em itens selecionados de Siàge, na compra de 2 ou mais unidades.";;;;;28.0;Franqueado: Ressarcimento via BSO. Consumidor/Revendedor: Itens selecionados PERFUMARIA, SABONETE CORPO, ACESSÓRIOS, INFANTIL, MAQUIAGEM, CABELOS, CUIDADOS COM A PELE, CUIDADOS FACIAIS, CUIDADOS COM A BARBA e DESODORANTES com até 37% de desconto.;Não;Não;Não;Não;Não;Não;Não;Não;59;0;43;0;3;15;46;91;Não;Não;;Não;0;48;12.12;3;Não
13629;B;BA;53519;SIAGE SHAMP RECONST/FIOS V3 250ml;CABELOS;SHAMPOO/PRÉ-SHAMPOO;;;13;152;58;22;4;1;3;0;3;58;20;8;9;11;135;21;12;25;2;13;17;20;18.0;Franqueado: Ressarcimento via BSO. Consumidor/Revendedor: Itens selecionados  com até 60% de desconto.;"30.0
25.0
22.0
20.0
18.0
16.0
15.0";"Revendedor Bronze: Ao realizar uma compra no Espaço do Revendedor, inclua um item selecionado de shampoos da marca Siàge e ganhe 30,01% de lucro extra na primeira unidade ao utilizar o cupom “TURBINADOVD”. De 49,99 por 24,99. Limitado a 1 unidade por CPF. Cupom não acumulativo com demais ofertas. Exclusivo para pedidos feitos no Espaço do Revendedor. A promoção deve ser informada ao Revendedor apenas no momento em o pedido for finalizado se o item participante ainda não foi adicionado a compra.
Revendedor Prata: Ao realizar uma compra no Espaço do Revendedor, inclua um item selecionado de shampoos da marca Siàge e ganhe 25,01% de lucro extra na primeira unidade ao utilizar o cupom “TURBINADOVD”. De 49,99 por 24,99. Limitado a 1 unidade por CPF. Cupom não acumulativo com demais ofertas. Exclusivo para pedidos feitos no Espaço do Revendedor. A promoção deve ser informada ao Revendedor apenas no momento em o pedido for finalizado se o item participante ainda não foi adicionado a compra.
Revendedor Ouro: Ao realizar uma compra no Espaço do Revendedor, inclua um item selecionado de shampoos da marca Siàge e ganhe 22,01% de lucro extra na primeira unidade ao utilizar o cupom “TURBINADOVD”. De 49,99 por 24,99. Limitado a 1 unidade por CPF. Cupom não acumulativo com demais ofertas. Exclusivo para pedidos feitos no Espaço do Revendedor. A promoção deve ser informada ao Revendedor apenas no momento em o pedido for finalizado se o item participante ainda não foi adicionado a compra.
Revendedor Platina: Ao realizar uma compra no Espaço do Revendedor, inclua um item selecionado de shampoos da marca Siàge e ganhe 20,01% de lucro extra na primeira unidade ao utilizar o cupom “TURBINADOVD”. De 49,99 por 24,99. Limitado a 1 unidade por CPF. Cupom não acumulativo com demais ofertas. Exclusivo para pedidos feitos no Espaço do Revendedor. A promoção deve ser informada ao Revendedor apenas no momento em o pedido for finalizado se o item participante ainda não foi adicionado a compra.
Revendedor Rubi: Ao realizar uma compra no Espaço do Revendedor, inclua um item selecionado de shampoos da marca Siàge e ganhe 18,01% de lucro extra na primeira unidade ao utilizar o cupom “TURBINADOVD”. De 49,99 por 24,99. Limitado a 1 unidade por CPF. Cupom não acumulativo com demais ofertas. Exclusivo para pedidos feitos no Espaço do Revendedor. A promoção deve ser informada ao Revendedor apenas no momento em o pedido for finalizado se o item participante ainda não foi adicionado a compra.
Revendedor Esmeralda: Ao realizar uma compra no Espaço do Revendedor, inclua um item selecionado de shampoos da marca Siàge e ganhe 16,01% de lucro extra na primeira unidade ao utilizar o cupom “TURBINADOVD”. De 49,99 por 24,99. Limitado a 1 unidade por CPF. Cupom não acumulativo com demais ofertas. Exclusivo para pedidos feitos no Espaço do Revendedor. A promoção deve ser informada ao Revendedor apenas no momento em o pedido for finalizado se o item participante ainda não foi adicionado a compra.
Revendedor Diamante: Ao realizar uma compra no Espaço do Revendedor, inclua um item selecionado de shampoos da marca Siàge e ganhe 15,01% de lucro extra na primeira unidade ao utilizar o cupom “TURBINADOVD”. De 49,99 por 24,99. Limitado a 1 unidade por CPF. Cupom não acumulativo com demais ofertas. Exclusivo para pedidos feitos no Espaço do Revendedor. A promoção deve ser informada ao Revendedor apenas no momento em o pedido for finalizado se o item participante ainda não foi adicionado a compra.";;;12.0;Consumidor/Revendedor: Compre o combo Natal Siàge Reconstrói composto por: Siage shampoo reconstroi os fios 250ml + Siage condicionador reconstroi os fios 200ml, preço de R$102,98 por R$89,90 - 12,70150% de desconto;Não;Não;Não;Não;Não;Não;Não;Não;74;0;27;0;0;0;0;14;Sim;Não;Crítico;Não;0;48;12.12;0;Não
13629;C;;53439;SIAGE SHAMP REGEN POS QUIMICA V3 250ml;CABELOS;SHAMPOO/PRÉ-SHAMPOO;;202617;7;44;251;4;17;1;8;47;0;0;0;0;0;0;5;20;2;6;4;11;0;0;;;"17.0
10.0
5.0
2.0";"Franqueado: Ressarcimento via BSO. Consumidor/Revendedor: Nessa oferta compre item selecionados da lista DE R$ 102,98 POR R$ 84,90. Desconto total de 17,55681%
10% de Lucro Extra em itens selecionados de Siàge, na compra de 2 ou mais unidades.
5% de Lucro Extra em itens selecionados de Siàge, na compra de 2 ou mais unidades.
2% de Lucro Extra em itens selecionados de Siàge, na compra de 2 ou mais unidades.";28.0;Franqueado: Ressarcimento via BSO. Consumidor/Revendedor: Itens selecionados MAQUIAGEM, PERFUMARIA, ÓLEOS, ACESSÓRIOS, INFANTIL, CUIDADOS COM A PELE, CABELOS, CUIDADOS FACIAIS e CUIDADOS COM A BARBA com até 51% de desconto.;28.0;Franqueado: Ressarcimento via BSO. Consumidor/Revendedor: Itens selecionados MAQUIAGEM, PERFUMARIA, ÓLEOS, ACESSÓRIOS, INFANTIL, CUIDADOS COM A PELE, CABELOS e CUIDADOS FACIAIS com até 51% de desconto.;Não;Não;Não;Não;Não;Não;Não;Não;33;0;20;0;0;0;0;0;Não;Não;;Não;0;48;12.12;0;Não
13629;A;;55802;SIAGE SHAMP RESG/IMED 250ml;CABELOS;SHAMPOO/PRÉ-SHAMPOO;;;55;240;252;82;44;24;57;42;197;23;33;268;19;18;79;24;23;17;3;55;164;98;30.0;Na compra de itens selecionados de cabelos Siage no primeiro pedido, ganhe 30% de lucro extra. Limitado a 1 unidade por CPF. Válido para revendedores selecionados.;;;20.0;Franqueado: Ressarcimento via BSO. Consumidor/Revendedor: Itens selecionados CABELOS, DESODORANTES e PERFUMARIA com até 36% de desconto.;20.0;Franqueado: Ressarcimento via BSO. Consumidor/Revendedor: Itens selecionados DESODORANTES, PERFUMARIA, CUIDADOS COM A PELE, MAQUIAGEM, CABELOS, ACESSÓRIOS, CUIDADOS FACIAIS, SABONETE CORPO, SOLAR e CUIDADOS COM A BARBA com até 63% de desconto.;Não;Não;Não;Não;Não;Não;Não;Não;89;51;225;5;120;155;319;417;Sim;Não;Crítico;Não;0;48;12.12;120;Não
13629;B;BB;55472;SIAGE SHAMP SCALP REBALANCE 300ml;CABELOS;SHAMPOO/PRÉ-SHAMPOO;;;14;3;3;20;17;8;2;2;18;7;5;9;15;6;11;6;6;3;6;5;26;11;27.0;Franqueado: Ressarcimento via BSO. Consumidor/Revendedor: Nessa oferta compre COMBO SIAGE DERMO ANTICASPA - SIAGE SHAMP SCALP REBALANCE 300ml + SIAGE COND SCALP REBALANCE 280ml (55472+55473). DE R$ 145,98 POR R$ 105,90. Desconto total de 27,45582%.;;;27.0;Franqueado: Ressarcimento via BSO. Consumidor/Revendedor: Itens selecionados MAQUIAGEM, PERFUMARIA, ÓLEOS, ACESSÓRIOS, INFANTIL, CUIDADOS COM A PELE, CABELOS, CUIDADOS FACIAIS e CUIDADOS COM A BARBA com até 51% de desconto.;"28.0
27.0";"Consumidor/Revendedor: Compre o combo Eudora Siàge Dermo Anticaspa composto por: Siàge shampoo dermo anticaspa/couro sens 300ml + Siàge condicionador dermo anticaspa/couro sens 280ml, preço de R$ 145,98 por R$ 104,90 - 28,14084% de desconto
Franqueado: Ressarcimento via BSO. Consumidor/Revendedor: Itens selecionados MAQUIAGEM, PERFUMARIA, ÓLEOS, ACESSÓRIOS, INFANTIL, CUIDADOS COM A PELE, CABELOS e CUIDADOS FACIAIS com até 51% de desconto.";Não;Não;Não;Não;Não;Não;Não;Não;72;0;22;0;0;0;0;0;Não;Não;;Não;0;48;17.69;0;Não
13629;A;;87557;SIAGE SHAMP VOL/IMED 250ml;CABELOS;SHAMPOO/PRÉ-SHAMPOO;;;0;0;0;0;0;0;307;65;13;62;79;39;132;40;29;29;34;8;3;31;47;45;;;"30.0
25.0
22.0
20.0
18.0
16.0
15.0";"Revendedor Bronze: Ao realizar uma compra no Espaço do Revendedor, inclua um item selecionado de shampoos da marca Siàge e ganhe 30,01% de lucro extra na primeira unidade ao utilizar o cupom “TURBINADOVD”. De 49,99 por 24,99. Limitado a 1 unidade por CPF. Cupom não acumulativo com demais ofertas. Exclusivo para pedidos feitos no Espaço do Revendedor. A promoção deve ser informada ao Revendedor apenas no momento em o pedido for finalizado se o item participante ainda não foi adicionado a compra.
Revendedor Prata: Ao realizar uma compra no Espaço do Revendedor, inclua um item selecionado de shampoos da marca Siàge e ganhe 25,01% de lucro extra na primeira unidade ao utilizar o cupom “TURBINADOVD”. De 49,99 por 24,99. Limitado a 1 unidade por CPF. Cupom não acumulativo com demais ofertas. Exclusivo para pedidos feitos no Espaço do Revendedor. A promoção deve ser informada ao Revendedor apenas no momento em o pedido for finalizado se o item participante ainda não foi adicionado a compra.
Revendedor Ouro: Ao realizar uma compra no Espaço do Revendedor, inclua um item selecionado de shampoos da marca Siàge e ganhe 22,01% de lucro extra na primeira unidade ao utilizar o cupom “TURBINADOVD”. De 49,99 por 24,99. Limitado a 1 unidade por CPF. Cupom não acumulativo com demais ofertas. Exclusivo para pedidos feitos no Espaço do Revendedor. A promoção deve ser informada ao Revendedor apenas no momento em o pedido for finalizado se o item participante ainda não foi adicionado a compra.
Revendedor Platina: Ao realizar uma compra no Espaço do Revendedor, inclua um item selecionado de shampoos da marca Siàge e ganhe 20,01% de lucro extra na primeira unidade ao utilizar o cupom “TURBINADOVD”. De 49,99 por 24,99. Limitado a 1 unidade por CPF. Cupom não acumulativo com demais ofertas. Exclusivo para pedidos feitos no Espaço do Revendedor. A promoção deve ser informada ao Revendedor apenas no momento em o pedido for finalizado se o item participante ainda não foi adicionado a compra.
Revendedor Rubi: Ao realizar uma compra no Espaço do Revendedor, inclua um item selecionado de shampoos da marca Siàge e ganhe 18,01% de lucro extra na primeira unidade ao utilizar o cupom “TURBINADOVD”. De 49,99 por 24,99. Limitado a 1 unidade por CPF. Cupom não acumulativo com demais ofertas. Exclusivo para pedidos feitos no Espaço do Revendedor. A promoção deve ser informada ao Revendedor apenas no momento em o pedido for finalizado se o item participante ainda não foi adicionado a compra.
Revendedor Esmeralda: Ao realizar uma compra no Espaço do Revendedor, inclua um item selecionado de shampoos da marca Siàge e ganhe 16,01% de lucro extra na primeira unidade ao utilizar o cupom “TURBINADOVD”. De 49,99 por 24,99. Limitado a 1 unidade por CPF. Cupom não acumulativo com demais ofertas. Exclusivo para pedidos feitos no Espaço do Revendedor. A promoção deve ser informada ao Revendedor apenas no momento em o pedido for finalizado se o item participante ainda não foi adicionado a compra.
Revendedor Diamante: Ao realizar uma compra no Espaço do Revendedor, inclua um item selecionado de shampoos da marca Siàge e ganhe 15,01% de lucro extra na primeira unidade ao utilizar o cupom “TURBINADOVD”. De 49,99 por 24,99. Limitado a 1 unidade por CPF. Cupom não acumulativo com demais ofertas. Exclusivo para pedidos feitos no Espaço do Revendedor. A promoção deve ser informada ao Revendedor apenas no momento em o pedido for finalizado se o item participante ainda não foi adicionado a compra.";;;18.0;Consumidor/Revendedor: Compre o combo Eudora Siàge Volume Imediato composto por: Siage shamp vol/imed 250ml + Siage cond vol/imed 200ml de R$ 102,98 por R$ 83,90 - 18,52787% de desconto;Não;Não;Não;Não;Não;Não;Não;Não;56;48;81;48;0;0;21;66;Não;Não;;Não;0;48;12.12;0;Não
13629;B;BB;53434;SIAGE SPR CAP CAUTERIZ FIOS V3 60ml;CABELOS;TRATAMENTO CABELOS;;;5;54;9;6;2;17;8;6;33;0;19;4;4;8;7;29;8;3;9;6;30;22;;;"25.0
20.0
17.0
15.0
13.0
11.0
10.0";"25% de Lucro Extra em itens selecionados de Siàge, limitado a 4 unidades.
20% de Lucro Extra em itens selecionados de Siàge, limitado a 4 unidades.
17% de Lucro Extra em itens selecionados de Siàge, limitado a 4 unidades.
15% de Lucro Extra em itens selecionados de Siàge, limitado a 4 unidades.
13% de Lucro Extra em itens selecionados de Siàge, limitado a 4 unidades.
11% de Lucro Extra em itens selecionados de Siàge, limitado a 4 unidades.
10% de Lucro Extra em itens selecionados de Siàge, limitado a 4 unidades.";38.0;Franqueado: Ressarcimento via BSO. Consumidor/Revendedor: Itens selecionados INFANTIL, ACESSÓRIOS, PERFUMARIA, MAQUIAGEM, CUIDADOS COM A PELE, CABELOS, GIFTS, SABONETE CORPO, CUIDADOS FACIAIS, SOLAR e ÓLEOS com até 63% de desconto.;38.0;Franqueado: Ressarcimento via BSO. Consumidor/Revendedor: Itens selecionados INFANTIL, ACESSÓRIOS, PERFUMARIA, MAQUIAGEM, CUIDADOS COM A PELE, CABELOS, GIFTS, SABONETE CORPO, CUIDADOS FACIAIS, SOLAR e ÓLEOS com até 63% de desconto.;Não;Não;Não;Não;Não;Não;Não;Não;6;0;26;0;25;29;59;81;Não;Não;;Não;0;96;17.3;25;Não
13629;C;;56298;SIAGE SPRAY ATIV CACHOS MEN 100ml;CABELOS;TRATAMENTO CABELOS;;;3;0;7;4;2;9;1;9;5;1;1;3;8;0;1;4;3;1;5;4;11;6;20.0;Franqueado: Ressarcimento via BSO. Consumidor/Revendedor: Compre itens selecionados de Siàge Men com desconto progressivo. Leve 1 item com 15%, leve 2 itens ou mais com 20% de desconto;15.0;Franqueado: Ressarcimento via BSO. Consumidor/Revendedor: Itens selecionados com até 60% de desconto.;48.0;Franqueado: Ressarcimento via BSO. Consumidor/Revendedor: Itens selecionados MAQUIAGEM, PERFUMARIA, ÓLEOS, ACESSÓRIOS, INFANTIL, CUIDADOS COM A PELE, CABELOS, CUIDADOS FACIAIS e CUIDADOS COM A BARBA com até 51% de desconto.;48.0;Franqueado: Ressarcimento via BSO. Consumidor/Revendedor: Itens selecionados MAQUIAGEM, PERFUMARIA, ÓLEOS, ACESSÓRIOS, INFANTIL, CUIDADOS COM A PELE, CABELOS e CUIDADOS FACIAIS com até 51% de desconto.;Não;Não;Não;Não;Não;Não;Não;Não;5;0;11;0;8;11;22;28;Não;Não;;Não;0;48;11.85;8;Não
13629;B;BB;87950;SIAGE SRUM CAP VOL/IMED 100ml;CABELOS;FINALIZADOR;;;0;0;0;0;0;0;148;64;3;0;0;0;19;0;35;23;16;10;2;20;33;71;;;;;;;14.0;Franqueado: Ressarcimento via BSO. Revendedor: Compre itens selecionados de Siàge (Nutri diamond, Volume imediato e Reconstrói) com até 17% de desconto;Não;Não;Não;Não;Não;Não;Não;Não;28;3;39;7;17;30;63;134;Não;Não;;Não;0;54;16.59;17;Não
13629;B;BA;53517;SIAGE TON CAP ACELERA CRESC V3 65ml;CABELOS;TRATAMENTO CABELOS;;;15;14;35;3;8;1;0;2;9;63;0;13;26;17;20;28;2;5;4;8;47;20;"25.0
20.0
17.0
15.0
13.0
11.0
10.0";"25% de Lucro Extra em itens selecionados de Siàge Acelera o Crescimento, limitado a 4 unidades.
20% de Lucro Extra em itens selecionados de Siàge Acelera o Crescimento, limitado a 4 unidades.
17% de Lucro Extra em itens selecionados de Siàge Acelera o Crescimento, limitado a 4 unidades.
15% de Lucro Extra em itens selecionados de Siàge Acelera o Crescimento, limitado a 4 unidades.
13% de Lucro Extra em itens selecionados de Siàge Acelera o Crescimento, limitado a 4 unidades.
11% de Lucro Extra em itens selecionados de Siàge Acelera o Crescimento, limitado a 4 unidades.
10% de Lucro Extra em itens selecionados de Siàge Acelera o Crescimento, limitado a 4 unidades.";;;23.0;Franqueado: Ressarcimento via BSO. Consumidor/Revendedor: Itens selecionados CABELOS, DESODORANTES e PERFUMARIA com até 36% de desconto.;23.0;Franqueado: Ressarcimento via BSO. Consumidor/Revendedor: Itens selecionados DESODORANTES, PERFUMARIA, CUIDADOS COM A PELE, MAQUIAGEM, CABELOS, ACESSÓRIOS, CUIDADOS FACIAIS, SABONETE CORPO, SOLAR e CUIDADOS COM A BARBA com até 63% de desconto.;Não;Não;Não;Não;Não;Não;Não;Não;10;3;46;0;39;44;91;111;Sim;Não;Crítico;Não;0;140;18.49;39;Não
13629;B;BB;52208;SIAGE TON CAP ESTIMULA CRESC MEN 100ml;CABELOS;TRATAMENTO CABELOS;;;6;6;9;20;8;15;4;26;13;7;3;12;11;13;2;1;4;2;5;6;21;10;;;;;"14.0
6.0";"Franqueado: Ressarcimento via BSO. Consumidor/Revendedor: Compre itens selecionados de cuidados masculinos com até 16% de desconto
Consumidor/Revendedor: Na BW compre o combo Siàge Men estimula o crescimento, composto por: Siàge shampoo estimula o crescimento men 250ml + Siàge tônico capilar estimula o crescimento men 100ml, preço de R$ 111,98 por R$ 89,90 - 19% desconto (6,15866% de desconto adicional)";14.0;Franqueado: Ressarcimento via BSO. Consumidor/Revendedor: Itens selecionados DESODORANTES, PERFUMARIA, CUIDADOS COM A PELE, MAQUIAGEM, CABELOS, ACESSÓRIOS, CUIDADOS FACIAIS, SABONETE CORPO, SOLAR e CUIDADOS COM A BARBA com até 63% de desconto.;Não;Não;Não;Não;Não;Não;Não;Não;9;0;19;14;1;5;26;36;Não;Não;;Não;0;77;16.59;1;Não
13629;B;BA;55444;SIAGE TON CAP RESISTENCIA ANTIQ 100ml;CABELOS;TRATAMENTO CABELOS;;;45;4;6;20;4;9;20;21;40;11;9;15;8;16;7;8;25;1;3;12;22;16;;;;;26.0;Franqueado: Ressarcimento via BSO. Consumidor/Revendedor: Itens selecionados INFANTIL, ACESSÓRIOS, PERFUMARIA, MAQUIAGEM, CUIDADOS COM A PELE, CABELOS, GIFTS, SABONETE CORPO, CUIDADOS FACIAIS, SOLAR e ÓLEOS com até 63% de desconto.;26.0;Franqueado: Ressarcimento via BSO. Consumidor/Revendedor: Itens selecionados INFANTIL, ACESSÓRIOS, PERFUMARIA, MAQUIAGEM, CUIDADOS COM A PELE, CABELOS, GIFTS, SABONETE CORPO, CUIDADOS FACIAIS, SOLAR e ÓLEOS com até 63% de desconto.;Não;Não;Não;Não;Não;Não;Não;Não;6;15;30;0;19;27;49;65;Não;Não;;Não;0;48;22.52;19;Não
13629;C;;47460;SOUL BASE LIQ MULTI 8/1 COR 10 20ml;MAQUIAGEM;MAQUIAGEM ROSTO;;;12;6;4;5;0;0;2;3;0;0;0;0;0;0;0;0;3;1;8;1;2;2;15.0;Franqueado: Ressarcimento via BSO. Consumidor/Revendedor: Itens selecionados MAQUIAGEM com até 27% de desconto.;;;;;28.0;Franqueado: Ressarcimento via BSO. Consumidor/Revendedor: Itens selecionados PERFUMARIA, SABONETE CORPO, ACESSÓRIOS, INFANTIL, MAQUIAGEM, CABELOS, CUIDADOS COM A PELE, CUIDADOS FACIAIS, CUIDADOS COM A BARBA e DESODORANTES com até 37% de desconto.;Não;Não;Não;Não;Não;Não;Não;Não;6;0;3;0;0;0;1;3;Não;Não;;Não;0;140;10.66;0;Não
13629;C;;47466;SOUL BASE LIQ MULTI 8/1 COR 35 20ml;MAQUIAGEM;MAQUIAGEM ROSTO;;;7;6;4;6;0;0;1;0;0;0;0;0;0;0;0;1;0;0;41;1;1;2;15.0;Franqueado: Ressarcimento via BSO. Consumidor/Revendedor: Itens selecionados MAQUIAGEM com até 27% de desconto.;;;;;28.0;Franqueado: Ressarcimento via BSO. Consumidor/Revendedor: Itens selecionados PERFUMARIA, SABONETE CORPO, ACESSÓRIOS, INFANTIL, MAQUIAGEM, CABELOS, CUIDADOS COM A PELE, CUIDADOS FACIAIS, CUIDADOS COM A BARBA e DESODORANTES com até 37% de desconto.;Não;Não;Não;Não;Não;Não;Não;Não;4;0;2;0;0;0;0;2;Não;Não;;Não;0;140;10.66;0;Não
13629;C;;47463;SOUL BASE LIQ MULTI 8/1 COR 50 20ml;MAQUIAGEM;MAQUIAGEM ROSTO;;;8;14;5;12;3;5;8;0;0;0;0;0;0;0;0;2;0;0;41;2;2;4;15.0;Franqueado: Ressarcimento via BSO. Consumidor/Revendedor: Itens selecionados MAQUIAGEM com até 27% de desconto.;;;;;28.0;Franqueado: Ressarcimento via BSO. Consumidor/Revendedor: Itens selecionados PERFUMARIA, SABONETE CORPO, ACESSÓRIOS, INFANTIL, MAQUIAGEM, CABELOS, CUIDADOS COM A PELE, CUIDADOS FACIAIS, CUIDADOS COM A BARBA e DESODORANTES com até 37% de desconto.;Não;Não;Não;Não;Não;Não;Não;Não;5;0;3;0;1;2;4;8;Não;Não;;Não;0;140;10.66;1;Não
13629;C;;47462;SOUL BASE LIQ MULTI 8/1 COR 65 20ml;MAQUIAGEM;MAQUIAGEM ROSTO;;;7;16;2;2;0;0;3;0;0;0;0;0;0;0;0;0;2;1;7;0;1;2;15.0;Franqueado: Ressarcimento via BSO. Consumidor/Revendedor: Itens selecionados MAQUIAGEM com até 27% de desconto.;;;;;28.0;Franqueado: Ressarcimento via BSO. Consumidor/Revendedor: Itens selecionados PERFUMARIA, SABONETE CORPO, ACESSÓRIOS, INFANTIL, MAQUIAGEM, CABELOS, CUIDADOS COM A PELE, CUIDADOS FACIAIS, CUIDADOS COM A BARBA e DESODORANTES com até 37% de desconto.;Não;Não;Não;Não;Não;Não;Não;Não;1;0;1;1;0;0;1;3;Não;Não;;Não;0;140;10.66;0;Não
13629;C;;47459;SOUL BASE LIQ MULTI 8/1 COR 85 20ml;MAQUIAGEM;MAQUIAGEM ROSTO;;;6;10;2;5;1;0;3;4;1;0;0;0;0;0;0;0;0;2;10;1;1;2;15.0;Franqueado: Ressarcimento via BSO. Consumidor/Revendedor: Itens selecionados MAQUIAGEM com até 27% de desconto.;;;;;28.0;Franqueado: Ressarcimento via BSO. Consumidor/Revendedor: Itens selecionados PERFUMARIA, SABONETE CORPO, ACESSÓRIOS, INFANTIL, MAQUIAGEM, CABELOS, CUIDADOS COM A PELE, CUIDADOS FACIAIS, CUIDADOS COM A BARBA e DESODORANTES com até 37% de desconto.;Não;Não;Não;Não;Não;Não;Não;Não;0;0;2;0;2;2;3;5;Não;Não;;Não;0;140;10.66;2;Não
13629;C;;47465;SOUL BASE LIQ MULTI 8/1 COR 95 20ml;MAQUIAGEM;MAQUIAGEM ROSTO;;;0;0;1;0;1;0;0;1;0;0;1;0;0;0;9;0;0;0;65;0;0;1;"17.0
16.0
16.0
15.0";"Revendedor Rubi: Compre 50 a 99 itens selecionados de Eudora ou Boti e tenha 15% LE Boti e 10,20% LE Eudora. Compre 100 a 199 itens selecionados de Eudora ou Boti e tenha 20% LE Boti e 13,6% LE Eudora. Compre 200 ou mais itens selecionados de Eudora ou Boti e tenha 25% LE Boti e 17% LE Eudora.
Revendedor Esmeralda: Compre 50 a 99 itens selecionados de Eudora ou Boti e tenha 15% LE Boti e 9,90% LE Eudora. Compre 100 a 199 itens selecionados de Eudora ou Boti e tenha 20% LE Boti e 13,2% LE Eudora. Compre 200 ou mais itens selecionados de Eudora ou Boti e tenha 25% LE Boti e 16,5% LE Eudora.
Revendedor Diamante: Compre 50 a 99 itens selecionados de Eudora ou Boti e tenha 15% LE Boti e 9,75% LE Eudora. Compre 100 a 199 itens selecionados de Eudora ou Boti e tenha 20% LE Boti e 13% LE Eudora. Compre 200 ou mais itens de Eudora ou Boti e tenha 25% LE Boti e 16,25% LE Eudora.
Franqueado: Ressarcimento via BSO. Consumidor/Revendedor: Itens selecionados MAQUIAGEM com até 27% de desconto.";"28.0
26.0
25.0
24.0
23.0
23.0
22.0
16.0
15.0
14.0
14.0
13.0
13.0
13.0";"Revendedor Cobre/Bronze: Itens selecionados com até 44% de lucro extra.
Revendedor Prata: Itens selecionados com até 41,25% de lucro extra.
Revendedor Ouro: Itens selecionados com até 39,6% de lucro extra.
Revendedor Platina: Itens selecionados com até 38,5% de lucro extra.
Revendedor Esmeralda: Itens selecionados com até 36,3% de lucro extra.
Revendedor Rubi: Itens selecionados com até 37,4% de lucro extra.
Revendedor Diamante: Itens selecionados com até 35,75% de lucro extra.
Revendedor Cobre/Bronze: Itens selecionados com 16% de lucro extra.
Revendedor Prata: Itens selecionados com 15% de lucro extra.
Revendedor Platina: Itens selecionados com 14% de lucro extra.
Revendedor Ouro: Itens selecionados com 14,4% de lucro extra.
Revendedor Diamante: Itens selecionados com 13% de lucro extra.
Revendedor Esmeralda: Itens selecionados com 13,2% de lucro extra.
Revendedor Rubi: Itens selecionados com 13,6% de lucro extra.";;;33.0;Franqueado: Ressarcimento via BSO. Consumidor/Revendedor: Itens selecionados PERFUMARIA, SABONETE CORPO, ACESSÓRIOS, INFANTIL, MAQUIAGEM, CABELOS, CUIDADOS COM A PELE, CUIDADOS FACIAIS, CUIDADOS COM A BARBA e DESODORANTES com até 37% de desconto.;Não;Não;Não;Não;Não;Não;Não;Não;9;0;0;0;0;0;0;0;Não;Não;;Não;0;140;10.66;0;Não
13629;C;;73687;SOUL DEMAQ CREME 60ML;MAQUIAGEM;MAQUIAGEM ROSTO;;;1;12;1;3;2;1;2;1;3;2;1;1;2;0;3;4;6;0;19;1;6;4;"20.0
18.0
18.0
17.0
17.0
16.0
16.0";"Revendedor Cobre/Bronze: Itens selecionados com até 40% de lucro extra.
Revendedor Prata: Itens selecionados com até 37,5% de lucro extra.
Revendedor Ouro: Itens selecionados com até 36% de lucro extra.
Revendedor Rubi: Itens selecionados com até 34% de lucro extra.
Revendedor Platina: Itens selecionados com até 35% de lucro extra.
Revendedor Diamante: Itens selecionados com até 32,5% de lucro extra.
Revendedor Esmeralda: Itens selecionados com até 33% de lucro extra.";;;51.0;Franqueado: Ressarcimento via BSO. Consumidor/Revendedor: Itens selecionados MAQUIAGEM, PERFUMARIA, ÓLEOS, ACESSÓRIOS, INFANTIL, CUIDADOS COM A PELE, CABELOS, CUIDADOS FACIAIS e CUIDADOS COM A BARBA com até 51% de desconto.;51.0;Franqueado: Ressarcimento via BSO. Consumidor/Revendedor: Itens selecionados MAQUIAGEM, PERFUMARIA, ÓLEOS, ACESSÓRIOS, INFANTIL, CUIDADOS COM A PELE, CABELOS e CUIDADOS FACIAIS com até 51% de desconto.;Não;Não;Não;Não;Não;Não;Não;Não;0;0;6;0;5;6;12;16;Não;Não;;Não;0;80;8.77;5;Não
13629;E;;58084;SOUL K/M BAT HID MARROM DELICIOUS 3,7g;MAQUIAGEM;MAQUIAGEM BOCA;;;0;0;0;0;0;0;0;0;0;0;0;0;0;0;0;0;0;0;;0;0;0;"21.0
17.0
16.0
16.0";"Franqueado: Ressarcimento via BSO. Consumidor/Revendedor: Itens selecionados MAQUIAGEM com até 27% de desconto.
Revendedor Rubi: Compre 50 a 99 itens selecionados de Eudora ou Boti e tenha 15% LE Boti e 10,20% LE Eudora. Compre 100 a 199 itens selecionados de Eudora ou Boti e tenha 20% LE Boti e 13,6% LE Eudora. Compre 200 ou mais itens selecionados de Eudora ou Boti e tenha 25% LE Boti e 17% LE Eudora.
Revendedor Esmeralda: Compre 50 a 99 itens selecionados de Eudora ou Boti e tenha 15% LE Boti e 9,90% LE Eudora. Compre 100 a 199 itens selecionados de Eudora ou Boti e tenha 20% LE Boti e 13,2% LE Eudora. Compre 200 ou mais itens selecionados de Eudora ou Boti e tenha 25% LE Boti e 16,5% LE Eudora.
Revendedor Diamante: Compre 50 a 99 itens selecionados de Eudora ou Boti e tenha 15% LE Boti e 9,75% LE Eudora. Compre 100 a 199 itens selecionados de Eudora ou Boti e tenha 20% LE Boti e 13% LE Eudora. Compre 200 ou mais itens de Eudora ou Boti e tenha 25% LE Boti e 16,25% LE Eudora.";;;0.0;Franqueado: Ressarcimento via BSO. Consumidor/Revendedor: Compre 2 itens selecionados SOUL e pague 1, até 50% de desconto em cada unidade.;"0.0
0.0";"Junte ao menos 5 embalagens de qualquer marca, leve ao Espaço do Revendedor durante o Ciclo 17/2026, utilizando o cupom ""Botirecicla5"" ao fazer um pedido mínimo e ganhe um produto selecionado para vender com 100% de lucro. Promoção não válida para cartuchos.
Franqueado: Ressarcimento via BSO. Consumidor/Revendedor: Compre 2 itens selecionados NIINA SECRETS, SOUL, EUDORA MAKE e GLAM e pague 1, até 50% de desconto em cada unidade.";Não;Não;Não;Não;Não;Não;Não;Não;0;0;;0;0;0;0;0;Sim;Não;Crítico;Não;0;442;9.01;0;Não
13629;E;;55956;SOUL K/M BAT TREND CLRS ROSA TRENDY 3,7g;MAQUIAGEM;MAQUIAGEM BOCA;;;0;0;0;0;0;0;0;0;0;0;0;0;0;0;0;0;0;0;417;0;0;0;"21.0
17.0
16.0
16.0";"Franqueado: Ressarcimento via BSO. Consumidor/Revendedor: Itens selecionados MAQUIAGEM com até 27% de desconto.
Revendedor Rubi: Compre 50 a 99 itens selecionados de Eudora ou Boti e tenha 15% LE Boti e 10,20% LE Eudora. Compre 100 a 199 itens selecionados de Eudora ou Boti e tenha 20% LE Boti e 13,6% LE Eudora. Compre 200 ou mais itens selecionados de Eudora ou Boti e tenha 25% LE Boti e 17% LE Eudora.
Revendedor Esmeralda: Compre 50 a 99 itens selecionados de Eudora ou Boti e tenha 15% LE Boti e 9,90% LE Eudora. Compre 100 a 199 itens selecionados de Eudora ou Boti e tenha 20% LE Boti e 13,2% LE Eudora. Compre 200 ou mais itens selecionados de Eudora ou Boti e tenha 25% LE Boti e 16,5% LE Eudora.
Revendedor Diamante: Compre 50 a 99 itens selecionados de Eudora ou Boti e tenha 15% LE Boti e 9,75% LE Eudora. Compre 100 a 199 itens selecionados de Eudora ou Boti e tenha 20% LE Boti e 13% LE Eudora. Compre 200 ou mais itens de Eudora ou Boti e tenha 25% LE Boti e 16,25% LE Eudora.";0.0;"Junte ao menos 5 embalagens de qualquer marca, leve ao Espaço do Revendedor durante o Ciclo 15/2026, utilizando o cupom ""Botirecicla5"" ao fazer um pedido mínimo e ganhe um produto selecionado para vender com 100% de lucro. Promoção não válida para cartuchos.";0.0;Franqueado: Ressarcimento via BSO. Consumidor/Revendedor: Compre 2 itens selecionados SOUL e pague 1, até 50% de desconto em cada unidade.;0.0;Franqueado: Ressarcimento via BSO. Consumidor/Revendedor: Compre 2 itens selecionados NIINA SECRETS, SOUL, EUDORA MAKE e GLAM e pague 1, até 50% de desconto em cada unidade.;Não;Não;Não;Não;Não;Não;Não;Não;0;0;;0;0;0;0;0;Não;Não;;Não;0;442;9.01;0;Não
13629;B;BC;50012;VOLPE DES BDY SPR 100ml;DESODORANTES;DESODORANTE MASCULINO;;;1;4;21;18;28;9;8;18;28;6;22;3;4;3;12;12;1;1;8;10;14;11;;;0.0;Franqueado: Ressarcimento via BSO. Consumidor/Revendedor: Compre 3 itens selecionados EUDORA ROXO, IMPRESSION, DIVA e VOLPE e pague 2, até 33% de desconto em cada unidade.;;;;;Não;Não;Não;Não;Não;Não;Não;Não;30;0;16;0;0;0;14;25;Sim;Não;Crítico;Não;0;70;11.62;0;Não
13629;B;BB;92219;VOLPE DES COL 100ml;PERFUMARIA;PERFUMARIA MASCULINA;;;2;3;20;11;1;1;13;7;15;1;1;1;2;9;14;4;2;0;25;12;5;12;;;22.0;Franqueado: Ressarcimento via BSO. Consumidor/Revendedor: Itens selecionados com até 60% de desconto.;;;17.0;Franqueado: Ressarcimento via BSO. Revendedor: Compre itens selecionados de perfumaria (Diva, Eudora EDP, Kiss Me, Imensi, Velvet, Lyra, Club 6, Eudora H, Pulse e Volpe) com até 31% de desconto;Não;Não;Não;Não;Não;Não;Não;Não;9;0;13;7;3;11;16;28;Não;Não;;Não;0;41;43.2;3;Não
13629;B;BB;87334;VOLPE DES COL NEXT V2 100ml;PERFUMARIA;PERFUMARIA MASCULINA;202612;;1;2;2;8;3;2;1;4;0;3;1;4;3;1;7;4;2;2;2;2;17;0;20.0;Franqueado: Ressarcimento via BSO. Consumidor/Revendedor: Itens selecionados  com até 60% de desconto.;;;31.0;Franqueado: Ressarcimento via BSO. Revendedor: Na Beauty Week, compre itens selecionados de perfumaria Eudora (Eudora EDP, Diva, Kiss Me, Velvet, Lyra, Magnific, Club 6, Eudora H, Pulse, Intention, Impression e Volpe) com até 41% de desconto;31.0;Franqueado: Ressarcimento via BSO. Consumidor/Revendedor: Itens selecionados DESODORANTES, PERFUMARIA, CUIDADOS COM A PELE, MAQUIAGEM, CABELOS, ACESSÓRIOS, CUIDADOS FACIAIS, SABONETE CORPO, SOLAR e CUIDADOS COM A BARBA com até 63% de desconto.;Não;Não;Não;Não;Não;Não;Não;Não;6;0;14;7;3;5;22;22;Não;Não;;Não;0;41;43.2;3;Não
13629;B;BB;87330;VOLPE DES COL TRIUMPH V2 100ml;PERFUMARIA;PERFUMARIA MASCULINA;202612;;6;4;2;4;1;8;0;4;5;5;5;6;5;11;0;4;2;1;2;4;4;4;20.0;Franqueado: Ressarcimento via BSO. Consumidor/Revendedor: Itens selecionados GIFTS, INFANTIL, CABELOS, ACESSÓRIOS, PERFUMARIA, CUIDADOS COM A BARBA, SABONETE CORPO, CUIDADOS FACIAIS e CUIDADOS COM A PELE com até 52% de desconto.;;;;;;;Não;Não;Não;Não;Não;Não;Não;Não;28;0;6;0;0;0;0;0;Não;Não;;Não;0;41;0.0;0;Não
